{"type":"FeatureCollection","features":[{"type":"Feature","id":3,"geometry":{"type":"MultiPolygon","coordinates":[[[[-123.92602116837547,45.980267130027954],[-123.9259674203754,45.980575574115981],[-123.92636427001678,45.980572454782262],[-123.92641255356499,45.980300303008086],[-123.92602116837547,45.980267130027954]]],[[[-123.91120664588487,46.016320812811486],[-123.91121599734699,46.016814171753225],[-123.915643347818,46.016770919552705],[-123.91570436139212,46.01664512534483],[-123.91586961637013,46.016418349194254],[-123.91598332691542,46.016304470745254],[-123.91618525022498,46.016197088726976],[-123.91647730599855,46.016068983754458],[-123.91647013923922,46.015889738355092],[-123.91646997574584,46.015886999060434],[-123.91632305448449,46.015781230740359],[-123.91616787950231,46.015675699903106],[-123.91596018721201,46.015541509344004],[-123.91591913689847,46.015507029937382],[-123.91571423118215,46.015353550807482],[-123.91561772067959,46.015241104397582],[-123.91549467124861,46.015145891656374],[-123.91541224902466,46.015005598529889],[-123.91535341296682,46.014930474727606],[-123.9152546890154,46.014853488617099],[-123.91524019379999,46.014802049902435],[-123.9152761407844,46.014447864920392],[-123.91601724999546,46.014776221664356],[-123.91803494427703,46.015752963103672],[-123.91861220796683,46.01581715479832],[-123.91880154408263,46.015828671577829],[-123.91926531731437,46.015753469665412],[-123.91941769673937,46.015667276741652],[-123.91977616855517,46.015457933755563],[-123.91982434520386,46.015407418275032],[-123.91980532247941,46.015273792896821],[-123.91982631790422,46.014788605195911],[-123.91983322325382,46.014265411986372],[-123.91994975091586,46.013876231574393],[-123.92004257293584,46.013479233202339],[-123.92002295911992,46.013118427305329],[-123.91987831239288,46.012695123878792],[-123.91958725824084,46.01225356985546],[-123.91917212968002,46.011851014713919],[-123.91874780057412,46.011413054440922],[-123.91850134867424,46.01107172874044],[-123.91833589966015,46.010629545964704],[-123.9182430273345,46.010373761635961],[-123.92447524951818,46.01037297613928],[-123.9248127789098,46.010117303551382],[-123.92526739830879,46.009949322898891],[-123.92566509056989,46.009889461196543],[-123.92622818603104,46.009836310843518],[-123.92744080835833,46.009733248089915],[-123.92800684670033,46.009663539555923],[-123.92836185551069,46.009542074746129],[-123.92869027329039,46.009381377195204],[-123.92880835593617,46.009244240196573],[-123.92890296021366,46.009046721766346],[-123.928989594638,46.00869013962015],[-123.92925734379662,46.008064770605046],[-123.92945436769465,46.006588900148898],[-123.92947805537037,46.00602933396398],[-123.92953326313277,46.005524590752131],[-123.92955700470743,46.004537052425952],[-123.9297145431571,46.003626362912527],[-123.93001389145418,46.002238313380012],[-123.93014772336352,46.00190915274235],[-123.93037608139697,46.001448270770261],[-123.93043917187599,46.000790005529353],[-123.93051794154999,46.000466247750495],[-123.93054955236653,46.00034007324674],[-123.93057366494538,46.000164551569995],[-123.93056634547246,45.999844036304168],[-123.93058361019388,45.999787999545504],[-123.93064508190881,45.999588467936746],[-123.93080266347761,45.998765531994849],[-123.93101549502967,45.996510606292091],[-123.93102374515725,45.996363682030143],[-123.93107005241183,45.995991968745116],[-123.93126755062029,45.995070341405373],[-123.93139365073,45.994722089280266],[-123.93166943262389,45.993421786563751],[-123.93207906259683,45.991978901147803],[-123.93222524095144,45.991241010293166],[-123.93232591604365,45.990942856273612],[-123.93256740205663,45.990459221432971],[-123.93268543349846,45.99013549932485],[-123.93276552998411,45.989443697342843],[-123.93283833664128,45.989049598158097],[-123.93300828262166,45.988467672836187],[-123.93305551424268,45.988105553476849],[-123.9331028051525,45.987101518950709],[-123.93313691687878,45.986915971687139],[-123.93328698943014,45.98639536919935],[-123.93329175139949,45.986382810783887],[-123.93368529344397,45.985592853883489],[-123.93389780789073,45.984824721870844],[-123.93400800961652,45.984583324549824],[-123.93418109970041,45.98397436986015],[-123.93422050789361,45.983738415025364],[-123.93415746233033,45.983398259376379],[-123.9341496963947,45.982805732257937],[-123.93423630656451,45.982251670884395],[-123.93429917695632,45.982021190651345],[-123.93440157411892,45.981768875846811],[-123.93461408048083,45.981384794006971],[-123.93479507304428,45.980578301426007],[-123.93486583962743,45.980441091783483],[-123.93515712554482,45.980013162337322],[-123.93587321038702,45.978323376929907],[-123.93619587625395,45.977835059036885],[-123.93676251017898,45.977154738658378],[-123.93686471240714,45.976968216639278],[-123.93717166853637,45.976606123815529],[-123.93748673375767,45.976381045773387],[-123.93765595659426,45.976316838282301],[-123.93869461118364,45.976042276424067],[-123.94022903879178,45.975779008581334],[-123.94144102421356,45.975455176274544],[-123.94193668853619,45.975372902345967],[-123.94292830015078,45.975317829076545],[-123.94322701603387,45.975317870904654],[-123.94544606678807,45.975509769321924],[-123.94601333941527,45.975546690940114],[-123.9468230242185,45.975520762591003],[-123.94760997805179,45.975465607061182],[-123.9485699357307,45.97542732816224],[-123.94945906214778,45.975454505153103],[-123.95089134681658,45.975547523753605],[-123.95141045357485,45.975547393275356],[-123.95163864991153,45.975520120812405],[-123.95215752220953,45.975423619824198],[-123.95249651495671,45.975355285223607],[-123.95344855757968,45.975146792938084],[-123.9542194612138,45.974910681863975],[-123.95477042852026,45.974669221962337],[-123.95499064781721,45.974614186700244],[-123.95529727606133,45.974575824179674],[-123.95563229466173,45.97447658020068],[-123.95581344892192,45.974419437698621],[-123.95582833310785,45.974415030689421],[-123.95586027360611,45.974404667754769],[-123.95622088251399,45.97429091757882],[-123.95622080525885,45.974287698625453],[-123.95621393314694,45.97400191899802],[-123.95661489078412,45.973884701164309],[-123.9565540586697,45.973783545534246],[-123.95621109087737,45.973883809640078],[-123.95619534161382,45.973228945611332],[-123.95463596868852,45.973514158598228],[-123.95421247681246,45.973591612416463],[-123.95417256107112,45.973485511627345],[-123.95347536151112,45.973613022218252],[-123.95349531848349,45.973666073140407],[-123.9534740086483,45.973669774728613],[-123.9534464258775,45.973673992004116],[-123.95340938025349,45.973678658164694],[-123.95337208130459,45.97368222552349],[-123.95334085586533,45.973684352578182],[-123.95331894505723,45.973685384577436],[-123.95329072897415,45.97368615373837],[-123.95326249312812,45.973686296083081],[-123.9532374004873,45.97368589714327],[-123.95322173027549,45.973685397063797],[-123.95320294560459,45.973684541122537],[-123.95318106893247,45.973683192593583],[-123.95205103591576,45.973603349006993],[-123.95127657944468,45.973897649491171],[-123.9504685960506,45.974204685648608],[-123.9482454004697,45.974564863187076],[-123.94612968292266,45.9745005124961],[-123.94604315988944,45.974501970883658],[-123.94603056461082,45.97409072841382],[-123.94514590461735,45.974105640785034],[-123.94513507452828,45.973751618534941],[-123.94563723097546,45.973447698352288],[-123.9456225039947,45.972955739465739],[-123.94558306436048,45.972956187732649],[-123.945576353047,45.972736858042659],[-123.94556650930809,45.972415349820594],[-123.94517242288453,45.972143056187214],[-123.94473812337726,45.972113891556347],[-123.94420831948058,45.972138030903842],[-123.94426452167802,45.972334954367774],[-123.9442614763892,45.972332994582771],[-123.9442571797472,45.97233157734415],[-123.94423786596859,45.972325206637493],[-123.94421810033739,45.972323509072574],[-123.94417208323866,45.972324616641608],[-123.94413794905448,45.972323932371232],[-123.94411095557851,45.972320492289157],[-123.94409093841904,45.972311746613094],[-123.94407076674933,45.9723004598941],[-123.94405054387565,45.972288325326275],[-123.94402688584434,45.972279689528051],[-123.94401103327451,45.972279311805522],[-123.94400157131965,45.972283839481278],[-123.94399226207832,45.972290906950164],[-123.94398569449531,45.972302990322014],[-123.94398145624379,45.972313304327471],[-123.94397352052655,45.972322880992238],[-123.94396695923173,45.972326822414587],[-123.94396142920284,45.972328459418989],[-123.94395129710475,45.972329066896215],[-123.9439385814519,45.97232952703056],[-123.94391871251445,45.9723269703818],[-123.94388909146627,45.97231605202321],[-123.94386080172134,45.972291420777594],[-123.94383905261,45.972274239085053],[-123.94381350182839,45.972254621231748],[-123.94378071152389,45.972236068487497],[-123.9437413051273,45.972228750653116],[-123.94372798580659,45.972229994953494],[-123.94371012011221,45.97223646868644],[-123.94368353716634,45.972239805758385],[-123.94365558428962,45.972240637372956],[-123.94364575941538,45.972239233242945],[-123.9436306039382,45.972230343332647],[-123.9436197424081,45.972211988494628],[-123.94361536581604,45.972201668851227],[-123.94361158211207,45.97219202348856],[-123.94359974770653,45.972183714203027],[-123.94356696099526,45.972165160186357],[-123.94354066640859,45.972157752438228],[-123.94341610870624,45.972147586995796],[-123.94339785314305,45.972147267959947],[-123.94336746673025,45.972148171374577],[-123.94334078586799,45.972149812754594],[-123.94332038422958,45.972154665720119],[-123.94330500058032,45.972161913014311],[-123.94329204687394,45.972169092254887],[-123.94328299634745,45.972180400852444],[-123.9432713092656,45.972188389229878],[-123.94326068668737,45.972193799099514],[-123.94324620315005,45.972195926835759],[-123.94323035237686,45.972195549736966],[-123.94321434619512,45.972192629718634],[-123.94319347833108,45.972189852673019],[-123.94316393723294,45.972181459726158],[-123.94313891645733,45.972173644913141],[-123.94311424692299,45.972168436077709],[-123.94309620156557,45.97216811392029],[-123.94306627778515,45.972160522617749],[-123.94303918190124,45.972155386204101],[-123.94301435606005,45.972147631948019],[-123.9429946515143,45.972143973961614],[-123.94297990926216,45.972141865577797],[-123.94296537991073,45.972143145467285],[-123.94295850240893,45.972150143652833],[-123.9429529984312,45.972159644801117],[-123.94294552354972,45.972176848380997],[-123.94293239018026,45.972192695898229],[-123.94292965211528,45.972196001131714],[-123.94291087912246,45.972207595669495],[-123.94290093028069,45.972214654407402],[-123.94288339606467,45.97221605479195],[-123.94286025186969,45.972215894962055],[-123.94283928069937,45.972211423470959],[-123.94280742374444,45.972208125106071],[-123.942785497665,45.972207927816029],[-123.94275066459154,45.972215753862251],[-123.94272571568115,45.972225836255568],[-123.94270958283697,45.972240750377587],[-123.94269228487786,45.972256547929767],[-123.94267371849756,45.972271533217693],[-123.94265024102762,45.972285815500719],[-123.94261404161662,45.972291137953988],[-123.94257768679708,45.972293914994488],[-123.94253747910327,45.972293414278148],[-123.94251741073981,45.972294603635618],[-123.94250222112669,45.972298124882769],[-123.94248199196478,45.972307050369288],[-123.94246617353096,45.972318806586408],[-123.94225871749757,45.971995987949398],[-123.94177929471527,45.971843923979314],[-123.9413020485509,45.972027221697331],[-123.940653485577,45.97248184751669],[-123.94044874784566,45.972507551904698],[-123.94011020245948,45.972647111208495],[-123.94021217112569,45.972813247843114],[-123.94024956978761,45.972988112693173],[-123.94026181741819,45.973410337060557],[-123.94017584684887,45.973528977476597],[-123.93982337667748,45.973858826976922],[-123.93961939622591,45.973866513567209],[-123.93962135814648,45.974506851737019],[-123.93961196805681,45.974507075864217],[-123.9395797293179,45.973857643271913],[-123.93853792164187,45.97388278326337],[-123.93887854842458,45.974355079971268],[-123.93912272129857,45.974693840288566],[-123.93939665895121,45.975116812052349],[-123.93925627383187,45.975161833006929],[-123.93809957163099,45.97551416875244],[-123.93833983054532,45.975889844617392],[-123.93832610967766,45.975894014901826],[-123.93814773749989,45.975618784822096],[-123.93811162073391,45.975626720886929],[-123.93805913576512,45.97554465260724],[-123.93611005480496,45.974073119623981],[-123.93486931161598,45.972397689302731],[-123.93465739904047,45.972399475520746],[-123.93407950473336,45.972404345945741],[-123.93359517894623,45.972408424091292],[-123.9331270614618,45.972602169996961],[-123.93309944635165,45.972589103992938],[-123.93306357931729,45.972572130919424],[-123.93288615037058,45.972502768895346],[-123.93269387137393,45.972448082979646],[-123.93259036030034,45.972439027030276],[-123.93254572840378,45.972437082857262],[-123.93247916683447,45.972432125652865],[-123.93244586449028,45.972425176825311],[-123.93239192065744,45.972413919473084],[-123.93233070855568,45.972388012757513],[-123.93226302139733,45.972364608359968],[-123.93217451039239,45.972325649290504],[-123.93212005182494,45.972301852784476],[-123.93203280564791,45.972283647186181],[-123.93197919149678,45.97227368530001],[-123.93193605978676,45.972272653898791],[-123.93184937595511,45.972263672216606],[-123.9318052605898,45.972246498007472],[-123.93173855888332,45.972239233242945],[-123.93166911192536,45.97224129042759],[-123.93160571691742,45.972233928266093],[-123.93154492792215,45.972214939104383],[-123.93148427636912,45.972198256232332],[-123.93141127926914,45.972166925808814],[-123.93135840532982,45.972144233685505],[-123.93130957740254,45.972104098210593],[-123.93128157691514,45.972079517442033],[-123.93125618064376,45.972043309002977],[-123.93123394913709,45.972004696839377],[-123.93123171682362,45.971998118814952],[-123.93121971263646,45.971962763793179],[-123.93121376129771,45.971945233617767],[-123.93121310642587,45.971940893840227],[-123.93120961826762,45.971917790809357],[-123.931208206116,45.971908437587913],[-123.93120933260337,45.971896947252141],[-123.93121024978326,45.971887586535118],[-123.9312121497201,45.971864429164491],[-123.93121707697942,45.971836563638],[-123.93121468925742,45.971797363826127],[-123.9312123015354,45.971758163986507],[-123.93120910353298,45.971705683133344],[-123.93120850705162,45.971695905323934],[-123.93120196911296,45.971642966769146],[-123.93119901814728,45.971594543408976],[-123.93118474212078,45.971523354580711],[-123.93117968370741,45.971440343703712],[-123.93117384825135,45.97139893530418],[-123.93117223397876,45.971387135811966],[-123.93307834672224,45.971371088898195],[-123.93406146476583,45.971362808209335],[-123.93479363573985,45.971356635308723],[-123.93485008048241,45.971356159557679],[-123.93494625052345,45.971355348533237],[-123.93514287197621,45.971353690272309],[-123.93514695841243,45.971589189047307],[-123.93514795644073,45.971646703455704],[-123.93514833283481,45.971668318169073],[-123.93515091459295,45.971817144794151],[-123.93515131524158,45.971840186681703],[-123.93534794298253,45.971838527186634],[-123.93535758010889,45.972393571199071],[-123.93537908757341,45.972393390142351],[-123.935947452552,45.972388594012088],[-123.93593781362901,45.971833551822776],[-123.93593054895332,45.97141560905181],[-123.93592816931611,45.971278510314448],[-123.93591863998759,45.970730105103513],[-123.93591626484198,45.970593000298827],[-123.93590673551344,45.970044592046484],[-123.935904352283,45.969907496159024],[-123.93589482385276,45.969359087987293],[-123.93573620113654,45.969360427256042],[-123.93572786387239,45.969360497185249],[-123.93565755273511,45.969361090958927],[-123.93563826231269,45.967804660288195],[-123.93571690262928,45.96780345834663],[-123.93569815029774,45.966951135325075],[-123.93564505177959,45.964537575578277],[-123.93563843029763,45.964236635795714],[-123.93563344015624,45.96400985961634],[-123.93559034797204,45.962050824459546],[-123.93555997054239,45.960669882077624],[-123.93553597294792,45.959578897360366],[-123.9355325225189,45.959422030774192],[-123.93548122063136,45.957089515573131],[-123.93545778178894,45.956023825163683],[-123.93542415515293,45.954494765998469],[-123.93540317499945,45.953540759579695],[-123.93142410182149,45.953543495715628],[-123.93126611690911,45.953543601263917],[-123.93089208896754,45.952948909771123],[-123.93089055913659,45.952946476513844],[-123.9308890311023,45.952944040758261],[-123.93088750306799,45.952941605002565],[-123.93088598132189,45.952939168622244],[-123.93088445777917,45.95293673099269],[-123.93088293782972,45.952934293362979],[-123.93088141967688,45.952931855733212],[-123.9308799033207,45.952929415605126],[-123.93087838876112,45.952926977350586],[-123.93087687509988,45.95292453597316],[-123.93087536593019,45.952922095844706],[-123.93087385676051,45.952919654467117],[-123.93087235028577,45.952917212464797],[-123.93087084560767,45.952914770462378],[-123.93086934272621,45.952912327210768],[-123.93086784253968,45.952909883334499],[-123.93086634504812,45.952907438833542],[-123.93086484845485,45.952904993083401],[-123.93086335186159,45.952902549206804],[-123.9308618597599,45.952900102207323],[-123.93086036945482,45.952897655832295],[-123.9308588809464,45.952895208832594],[-123.93085739423462,45.952892761208275],[-123.93085590842112,45.952890312334709],[-123.93085442620091,45.952887864085568],[-123.93085294577733,45.952885414587222],[-123.93085146715039,45.952882963215131],[-123.93084998942173,45.952880512467488],[-123.93084851438802,45.952878061719701],[-123.93084704204929,45.952875610347277],[-123.93084557060884,45.952873157101067],[-123.93084410186334,45.952870705103862],[-123.93084263401619,45.95286825060834],[-123.93084116976227,45.952865796737278],[-123.93083970640667,45.952863341616982],[-123.93083824574602,45.952860886496566],[-123.930836786882,45.952858430126973],[-123.93083532981461,45.952855973132692],[-123.93083387454385,45.952853516138269],[-123.93083242196803,45.952851059143782],[-123.93083097029054,45.952848601524614],[-123.930829521308,45.952846142656256],[-123.93082807412205,45.952843683163181],[-123.93082662963108,45.952841223045482],[-123.9308251860384,45.952838762303152],[-123.9308237451407,45.952836301560673],[-123.93082230603963,45.952833840193513],[-123.93082086873517,45.952831377577162],[-123.93081943232902,45.952828914336138],[-123.93081799951615,45.952826451719567],[-123.9308165693982,45.952823988478322],[-123.93081514017858,45.952821522738752],[-123.93081371275559,45.95281905824816],[-123.93081228712923,45.952816593132937],[-123.93081086329953,45.952814126143963],[-123.93080944306307,45.952811659154833],[-123.93080802372492,45.952809192790149],[-123.93080660708172,45.952806724551714],[-123.93080519133683,45.952804256313179],[-123.93080377649024,45.952801787449943],[-123.93080236613527,45.952799317337536],[-123.93080095757688,45.95279684784952],[-123.93079954901852,45.952794376487759],[-123.93079814405343,45.952791905750452],[-123.93079673998665,45.952789433763904],[-123.93079534041142,45.952786962401802],[-123.93079393993789,45.952784489790517],[-123.93079254215931,45.952782015929984],[-123.93079114707569,45.952779542069344],[-123.93078975468698,45.95277706758403],[-123.93078836409492,45.952774593098603],[-123.93078697350286,45.952772116739418],[-123.93078558650406,45.952769641004643],[-123.93078420040356,45.95276716464523],[-123.93078281699805,45.952764687036634],[-123.93078143628746,45.952762210052434],[-123.93078005827181,45.952759731819],[-123.93077868115448,45.952757253585496],[-123.93077730403715,45.95275477347819],[-123.93077593051309,45.952752292746212],[-123.93077455968394,45.952749813887813],[-123.93077319065145,45.952747332531089],[-123.93077182251729,45.952744850549685],[-123.93077045887468,45.952742368568181],[-123.93076909433377,45.952739885961989],[-123.93076773428443,45.952737402731117],[-123.9307663751334,45.952734918875628],[-123.93076501688067,45.952732435019968],[-123.93076366222124,45.952729950539684],[-123.9307623084601,45.952727465434727],[-123.93076095649559,45.952724979705096],[-123.93075960812435,45.952722493975379],[-123.93075826065143,45.95272000637182],[-123.93075691587346,45.952717518768203],[-123.93075557199379,45.952715031164459],[-123.93075423080907,45.952712542936098],[-123.93075289231929,45.952710054083006],[-123.93075155382952,45.952707563980717],[-123.93075021983132,45.95270507450283],[-123.93074888583314,45.952702584400321],[-123.9307475554282,45.952700093048612],[-123.93074622681988,45.952697601696741],[-123.9307448991099,45.952695109095686],[-123.93074357319652,45.95269261711902],[-123.93074224997814,45.952690123268596],[-123.93074092945466,45.952687630042625],[-123.93073961072784,45.952685136816548],[-123.93073829379762,45.952682641716699],[-123.93073697866404,45.952680145992183],[-123.9307356662254,45.952677649642979],[-123.93073435468507,45.952675153918236],[-123.93073304583973,45.952672656944237],[-123.93073173879098,45.952670159970175],[-123.93073043443719,45.952667662995964],[-123.93072913008339,45.952665163523413],[-123.9307278302212,45.95266266592445],[-123.93072653125731,45.952660166451672],[-123.93072523409,45.952657666354213],[-123.93072393961769,45.952655166881264],[-123.930722646942,45.952652665534494],[-123.93072135606295,45.952650163563042],[-123.9307200669805,45.952647662216059],[-123.93071878059301,45.95264515961982],[-123.93071749600215,45.95264265639895],[-123.93071621320793,45.952640153802477],[-123.93071493221035,45.95263764995682],[-123.930713654806,45.952635145486468],[-123.93071237740166,45.952632640391442],[-123.93071110179397,45.952630134671793],[-123.93070982888121,45.95262762957654],[-123.93070855866341,45.952625123232082],[-123.93070729114052,45.95262261626295],[-123.93070602451598,45.952620108669144],[-123.93070476058638,45.952617600450694],[-123.93070349665678,45.952615092232087],[-123.93070223632043,45.952612584013366],[-123.93070097778072,45.952610073296356],[-123.93069972103761,45.95260756445284],[-123.93069846609116,45.952605053735603],[-123.9306972156363,45.952602543018209],[-123.93069596428312,45.952600031051617],[-123.93069471652319,45.952597520333995],[-123.93069346966156,45.952595007742602],[-123.93069222639319,45.952592495151094],[-123.93069098402319,45.952589981934949],[-123.93068974344978,45.952587467469506],[-123.9306885055713,45.952584954253147],[-123.93068726948948,45.952582438538393],[-123.93068603520427,45.952579922823524],[-123.93068480181738,45.952577407733109],[-123.93068357292206,45.952574891393446],[-123.93068234582339,45.952572374429145],[-123.93068111962305,45.952569858089255],[-123.93067989611762,45.952567339875593],[-123.93067867351053,45.952564822910958],[-123.93067745359838,45.952562303447927],[-123.93067623548285,45.952559783984839],[-123.93067501916396,45.952557265146154],[-123.93067380643834,45.952554745058258],[-123.930672594611,45.952552224970255],[-123.93067138547863,45.952549702383862],[-123.93067017724455,45.952547182295625],[-123.93066897170546,45.952544659709055],[-123.9306677688613,45.952542137746889],[-123.93066656601712,45.952539614535517],[-123.93066536676623,45.952537091948599],[-123.93066416931195,45.952534566863299],[-123.93066297545093,45.952532043651573],[-123.93066178158993,45.952529519190655],[-123.93066058952554,45.952526993480447],[-123.9306594001561,45.952524467770154],[-123.93065821348161,45.952521942059754],[-123.93065702770544,45.952519415100106],[-123.9306558446242,45.952516888764904],[-123.93065466333961,45.952514359931357],[-123.93065348385166,45.952511832346843],[-123.93065230885524,45.952509303513068],[-123.93065113385886,45.952506775303704],[-123.93064995976077,45.952504244596049],[-123.93064878925595,45.952501715137359],[-123.93064762054779,45.952499185053988],[-123.93064645363624,45.952496654345985],[-123.9306452885213,45.952494122388721],[-123.93064412610131,45.952491591680484],[-123.93064296457969,45.952489058473859],[-123.93064180575296,45.952486526516246],[-123.93064065051949,45.952483993934003],[-123.93063949528606,45.952481460102469],[-123.93063834364584,45.952478925646282],[-123.93063719290394,45.95247639181455],[-123.93063604395871,45.952473856733569],[-123.93063489860673,45.952471321652517],[-123.93063375415306,45.952468785322175],[-123.93063261239433,45.952466249616322],[-123.9306314706356,45.952463712661213],[-123.93063033247014,45.952461175705949],[-123.93062919699963,45.952458638750606],[-123.93062806332573,45.952456099921498],[-123.93062693144847,45.95245356109222],[-123.93062580136785,45.952451022887445],[-123.93062467218554,45.952448482184273],[-123.9306235474948,45.952445943354697],[-123.93062242370236,45.952443402651298],[-123.93062130170659,45.952440861947778],[-123.93062018240576,45.952438321244138],[-123.93061906490153,45.952435778666732],[-123.93061795009226,45.952433237962914],[-123.93061683528299,45.952430694760686],[-123.930615724067,45.952428152182932],[-123.9306146146476,45.952425608355924],[-123.93061350702487,45.952423065153347],[-123.93061240119876,45.95242052070158],[-123.93061129896587,45.952417976249642],[-123.93061019763137,45.952415430548506],[-123.93060909809346,45.952412885471801],[-123.9306080012505,45.952410339770424],[-123.93060690530586,45.952407794068932],[-123.93060581385278,45.952405246493662],[-123.93060472239971,45.952402699542837],[-123.93060363453989,45.952400151967282],[-123.93060254668009,45.952397603767082],[-123.93060146241352,45.952395054942251],[-123.9306003790453,45.952392506741823],[-123.93059930016867,45.952389956667574],[-123.93059821949537,45.95238740721782],[-123.93059714331365,45.952384857143322],[-123.9305960698269,45.952382306444193],[-123.93059499634013,45.952379755120376],[-123.93059392734494,45.952377204421005],[-123.93059285745143,45.952374651223295],[-123.93059179204951,45.952372099274555],[-123.93059072844422,45.952369546701178],[-123.93058966663554,45.952366993503105],[-123.93058860572519,45.952364439680359],[-123.93058754840808,45.952361885857485],[-123.93058649288763,45.952359331409923],[-123.9305854382655,45.952356776962247],[-123.93058438813493,45.952354221889927],[-123.93058333710606,45.952351666192868],[-123.93058228967043,45.952349109871179],[-123.93058124403142,45.952346554173928],[-123.93058020018907,45.95234399722743],[-123.93057915994,45.952341439656294],[-123.93057811969088,45.95233888208498],[-123.93057708123841,45.952336323889035],[-123.93057604637919,45.952333766317501],[-123.93057501241829,45.952331206872174],[-123.930573982949,45.952328647426732],[-123.93057295437799,45.95232608798117],[-123.93057192670531,45.952323527286389],[-123.93057090172759,45.952320967216025],[-123.93056987944477,45.952318405896449],[-123.93056885895862,45.952315844576702],[-123.93056783937077,45.952313283256885],[-123.9305668233762,45.952310720687812],[-123.93056580917825,45.952308158743186],[-123.93056479587858,45.95230559554934],[-123.93056378617221,45.952303032355346],[-123.93056277646585,45.952300469161266],[-123.93056177125104,45.952297904093371],[-123.93056076693453,45.952295339649908],[-123.93055976531301,45.952292774581771],[-123.93055876458976,45.952290209513514],[-123.93055776745979,45.952287643820561],[-123.93055677032984,45.952285077502964],[-123.93055577769145,45.952282511809784],[-123.93055478505306,45.952279944867378],[-123.93055379690624,45.952277377300284],[-123.9305528078611,45.952274809733076],[-123.93055182240927,45.952272241541174],[-123.93055083875402,45.952269672724633],[-123.93054985779372,45.952267103907921],[-123.93054887863006,45.952264535091153],[-123.93054790216135,45.952261965649626],[-123.93054692479433,45.952259395583468],[-123.9305459528172,45.952256826141756],[-123.93054498263668,45.952254254201691],[-123.93054401425279,45.952251683510596],[-123.93054304586893,45.952249112194814],[-123.9305420810783,45.952246540254393],[-123.93054111988096,45.952243968313802],[-123.93026127131377,45.951495354284582],[-123.93021390494546,45.951368641570163],[-123.9302132419888,45.951366866540845],[-123.93021257723545,45.951365089637768],[-123.93021191248215,45.951363313983698],[-123.93019333442378,45.951313614385192],[-123.93010108463061,45.950989068802663],[-123.93010048186105,45.950987008955046],[-123.93009987190499,45.950984949107415],[-123.93009925835565,45.950982889884244],[-123.93009863761976,45.950980830660995],[-123.93009801239234,45.950978773935965],[-123.93009738087669,45.95097671721085],[-123.93009674397118,45.950974661110251],[-123.93009610257403,45.950972606258745],[-123.93009545488873,45.950970551407117],[-123.93009480091521,45.95096849842917],[-123.93009414065345,45.950966446075732],[-123.93009347500183,45.950964394971344],[-123.93009280485863,45.950962343866891],[-123.93009212932553,45.950960293386927],[-123.93009144750425,45.950958244156027],[-123.93009075849642,45.950956196798799],[-123.93009006769198,45.950954149441493],[-123.93008936790437,45.950952103957832],[-123.93008866362517,45.950950058474092],[-123.93008795485441,45.950948014239401],[-123.9300872379988,45.950945971253851],[-123.93008651844828,45.950943928892777],[-123.9300857908129,45.950941887780729],[-123.93008505958426,45.950939847293213],[-123.9300843220674,45.950937807430201],[-123.93008357826234,45.950935768816286],[-123.93008282996574,45.950933731451421],[-123.93008207538087,45.950931694711059],[-123.93008131540616,45.950929659219767],[-123.93008054914321,45.950927624977552],[-123.9300797783887,45.950925591359855],[-123.93007900224428,45.950923559615802],[-123.93007821891335,45.950921527247125],[-123.93007743109088,45.950919497376631],[-123.93007663877677,45.950917467506059],[-123.9300758401745,45.950915440133763],[-123.93007503528402,45.950913412761345],[-123.93007422590193,45.950911386638019],[-123.93007341023167,45.950909361139217],[-123.93007258917147,45.950907338138627],[-123.93007176361974,45.950905314513378],[-123.93007093177977,45.950903293386361],[-123.93007009454995,45.950901272259323],[-123.93006925013357,45.950899253005858],[-123.93006840122564,45.95089723437696],[-123.9300675478261,45.950895217621664],[-123.93006668813838,45.950893201490913],[-123.93006582216245,45.950891185984645],[-123.93006495259326,45.950889172351999],[-123.93006407673585,45.950887159343871],[-123.93006319548856,45.950885148209437],[-123.93006230705474,45.95088313894864],[-123.93006141592598,45.950881129063184],[-123.93006051761067,45.950879121051408],[-123.93005961300722,45.950877114913233],[-123.93005870481043,45.95087510877503],[-123.93005779122379,45.950873104510464],[-123.93005686955232,45.950871101495011],[-123.93005594428759,45.950869099104018],[-123.93005501273466,45.950867098586706],[-123.93005407758842,45.950865099318456],[-123.930053136154,45.950863101923893],[-123.93005218753306,45.950861103904671],[-123.93005123531886,45.950859109008221],[-123.93005027681646,45.950857114736337],[-123.93004931382247,45.950855121713495],[-123.93004834364194,45.950853130564298],[-123.93004736986821,45.950851139415036],[-123.93004639070453,45.950849150139462],[-123.93004540525267,45.950847162737531],[-123.93004441261429,45.950845175335516],[-123.93004341728093,45.950843191056336],[-123.93004241476109,45.950841207401623],[-123.93004140774967,45.950839224371464],[-123.93004039534834,45.95083724259036],[-123.93003937755714,45.950835262682915],[-123.93003835437599,45.950833284024561],[-123.930037325805,45.950831307864398],[-123.93003629094581,45.950829331704206],[-123.93003525159502,45.950827356793113],[-123.93003420685433,45.950825384380217],[-123.93003315762208,45.950823411967292],[-123.930032100305,45.950821442677146],[-123.93003103849634,45.950819473386922],[-123.9300299721961,45.950817505970392],[-123.93002890050595,45.950815539802917],[-123.93002782342592,45.950813574884549],[-123.93002674095601,45.95081161246442],[-123.9300256521979,45.950809651293341],[-123.93002455984649,45.950807690746785],[-123.93002346210523,45.950805731449329],[-123.92985170601952,45.950500360008668],[-123.92985038639438,45.950498029075064],[-123.9298490586844,45.95049569876592],[-123.92984771839799,45.95049337282876],[-123.92984636643348,45.950491048140684],[-123.92984500548582,45.950488728449145],[-123.92984363286007,45.950486411880426],[-123.92984224945452,45.950484097809863],[-123.92984085616754,45.950481786862177],[-123.92983944940579,45.950479479037298],[-123.92983803455921,45.950477175584318],[-123.92983660713622,45.950474872755876],[-123.9298351707301,45.950472574923985],[-123.92983372174756,45.95047028083944],[-123.92983226288352,45.950467989877765],[-123.92983079323972,45.950465701414274],[-123.92982931371445,45.950463417322766],[-123.92982782161275,45.950461136978674],[-123.92982632052792,45.950458858508206],[-123.9298248086633,45.9504565844097],[-123.9298232860189,45.950454312809413],[-123.92982175079806,45.950452046205719],[-123.92982020749241,45.950449781475619],[-123.92981865250864,45.950447521742113],[-123.92981708674512,45.950445263882287],[-123.92981551199843,45.950443011018962],[-123.9298139246753,45.9504407612785],[-123.92981232836904,45.950438515285398],[-123.92981071948637,45.950436271790522],[-123.92980910251887,45.9504340339168],[-123.92980747477155,45.950431799165891],[-123.92980583624448,45.95042956753781],[-123.92980418603931,45.950427339657089],[-123.92980252685098,45.950425116148381],[-123.92980085778119,45.950422896387032],[-123.92979917523665,45.950420679748554],[-123.9297974855056,45.950418466857457],[-123.92979578409647,45.950416258338301],[-123.92979407190754,45.950414054815717],[-123.92979235073545,45.950411853791401],[-123.92979061788525,45.950409657139055],[-123.92978887695024,45.95040746360953],[-123.92978712254049,45.950405274451974],[-123.92978536094422,45.950403090291005],[-123.92978358677153,45.950400909252842],[-123.92978180451401,45.950398731962075],[-123.9297800105784,45.950396560292468],[-123.92977820676128,45.950394391121101],[-123.92977639306275,45.950392226321746],[-123.92977456948272,45.950390067143488],[-123.92977273602123,45.950387909838923],[-123.92977089088164,45.950385757530917],[-123.9297690367589,45.950383610219482],[-123.92976717275467,45.950381466655465],[-123.92976529797066,45.950379327463416],[-123.92976341510183,45.950377192643387],[-123.9297615214532,45.950375062195327],[-123.9297596161265,45.950372935494642],[-123.92975770361325,45.95037081379057],[-123.92975577762529,45.950368695209328],[-123.92975384445079,45.950366582249202],[-123.92975190049654,45.950364473036551],[-123.92974994666078,45.950362368820414],[-123.92974798384189,45.950360269600893],[-123.92974601114152,45.950358172879568],[-123.92974402766137,45.95035608302863],[-123.92974203519807,45.950353996925038],[-123.92974003105668,45.950351913944317],[-123.92973801972873,45.950349837209366],[-123.92973599851936,45.950347764221789],[-123.92973396653019,45.950345696230777],[-123.92973192555786,45.950343633236351],[-123.92972987290743,45.950341573364803],[-123.9297278130705,45.950339519114372],[-123.92972574245375,45.950337469235969],[-123.92972366195556,45.95033542497869],[-123.92972157337253,45.950333384468834],[-123.9297194740097,45.95033135082933],[-123.92971736656203,45.950329319063492],[-123.92971524743628,45.950327294167998],[-123.92971312022568,45.950325273019907],[-123.92971098223533,45.950323258117571],[-123.92970883795674,45.950321245713482],[-123.92970668200006,45.950319240179759],[-123.92970451706023,45.950317239018005],[-123.9297023413406,45.95031524222825],[-123.92970015843449,45.950313251059661],[-123.92969796564685,45.950311264887702],[-123.92969576297779,45.950309283712272],[-123.92969355042723,45.950307306908876],[-123.92969133069016,45.950305336351249],[-123.92968910017332,45.950303370790195],[-123.92968686157164,45.950301408352004],[-123.92968461219019,45.95029945215957],[-123.92968235562216,45.950297501588267],[-123.9296800882744,45.950295556638196],[-123.9296778137401,45.950293616060108],[-123.92967552752771,45.9502916804786],[-123.92967323412877,45.950289750518273],[-123.92967093084837,45.950287824929944],[-123.92966861948315,45.950285906211981],[-123.92966629823647,45.950283990616875],[-123.92966396980324,45.950282081892084],[-123.92966163059023,45.950280178163915],[-123.92965928239407,45.950278279432354],[-123.92965692611308,45.950276386946513],[-123.92965455995065,45.950274498832712],[-123.92965218660166,45.950272616340094],[-123.92964980337121,45.950270739468621],[-123.9296474111576,45.950268868842969],[-123.92964501085918,45.950267002589321],[-123.92964260157757,45.950265141956848],[-123.92964018421117,45.950263286945514],[-123.92963775606493,45.950261437555419],[-123.92963532163051,45.950259593161917],[-123.92963287821294,45.950257755638738],[-123.92963042581222,45.950255922487607],[-123.92951160564959,45.950167405262107],[-123.92950918558823,45.950165629569717],[-123.9295067277976,45.950163878860636],[-123.92950423317605,45.950162155008606],[-123.92950170262192,45.950160456764486],[-123.92949913703343,45.950158784128234],[-123.92949653551237,45.950157139598268],[-123.92949389805872,45.950155521300722],[-123.92949122646905,45.950153931109476],[-123.92948852254005,45.950152369024437],[-123.92948578447508,45.950150833796506],[-123.92948301496905,45.950149327923938],[-123.92948021402199,45.950147851406804],[-123.92947738073559,45.950146404869727],[-123.92947451690645,45.950144987063425],[-123.92947162253462,45.950143599237158],[-123.92946869941667,45.950142241390907],[-123.92946574755265,45.95014091352467],[-123.92946276784087,45.950139617512221],[-123.92945976207793,45.950138352104339],[-123.92945672756889,45.950137118550259],[-123.92945366880534,45.950135916849931],[-123.92945058399066,45.950134745754212],[-123.92944747312484,45.950133608386011],[-123.92944434069943,45.950132501622456],[-123.92944118401952,45.950131429211005],[-123.92943800488173,45.950130388028775],[-123.92943480238775,45.95012938119865],[-123.92943158102914,45.950128407471482],[-123.92942833900929,45.950127466847313],[-123.92942507542988,45.950126560575214],[-123.9294217938841,45.95012568865527],[-123.92941849347376,45.950124850462885],[-123.92941517689376,45.950124045998059],[-123.92941184324572,45.950123276509949],[-123.9294084925297,45.950122541373958],[-123.92940512744065,45.950121842463851],[-123.92940174708023,45.950121176656779],[-123.9293983541434,45.950120547700102],[-123.92939494683354,45.9501199543448],[-123.92939152784555,45.950119394092461],[-123.9293880971795,45.950118871315169],[-123.92938465573364,45.95011838476379],[-123.92938120440631,45.950117931939985],[-123.92937774319752,45.950117516591241],[-123.92937427570055,45.950117136843808],[-123.92937079832208,45.950116792697685],[-123.92936731465539,45.950116485402084],[-123.92936382380221,45.950116213083199],[-123.92936032845742,45.950115978239417],[-123.92935682862108,45.950115778372314],[-123.92935332519147,45.950115615980316],[-123.92934981727029,45.950115490438826],[-123.92934630755246,45.950115401123249],[-123.92934279873297,45.950115348033542],[-123.92933928542189,45.95011533054516],[-123.92933577390747,45.95011535115647],[-123.92933226239302,45.950115406744516],[-123.92932875447181,45.950115499807609],[-123.92932524744896,45.950115628472034],[-123.92932174312104,45.950115794611506],[-123.92931824328467,45.950115995727764],[-123.92931474883825,45.950116233694516],[-123.92931125978167,45.950116509136329],[-123.929307776115,45.950116818930269],[-123.92930430053318,45.95011716619927],[-123.92930083213784,45.950117548445036],[-123.92929737092905,45.95011796754131],[-123.92929392050006,45.950118422238894],[-123.92929048085082,45.95011891066401],[-123.92928723254278,45.950119391594129],[-123.92905634934506,45.95015355573436],[-123.92902842431614,45.95004555753048],[-123.92898522074088,45.949889299786257],[-123.92898515336722,45.949889059944823],[-123.92896172710125,45.949919116944287],[-123.92889026342546,45.949951979569867],[-123.92879508871772,45.949957359757249],[-123.92873073341079,45.949925956169501],[-123.92869766373022,45.949865442425718],[-123.92869392763694,45.949804059189212],[-123.92868796551841,45.949731895480902],[-123.92869375875368,45.949691402116905],[-123.92869056973443,45.949639018405279],[-123.92868702677895,45.949580814708987],[-123.92868490136499,45.949545891962181],[-123.92867541515557,45.949506901853951],[-123.92865561808335,45.949476787793067],[-123.92857768833412,45.949432448003435],[-123.92849354044651,45.949423277738539],[-123.92840175867563,45.949425995964603],[-123.92828873534151,45.949429341905848],[-123.92827660000034,45.949429701046419],[-123.92809374073774,45.949446777398144],[-123.92800160413231,45.949443674424323],[-123.92793414424774,45.949434008859562],[-123.92787361037401,45.949400815517407],[-123.92783740197987,45.949355240221706],[-123.92780776566033,45.949280315848171],[-123.92782748547744,45.949192268009249],[-123.92793509107206,45.949037478160278],[-123.92797362250954,45.948983859626289],[-123.9279954668423,45.948930735722001],[-123.92803747296328,45.948870308335486],[-123.92804431363416,45.948847076384375],[-123.92804073474611,45.948788250379913],[-123.92802037802346,45.948755543214382],[-123.92799331088561,45.94873328434231],[-123.9279334022393,45.948714560699557],[-123.92786725030177,45.94871395608638],[-123.92780140918137,45.948718468199473],[-123.92773587977634,45.948728094539142],[-123.92767783782919,45.948740061878397],[-123.92759686548611,45.948737334874281],[-123.92752228914786,45.948719044080967],[-123.92745747031022,45.948679965947001],[-123.92742564838957,45.94863991215837],[-123.92741122593772,45.948583970970148],[-123.92740904662483,45.948548163158478],[-123.92740593396236,45.94849701070784],[-123.92741366666031,45.94844297379133],[-123.92742568701716,45.948399060403766],[-123.92745955080841,45.948351937139137],[-123.92750901294627,45.948319726276978],[-123.92756611974721,45.948292413549872],[-123.92762049566966,45.948280554795268],[-123.92767915835267,45.948278819017197],[-123.92774148616201,45.948276973308488],[-123.92780084863263,45.94824086236477],[-123.92576862859291,45.948271325626926],[-123.92435247317505,45.948292533474039],[-123.92406489909641,45.948296838877148],[-123.92406263085033,45.948294602166264],[-123.92406036440086,45.948292366079869],[-123.92405810064635,45.948290128119581],[-123.92405583868846,45.948287888910016],[-123.92405357942553,45.948285649075693],[-123.9240513210609,45.948283407992157],[-123.92404906539122,45.948281166283849],[-123.92404681241648,45.948278922701654],[-123.92404456034006,45.948276679119381],[-123.92404231275522,45.948274433663201],[-123.9240400651704,45.948272187582326],[-123.9240378211788,45.948269939002934],[-123.92403557898388,45.948267691048066],[-123.92403333948386,45.948265441843887],[-123.92403110088216,45.9482631907658],[-123.92402886497543,45.948260940312203],[-123.92402663266193,45.948258686110904],[-123.92402440124678,45.948256433783321],[-123.92402217162822,45.948254178332647],[-123.92401994470465,45.948251922881845],[-123.92401772047599,45.948249665557142],[-123.92401549894231,45.948247406983171],[-123.92401327830692,45.948245147784483],[-123.92401105946819,45.948242887961094],[-123.92400884332437,45.948240625639194],[-123.92400662987551,45.948238364566372],[-123.92400441822328,45.948236100995096],[-123.9240022101643,45.948233836174452],[-123.92400000390197,45.948231570729149],[-123.92399779763963,45.948229304659172],[-123.92399559586887,45.948227036715267],[-123.92399339589474,45.948224769395829],[-123.92399119681893,45.94822249832869],[-123.92398900223471,45.948220228510699],[-123.92398680765045,45.948217956194192],[-123.92398461665945,45.948215684502159],[-123.92398242656681,45.948213409687],[-123.92398024096573,45.948211136120982],[-123.92397805626297,45.94820885943188],[-123.92397587245851,45.948206581493402],[-123.92397369404394,45.948204305428682],[-123.92397151562936,45.948202025616212],[-123.92396933901142,45.948199745803691],[-123.92396716508846,45.94819746474181],[-123.92396499475873,45.948195182430688],[-123.92396282532732,45.948192899494799],[-123.92396065859086,45.948190614685025],[-123.92395849365101,45.948188329875151],[-123.92395633230444,45.948186043816001],[-123.92395417185617,45.948183755882901],[-123.92395201410288,45.948181467949702],[-123.9239498590445,45.948179178767226],[-123.92394770488445,45.948176887710808],[-123.92394555431765,45.948174597278907],[-123.92394340375085,45.948172304348489],[-123.92394125767568,45.948170010793412],[-123.92393911429539,45.948167715988994],[-123.92393697091512,45.948165421184441],[-123.92393483022978,45.948163124506046],[-123.92393269223943,45.948160827202877],[-123.92393055784231,45.948158528650431],[-123.92392842434349,45.948156228848703],[-123.92392629443796,45.948153928422258],[-123.92392416453242,45.948151627371104],[-123.92392203911847,45.948149325070617],[-123.92391991460282,45.948147020271655],[-123.92391779188381,45.948144716097175],[-123.92391567275806,45.948142410048796],[-123.92391355542891,45.948140104000259],[-123.92391143989643,45.948137796702497],[-123.92390932705889,45.948135486906168],[-123.92390721691628,45.948133178358965],[-123.9239051085703,45.948130866688601],[-123.92390300202096,45.948128555642796],[-123.92390089816655,45.948126242098468],[-123.92389879610879,45.948123929178614],[-123.9238966976443,45.948121615009477],[-123.92389459917979,45.948119298966382],[-123.92389250610518,45.948116982923239],[-123.92389041303058,45.948114665006152],[-123.9238883217526,45.948112346464349],[-123.92388623406788,45.948110026048639],[-123.92388414907808,45.948107705632843],[-123.92388206588494,45.94810538396775],[-123.92387998448844,45.948103061677891],[-123.92387790668519,45.948100738138805],[-123.92387582798362,45.948098413974947],[-123.92387375467193,45.948096087312571],[-123.92387168225858,45.948093760650139],[-123.92386961254019,45.948091433987571],[-123.92386754461839,45.948089105451089],[-123.92386548028988,45.948086775665281],[-123.92386341685966,45.948084444630183],[-123.92386135612439,45.948082114219602],[-123.92385929718576,45.948079780685873],[-123.92385724184041,45.948077447152059],[-123.92385518739331,45.948075112993521],[-123.92385313743787,45.948072777585658],[-123.92385108658408,45.948070440928504],[-123.92384903932354,45.948068103646627],[-123.92384699565628,45.948065765740083],[-123.92384495288729,45.948063425959582],[-123.92384291281329,45.948061086178988],[-123.92384087543424,45.948058744524474],[-123.92383883985181,45.948056402869874],[-123.92383680696433,45.948054059341317],[-123.92383477587346,45.948051714563469],[-123.92383274657922,45.948049369785515],[-123.92383071997995,45.948047024382859],[-123.9238286960756,45.948044675857055],[-123.92382667396789,45.948042329204995],[-123.92382465455516,45.948039980054368],[-123.92382263783733,45.948037630279067],[-123.92382062291615,45.948035279254441],[-123.92381861158823,45.948032926355893],[-123.92381660115862,45.948030574706436],[-123.92381459252564,45.948028220558498],[-123.9238125856893,45.948025865785809],[-123.92381058334455,45.948023510388431],[-123.92380858279641,45.948021153117146],[-123.92380658404488,45.948018795845719],[-123.92380458709002,45.948016437949612],[-123.92380259372841,45.948014077554937],[-123.92380060036677,45.94801171778483],[-123.92379861149674,45.948009355516135],[-123.92379662442333,45.948006993247347],[-123.9237946409432,45.948004630353886],[-123.92379265656473,45.94800226558646],[-123.92379067757615,45.947999900818942],[-123.9237886985876,45.947997534802134],[-123.92378672409058,45.947995168160595],[-123.92378475049193,45.9479927996451],[-123.92378277958819,45.947990430504937],[-123.92378081048109,45.947988060740052],[-123.92377884406891,45.947985689725826],[-123.92377688035172,45.947983318711543],[-123.92377491843112,45.947980945823304],[-123.92377295830718,45.947978571685724],[-123.92377100177647,45.94797619692347],[-123.92376904794075,45.947973821536493],[-123.92376709590162,45.947971444900226],[-123.92376514565915,45.947969068263809],[-123.92376319811163,45.947966690378088],[-123.92376125236072,45.947964310618474],[-123.92375931020307,45.947961930858739],[-123.92375736714709,45.947959549225054],[-123.92375542948102,45.947957167591262],[-123.92375349361161,45.94795478470818],[-123.92375156043711,45.947952400575751],[-123.92374962905926,45.947950016443222],[-123.92374769947803,45.947947629812155],[-123.92374577349005,45.947945243181032],[-123.92374384840041,45.947942856549773],[-123.92374192600568,45.947940468044578],[-123.92374000630592,45.947938078914675],[-123.9237380893011,45.947935688535424],[-123.92373617409291,45.947933296906875],[-123.92373426157968,45.947930905278234],[-123.92373234996478,45.947928511775665],[-123.92373044373973,45.94792611889757],[-123.92372853661638,45.947923724145554],[-123.9237266339846,45.947921328144247],[-123.92372473225116,45.947918931518167],[-123.92372283411096,45.947916534267414],[-123.92372093776738,45.947914135142732],[-123.92371904411877,45.947911736642581],[-123.92371715226678,45.947909336268467],[-123.92371526400805,45.947906935269621],[-123.92371337574933,45.947904532396855],[-123.92371149108386,45.947902128899372],[-123.92370960911336,45.947899726026407],[-123.92370772893945,45.947897321904136],[-123.92370585325715,45.947894915907895],[-123.92370397667649,45.947892509286945],[-123.92370210458746,45.947890102041306],[-123.92370023429503,45.947887693546321],[-123.92369836579925,45.947885284426626],[-123.9236964999984,45.947882875306853],[-123.92369463689252,45.947880462439265],[-123.92369277468489,45.947878051445429],[-123.92369091696891,45.947875638577671],[-123.92368906015122,45.947873225709813],[-123.92368720692679,45.947870810343368],[-123.92368535549899,45.947868396226056],[-123.9236835049695,45.947865978985632],[-123.9236816589316,45.947863562369676],[-123.92367981469032,45.947861144504365],[-123.92367797314397,45.947858725389764],[-123.92367613159765,45.947856305025866],[-123.92367429544122,45.947853884661804],[-123.92367245928476,45.947851463673075],[-123.92363843559339,45.9478062949742],[-123.92305779423812,45.948004023234482],[-123.92294108781138,45.947744713329335],[-123.92345914354077,45.947568298452552],[-123.92342255156599,45.947519725377532],[-123.92250868464767,45.947830928987102],[-123.92249295604536,45.947875517403361],[-123.92246553047973,45.947963891505914],[-123.92244145652843,45.94808884936203],[-123.92241815872156,45.948146237639314],[-123.92241292962827,45.948159114531485],[-123.92237982311678,45.948209791344148],[-123.92231853375991,45.948280629123296],[-123.92229830190306,45.94831988180357],[-123.92229694814192,45.948323286524449],[-123.92225415419844,45.948430838994177],[-123.92223786235243,45.948460508905782],[-123.92222564616289,45.948476914107793],[-123.92220963189632,45.94849842043643],[-123.92210975360977,45.948548309939987],[-123.9220747013474,45.948585633660265],[-123.92202535688884,45.948629691182902],[-123.92200529661022,45.948653160573507],[-123.92197271830814,45.948693962624112],[-123.92193205966007,45.948747583312311],[-123.92296241561283,45.948732176926136],[-123.92484359651394,45.948704024939211],[-123.92647368032682,45.950030977207206],[-123.92647620818602,45.950033038964087],[-123.92647873155367,45.950035105717554],[-123.92648124863307,45.950037174969303],[-123.92648376032263,45.95003924796849],[-123.92648626572394,45.950041324090535],[-123.92648876483707,45.950043403959995],[-123.92649125766197,45.95004548570315],[-123.92649374509699,45.950047573067501],[-123.92649622893876,45.950049663554665],[-123.92649870379736,45.950051755915538],[-123.92650117506273,45.950053852648452],[-123.92650363914153,45.950055951879584],[-123.92650609783048,45.950058055482749],[-123.92650855112953,45.950060162208729],[-123.92651099724202,45.950062272682196],[-123.92651343796464,45.950064385029293],[-123.92651587419572,45.950066502373019],[-123.92651830144361,45.950068622214999],[-123.92652072509826,45.950070745179829],[-123.92652314246467,45.950072871267466],[-123.9265255535429,45.950075000477995],[-123.92652795923122,45.950077133435926],[-123.92653035863135,45.950079270765855],[-123.92653275174325,45.950081409969478],[-123.92653513856699,45.950083552295958],[-123.92653752000079,45.950085698369833],[-123.92653989694304,45.950087847566557],[-123.92654226490211,45.950090001135315],[-123.92654462926794,45.950092155953143],[-123.92654698644726,45.950094315143005],[-123.92654933823667,45.950096476831064],[-123.92655168283954,45.950098642266617],[-123.92655402205256,45.950100810824964],[-123.92655635497735,45.950102983130748],[-123.92655868161394,45.9501051579348],[-123.926561001064,45.950107335237085],[-123.92656331781912,45.950109516911354],[-123.92656562469277,45.950111701708487],[-123.92656792887146,45.950113889003902],[-123.92657022586368,45.950116080046712],[-123.92657251656763,45.950118272963167],[-123.9265748009834,45.950120469002471],[-123.92657707821265,45.950122669413801],[-123.92657935005198,45.950124872323336],[-123.92658161560314,45.950127078980358],[-123.9265838748661,45.950129288135578],[-123.92658612873915,45.950131499789038],[-123.92658837632396,45.950133715814523],[-123.92659061672228,45.950135933089122],[-123.92659285083241,45.950138155360243],[-123.92659508045094,45.950140379505065],[-123.92659730198464,45.950142606772715],[-123.92659951902677,45.950144837163222],[-123.92660172978069,45.950147071301096],[-123.92660393244975,45.950149307312678],[-123.92660612972894,45.950151547696223],[-123.92660832161822,45.950153788704291],[-123.92661050542269,45.950156034708925],[-123.92661268473557,45.950158283211806],[-123.92661485776023,45.950160534837515],[-123.92661702270006,45.950162788961478],[-123.92661918314832,45.950165046832801],[-123.92662133641007,45.950167306577832],[-123.92662348248527,45.950169569445691],[-123.92662562317062,45.950171834811798],[-123.92662775846603,45.950174104549866],[-123.92662988657494,45.950176376161636],[-123.92663200839563,45.950178650271646],[-123.9266341230298,45.95018092937822],[-123.92663623227411,45.950183209109291],[-123.92663833433188,45.95018549258775],[-123.92664043099974,45.950187778564434],[-123.92664252048108,45.95019006766401],[-123.92664460367425,45.95019235926177],[-123.92664668057918,45.950194655231542],[-123.92664875299253,45.950196952450369],[-123.92665081552443,45.950199252167472],[-123.92665287446304,45.950201555631956],[-123.92665492441853,45.950203862219261],[-123.92665696898413,45.950206170680218],[-123.92665900905814,45.950208482264003],[-123.9266610410473,45.95021079572146],[-123.92666306405333,45.950213112301711],[-123.9266650852627,45.950215432629378],[-123.92666709748896,45.950217755455277],[-123.92666910252865,45.950220081404005],[-123.92667110128018,45.950222409850959],[-123.9266730955401,45.950224740171549],[-123.9266750817152,45.950227072990423],[-123.9266770625004,45.950229408932074],[-123.92667903430245,45.950231747996554],[-123.92668100161291,45.950234089559252],[-123.92668296263516,45.950236433620233],[-123.92668491647092,45.950238780179397],[-123.92668686222183,45.950241129861382],[-123.92668880348117,45.95024348204165],[-123.92669073665566,45.950245836720093],[-123.92669266533858,45.950248194521357],[-123.92669458593664,45.950250554196302],[-123.92669649844987,45.950252916994025],[-123.92669840736987,45.950255282290023],[-123.92670030910332,45.950257650084247],[-123.92670220185363,45.950260019752101],[-123.92670409011234,45.950262393167314],[-123.92670597118456,45.950264768456222],[-123.92670784507023,45.950267146243348],[-123.92670971356603,45.950269527153296],[-123.92671157487528,45.950271910561462],[-123.92671342899806,45.950274295843307],[-123.92671527773088,45.950276684247925],[-123.92671711748061,45.950279075150767],[-123.92671895363706,45.950281468551829],[-123.92672078081033,45.950283864451166],[-123.92672260079711,45.950286262224125],[-123.92672441629229,45.950288662495318],[-123.92672622280432,45.95029106651387],[-123.92672802482478,45.950293471156904],[-123.92672981786207,45.950295879547355],[-123.9267316055095,45.950298289811478],[-123.92673338597039,45.95030070257377],[-123.92673516104139,45.950303118458883],[-123.92673692712924,45.95030553621767],[-123.92673868782718,45.950307956474624],[-123.92674044313527,45.950310377356118],[-123.92674218856187,45.950312802609503],[-123.92674392859855,45.95031523036117],[-123.92674566234706,45.950317659986453],[-123.92674738801074,45.950320092110005],[-123.9267491082845,45.950322526107144],[-123.92675082137175,45.950324962602537],[-123.92675252727246,45.95032740097156],[-123.92675422598667,45.95032984246339],[-123.92675591841268,45.950332287078027],[-123.92675760455047,45.950334732317103],[-123.92675928440005,45.950337180054447],[-123.92676095616477,45.950339630914549],[-123.92676261984468,45.950342083648323],[-123.92676427903302,45.950344538880309],[-123.92676592923819,45.950346996610513],[-123.9267675740535,45.950349455589745],[-123.92676921168224,45.950351917067245],[-123.92677084302278,45.950354381667495],[-123.92677246627851,45.950356847516822],[-123.92677408234773,45.950359315864411],[-123.92677569302701,45.950361786085573],[-123.9267772965198,45.950364258804946],[-123.92677889282605,45.950366733397992],[-123.9267804819458,45.950369211113838],[-123.92678206387902,45.9503716907033],[-123.92678363952403,45.950374171541846],[-123.92678520708419,45.950376654878553],[-123.92678676925446,45.950379140713508],[-123.92678832423823,45.950381627797498],[-123.92678987203547,45.950384118004294],[-123.92679141174787,45.950386610084756],[-123.92679294517204,45.950389104663365],[-123.92679447320633,45.950391600491116],[-123.92679599225748,45.950394098817007],[-123.92679750502043,45.950396598391933],[-123.92679901149518,45.950399101089701],[-123.92680050988507,45.950401606285688],[-123.92680200019012,45.950404112106099],[-123.92680348600359,45.950406620424765],[-123.92680496373225,45.950409131241592],[-123.92680643427435,45.95041164330754],[-123.92680789762996,45.950414157871641],[-123.92680935379903,45.950416674933955],[-123.92681080367991,45.950419193245331],[-123.92681224727257,45.950421713430373],[-123.92681368098374,45.950424235488981],[-123.92681511020336,45.950426759421248],[-123.92681653223647,45.950429285851726],[-123.92681794708304,45.950431814155813],[-123.92681935474307,45.950434343708963],[-123.9268207543183,45.950436875760332],[-123.92682214670698,45.950439409685302],[-123.92682353280748,45.950441945483924],[-123.92682491172143,45.950444483780764],[-123.92682628344886,45.950447022077434],[-123.92682764888811,45.950449563496953],[-123.9268290053442,45.950452106790067],[-123.92683035730869,45.950454651956804],[-123.92683170029004,45.950457198997142],[-123.92683303698318,45.950459747911147],[-123.92683436469319,45.95046229869876],[-123.92683568701328,45.950464850735436],[-123.92683700214685,45.950467405270317],[-123.9268383100939,45.950469960429608],[-123.92683961085443,45.950472518711706],[-123.92684090263182,45.950475077618329],[-123.9268421890193,45.95047763964768],[-123.92684346822026,45.95048020230147],[-123.92684474203134,45.950482767453494],[-123.92684600685925,45.950485333854587],[-123.92684726360234,45.950487901504708],[-123.9268485140572,45.950490471653019],[-123.92684975822387,45.950493043050344],[-123.92685099340738,45.950495616945908],[-123.9268522223027,45.950498190841351],[-123.92685344401148,45.950500767859552],[-123.92685465763543,45.950503345502256],[-123.9268558658695,45.950505926267702],[-123.92685706601874,45.950508507657631],[-123.9268582580831,45.950511090921147],[-123.92685944385927,45.95051367543374],[-123.92686062244893,45.950516261195347],[-123.92686179385205,45.950518849455179],[-123.92686295806865,45.950521439588627],[-123.92686411330212,45.9505240303465],[-123.926865264044,45.950526622978032],[-123.92686640490443,45.950529217483144],[-123.92686753947663,45.950531813237326],[-123.9268686668623,45.950534409615983],[-123.92686978795976,45.95053700849278],[-123.9268709009724,45.950539609867818],[-123.92687200769684,45.950542211867337],[-123.92687310453979,45.950544815115855],[-123.92687419599288,45.950547419613379],[-123.92687528115773,45.950550026609157],[-123.92687635644114,45.950552633604758],[-123.9268774254363,45.950555243098592],[-123.92687848814329,45.9505578532169],[-123.92687954276545,45.950560465833355],[-123.92688059109938,45.950563079074321],[-123.92688163045017,45.950565694188839],[-123.92688266261443,45.950568311177051],[-123.92688368849046,45.950570928789638],[-123.92688470718002,45.950573547651324],[-123.9268857177847,45.950576169011157],[-123.92688672120289,45.950578790995458],[-123.92688771833284,45.950581413604212],[-123.92688870647964,45.95058403871117],[-123.92688968833825,45.950586665067185],[-123.92689066301033,45.950589292047603],[-123.92689162959759,45.950591920901672],[-123.92689258899831,45.950594551004762],[-123.92689354121251,45.950597182356894],[-123.92689448624017,45.950599814958082],[-123.92689542408135,45.950602448183695],[-123.92689635293935,45.950605084532071],[-123.92689727550913,45.950607720255746],[-123.92689819179076,45.95061035722847],[-123.92689909908918,45.950612996699377],[-123.92690000009939,45.950615636794701],[-123.92690089302478,45.950618278139082],[-123.92690177876366,45.950620920732518],[-123.92690265731601,45.950623563950408],[-123.92690352868185,45.950626208417319],[-123.92690439196282,45.950628854757817],[-123.92690524895561,45.950631502971959],[-123.92690609696524,45.950634151185923],[-123.92690693868664,45.950636800648944],[-123.92690777232323,45.950639450736425],[-123.9269085987733,45.950642103946677],[-123.92690941803683,45.950644755907675],[-123.92691023011383,45.950647409742217],[-123.92691103410606,45.950650065450397],[-123.92691183091169,45.950652721158455],[-123.92691262142914,45.950655379364697],[-123.92691340386175,45.950658036946216],[-123.92691417820951,45.950660696401386],[-123.92691494537078,45.950663358354731],[-123.9269157044472,45.950666019058765],[-123.92691645723541,45.950668681636394],[-123.92691720193878,45.950671344838483],[-123.92691793945565,45.950674009914209],[-123.92691867068427,45.950676675614361],[-123.92691939203144,45.950679343188142],[-123.92692010619211,45.950682010137207],[-123.92692081406453,45.950684678335271],[-123.92692151385214,45.950687347782392],[-123.92692220735155,45.950690017853972],[-123.92692289186778,45.950692689799141],[-123.92692357009582,45.950695362368769],[-123.92692424023902,45.950698035562809],[-123.9269249031957,45.950700709381358],[-123.92692555896588,45.950703384448907],[-123.9269262066512,45.950706060140867],[-123.92692684625166,45.950708737081882],[-123.92692747866563,45.950711414647344],[-123.9269281056897,45.950714093461869],[-123.92692872283229,45.95071677290079],[-123.92692933278838,45.950719452964179],[-123.92692993645623,45.950722133652022],[-123.92693053114095,45.95072481558892],[-123.92693112043578,45.950727498150229],[-123.92693169984915,45.950730181960573],[-123.92693227297428,45.950732865770753],[-123.92693283891293,45.950735550830018],[-123.9269333958684,45.950738237138239],[-123.92693394653568,45.950740924070971],[-123.9269344891181,45.950743610378979],[-123.92693502451402,45.950746298560574],[-123.92693555182511,45.950748987991211],[-123.92693607284795,45.95075167679709],[-123.92693658488767,45.950754367476648],[-123.92693709153748,45.95075705753144],[-123.92693758920414,45.950759749459856],[-123.92693807968429,45.950762442012696],[-123.92693856118129,45.950765134565444],[-123.92693903639008,45.950767828367198],[-123.92693950531066,45.950770521544221],[-123.92693996434978,45.950773217219478],[-123.92694041710068,45.950775912269961],[-123.92694086266503,45.950778607320359],[-123.92694129924627,45.950781304868926],[-123.92694172864097,45.950784001792783],[-123.92694215174747,45.95078669996564],[-123.92694256766745,45.950789398138404],[-123.92694297460429,45.950792096310991],[-123.92694337435459,45.950794796357215],[-123.92694376602006,45.950797495778716],[-123.92694415139731,45.950800197073804],[-123.92694452779139,45.950802897744218],[-123.9269448978973,45.950805599663632],[-123.92694525902006,45.950808301582903],[-123.92694561565122,45.950811004126635],[-123.92694596060429,45.950813707919416],[-123.92694630196408,45.950816410462892],[-123.92694663344244,45.950819114255353],[-123.92694695683595,45.950821818672267],[-123.92694727394121,45.950824523713642],[-123.92694758296169,45.950827229379485],[-123.92694788479562,45.950829934420589],[-123.92694817854473,45.950832640086155],[-123.92694846510732,45.950835347000719],[-123.92694874358506,45.950838053915156],[-123.92694901577455,45.9508407608295],[-123.92694927898096,45.950843468368248],[-123.92694953410248,45.950846176531464],[-123.92694978383413,45.950848884694537],[-123.9269500236843,45.950851593482021],[-123.9269502581446,45.950854301644831],[-123.92695048452005,45.950857011681229],[-123.92695070101405,45.950859721092947],[-123.92695091301644,45.950862431129082],[-123.92695111693401,45.950865140540486],[-123.92695131276675,45.950867850576344],[-123.926951498718,45.950870561861251],[-123.92695167927938,45.950873272521434],[-123.92695185355257,45.950875983806071],[-123.92695201884256,45.95087869509053],[-123.92695217604773,45.950881406374904],[-123.9269523260664,45.95088411890827],[-123.92695246800021,45.950886830192388],[-123.9269526036458,45.950889542725491],[-123.92695273120658,45.950892254633914],[-123.92695285158082,45.950894967166754],[-123.9269529620736,45.950897680948628],[-123.92695306717651,45.950900393481199],[-123.92695316329623,45.950903106638222],[-123.92695325402606,45.950905819795118],[-123.92695333577277,45.950908532327333],[-123.92695340943462,45.950911245483965],[-123.92695347590994,45.950913958640449],[-123.92695353519876,45.9509166724214],[-123.92695358730106,45.950919386202166],[-123.92695363131848,45.950922099982847],[-123.9269536672511,45.950924813138812],[-123.9269536959972,45.950927526919223],[-123.92695371665845,45.950930241948626],[-123.9269537310315,45.950932954479654],[-123.92695373731971,45.950935669508794],[-123.92695373462473,45.950938382664091],[-123.92695372564161,45.950941096443842],[-123.92695370767531,45.950943810223457],[-123.92695368521741,45.950946524002937],[-123.92695365287807,45.950949238406835],[-123.92695361425051,45.950951950936883],[-123.9269535666398,45.950954665340554],[-123.92695351094424,45.95095737849492],[-123.92695344896049,45.950960092273746],[-123.92695337979022,45.950962806052431],[-123.92695330253511,45.950965519206399],[-123.92695321719515,45.950968231735658],[-123.92695312287206,45.950970944264768],[-123.92695302405737,45.950973658042926],[-123.92695291625952,45.95097637057178],[-123.92695280037687,45.950979083100542],[-123.92695267820596,45.950981796253714],[-123.92695254615361,45.950984508157582],[-123.92695240871139,45.950987220061364],[-123.92695226408263,45.950989932589557],[-123.92695210957241,45.950992643868489],[-123.92695194967229,45.950995355147235],[-123.92695177989069,45.950998066425903],[-123.92695160471922,45.951000777079848],[-123.92695142056459,45.951003488358253],[-123.92695122922342,45.951006199011942],[-123.92695103249237,45.951008909040908],[-123.92695082408325,45.951011619069739],[-123.92695061118251,45.951014329098435],[-123.92695038929864,45.951017039127009],[-123.92695016022823,45.951019747281734],[-123.92694992397134,45.95102245543633],[-123.92694967873126,45.951025164839962],[-123.92694942720297,45.951027872369714],[-123.92694916848818,45.951030579899324],[-123.92694890079019,45.951033288053388],[-123.92694862680403,45.951035994958147],[-123.92694834383472,45.951038701862785],[-123.92694805547553,45.951041407518161],[-123.92694775723487,45.951044113797991],[-123.92694745360428,45.951046819453055],[-123.92694714009225,45.951049524483444],[-123.92694682119033,45.951052228889175],[-123.92694649330524,45.951054933919302],[-123.92694615823365,45.951057636450976],[-123.92694581597553,45.95106034023172],[-123.92694546473426,45.951063042138571],[-123.92694510900138,45.951065745294471],[-123.92694474248876,45.951068446576485],[-123.92694436878962,45.951071147858364],[-123.92694398970055,45.951073849764747],[-123.92694360252665,45.951076549172654],[-123.92694320636963,45.951079249204973],[-123.92694280212774,45.951081948612618],[-123.92680436904753,45.951999925711817],[-123.92684346372867,45.95200279558042],[-123.92685495587612,45.951926588183561],[-123.9270391132043,45.951974572805263],[-123.92888092543805,45.952786632637036],[-123.92928275354275,45.952963792859336],[-123.92927362755779,45.953531403879751],[-123.92772802131422,45.953513293913268],[-123.92772976314755,45.953522645868972],[-123.92778386777881,45.953535508396627],[-123.92780745394489,45.953582334342407],[-123.92779838724876,45.953628061049457],[-123.92776824427938,45.953668212409646],[-123.92770707978831,45.953734077465086],[-123.92766699157045,45.953805518362614],[-123.92759676038324,45.953917110347973],[-123.92753307072789,45.954038839024562],[-123.92749540616467,45.954090804507942],[-123.92745654863873,45.954144418101535],[-123.927323798301,45.954323981574326],[-123.92728483926545,45.954413983553792],[-123.92719724094883,45.95453228868827],[-123.92713790183443,45.954579503501229],[-123.92709173831027,45.954628095370936],[-123.92703488932584,45.954687932541731],[-123.92688682181419,45.954834886853106],[-123.92672740049565,45.954965647964727],[-123.92666994245344,45.955043800337968],[-123.9266201569221,45.955150653410747],[-123.92659485317716,45.955221655313217],[-123.92656092740215,45.955297045046009],[-123.92647710560297,45.955380110717002],[-123.92645563586768,45.955465463896012],[-123.92643394155358,45.955571486164565],[-123.92643657721062,45.955614799323932],[-123.9264291400584,45.955687339453526],[-123.92640824434659,45.955733416029133],[-123.92641030508183,45.955816005785991],[-123.92642973204818,45.955891883084512],[-123.92646249450489,45.955992161466483],[-123.92650979349955,45.956087877568386],[-123.92654413339791,45.956165379486407],[-123.92659215643469,45.956248675550974],[-123.92668098184998,45.956345229308127],[-123.92676446318764,45.956402681480405],[-123.92681900260349,45.956471321119665],[-123.92690115982444,45.956555673398782],[-123.92709896974833,45.956593211554924],[-123.92717458543737,45.956667425966131],[-123.92726423460776,45.956728827206163],[-123.92735275549416,45.956771665458227],[-123.92747691434452,45.956840311510057],[-123.92756927193552,45.95689749962655],[-123.92763626739111,45.956976100794115],[-123.9276952714339,45.957069403977904],[-123.92777081795268,45.957191144465426],[-123.9277837626759,45.957306472907774],[-123.92777477772643,45.957426582299213],[-123.92778136058087,45.95758342580757],[-123.92785936399191,45.957696828102563],[-123.92791460409369,45.957728253516159],[-123.92793415951908,45.95780619341096],[-123.92792023653051,45.957918183887621],[-123.92794293246617,45.958047688733352],[-123.92795745193609,45.958140241344324],[-123.92803499630806,45.958392097396455],[-123.92805288176535,45.958411618367485],[-123.92810525444474,45.958514162835264],[-123.92813549892372,45.958609791523841],[-123.92814574690451,45.958688979154694],[-123.92814036599594,45.958823514311163],[-123.92815382275892,45.958920332110537],[-123.92817416061692,45.959066663204126],[-123.92819928200386,45.959122698725096],[-123.92818507245268,45.95933509438602],[-123.92818079198035,45.95944310071603],[-123.92807328160714,45.959593909183852],[-123.92805650556922,45.959630364935947],[-123.92790099012554,45.959750418083104],[-123.92782099065793,45.959773604872908],[-123.92769920695318,45.959779102132735],[-123.92755460424358,45.9597663484641],[-123.92744216301779,45.959746965355073],[-123.92736073433053,45.959702058638939],[-123.92727700415952,45.959619368512797],[-123.92715096872854,45.959554963613115],[-123.9270801446532,45.959505958287309],[-123.92703900360982,45.959454182727846],[-123.92696615922344,45.959416592180041],[-123.92689884845922,45.959380732041382],[-123.92684606614807,45.959316051468228],[-123.92676159935853,45.95917660345517],[-123.92665406742574,45.959104081007418],[-123.92648692688398,45.959122274076563],[-123.92638156348433,45.959174600115325],[-123.92621217266279,45.959200429954919],[-123.92605926592667,45.959229557046896],[-123.92594519964852,45.959272677504707],[-123.92587948159729,45.959352219517633],[-123.92574051312116,45.959432034938423],[-123.92562206216611,45.959492317795736],[-123.9255346237496,45.959527078779971],[-123.92546297951245,45.959553802083626],[-123.92541000136858,45.959619718220203],[-123.9253610620502,45.959662803403631],[-123.92525592592429,45.959718907014164],[-123.92520629580146,45.959792228610333],[-123.92520363678823,45.959796157810374],[-123.92520800170219,45.95986794871687],[-123.92515720646448,45.959969759855433],[-123.92513344961847,45.960025348589411],[-123.92513832297885,45.960150118138785],[-123.92519000395548,45.960241328997796],[-123.92523304852895,45.960279800113305],[-123.92524687180455,45.960328599304184],[-123.92524995661921,45.960468562726327],[-123.92524803422451,45.960570821752839],[-123.92524207210596,45.960695911049058],[-123.92523082609694,45.960734096468471],[-123.92521007142062,45.960748924386337],[-123.92518661371359,45.960765686267109],[-123.92515629018287,45.960802542778687],[-123.92513494531342,45.960897804080332],[-123.92514110146804,45.960954401639029],[-123.92513394279355,45.961015177413756],[-123.92512159544998,45.961079891597706],[-123.92513103494697,45.961145854626643],[-123.92514497141029,45.961196543294392],[-123.92518535697052,45.961280517451833],[-123.92524222661619,45.961367789243695],[-123.92530756827334,45.961460488051983],[-123.92541324608337,45.961591738713423],[-123.92549720622307,45.961678208215808],[-123.92561148989353,45.961727821087187],[-123.92567326973057,45.961761954342215],[-123.92575440466869,45.961846615164795],[-123.92581363957854,45.961928137989453],[-123.92582907263514,45.962003387463469],[-123.92580116287756,45.962079917581768],[-123.92577930866334,45.96212220218149],[-123.9257644837662,45.962190775413248],[-123.92576510719701,45.962245643179386],[-123.92569000803925,45.962360793125391],[-123.92567574458917,45.962382661865433],[-123.92558022403006,45.96246308550181],[-123.92552494440241,45.962491216762018],[-123.92541364852862,45.962490723450387],[-123.92532937397856,45.962532960903225],[-123.92530625763135,45.962554463650875],[-123.92526406376244,45.962574637572978],[-123.92509835693188,45.962571966825131],[-123.92498060666276,45.962554631001964],[-123.92489662855674,45.962557113792926],[-123.92482608206083,45.962557307370709],[-123.92452949249001,45.962499835353015],[-123.92417629378491,45.962493244959759],[-123.92397681568953,45.96247075306691],[-123.92387681523212,45.9624774945786],[-123.92380250299856,45.96254971787311],[-123.92376669255808,45.962630267404585],[-123.92380028236317,45.962691731350297],[-123.92379103420733,45.962807453606487],[-123.92376208599728,45.962866982213384],[-123.92378973075185,45.96296458036592],[-123.92378734662307,45.963059282824148],[-123.92380628939749,45.963147675802084],[-123.92381779412133,45.963247643821511],[-123.92382273395707,45.963328881090803],[-123.92384596618696,45.963392115783542],[-123.92367565638885,45.96339405777627],[-123.92425266316047,45.96512605590533],[-123.92432184421713,45.965357667339489],[-123.92434001983028,45.965418518208708],[-123.92481123380753,45.965413130156115],[-123.9250296915082,45.965410919736932],[-123.92505039138727,45.965456376927946],[-123.92536703135525,45.9661986101531],[-123.9253609865917,45.96620486792304],[-123.92525570583706,45.966313848040855],[-123.92525597443333,45.966326641412799],[-123.92525801181237,45.966423963729298],[-123.92514950161426,45.966577163376193],[-123.92512646521713,45.966800187662052],[-123.92511314948968,45.96688512800754],[-123.92511024972795,45.966913656010917],[-123.9250987710552,45.967026547811692],[-123.92508822483381,45.967355094223741],[-123.92508825178324,45.967551601992348],[-123.9250982221846,45.967677279309171],[-123.92512502072613,45.967848043806384],[-123.92515097305471,45.968013416855548],[-123.9252069964874,45.968126822778594],[-123.92520112689533,45.968265078800961],[-123.92522815181233,45.9683738894052],[-123.92525426763427,45.968512553153651],[-123.92531103038046,45.968662007639068],[-123.92541604343715,45.968804679771615],[-123.92549760597338,45.968977797797621],[-123.92557565699515,45.969138349209189],[-123.9256849325579,45.969358399309712],[-123.92586630151546,45.969547733503646],[-123.92608870551517,45.970074541338377],[-123.92616337707486,45.970711136029848],[-123.9260984234899,45.970835074228098],[-123.92606029719262,45.971029360704762],[-123.92608172111386,45.971182086846277],[-123.92594165130315,45.97118350536303],[-123.92581961427351,45.971178397578718],[-123.92569757454889,45.971173291042703],[-123.92544212422483,45.971179910996369],[-123.9247105479355,45.971199225797704],[-123.92474295016781,45.971610966112138],[-123.92474510702283,45.971638360373866],[-123.92476450973463,45.971884924976962],[-123.92558585377193,45.971872011142558],[-123.92590481768157,45.971866993951011],[-123.92602476882313,45.971865107197139],[-123.92614472176136,45.971863220443254],[-123.9262484852615,45.972210539411762],[-123.92635308239822,45.972500439511528],[-123.92642326687307,45.972696372123714],[-123.92642377711614,45.972696369002058],[-123.92642672808185,45.972704552720366],[-123.9263037325498,45.972704476552067],[-123.92618087086669,45.972704399759486],[-123.92604126548501,45.972704312353287],[-123.92604098970222,45.972987307935909],[-123.92604084058189,45.973138993547316],[-123.9263845944001,45.973139153998837],[-123.92651041693036,45.973139212061078],[-123.92672580418939,45.973297421435525],[-123.92720556024668,45.974117461549014],[-123.9272418485909,45.974179489615047],[-123.92746220353345,45.974410933338],[-123.92763361646271,45.974703919733514],[-123.92777173603091,45.97493999360659],[-123.92777544158145,45.974939174518681],[-123.92668476196069,45.977283193449729],[-123.92646026578467,45.977232473304639],[-123.92745126474824,45.975100116944084],[-123.92741830286552,45.975043777939902],[-123.92616731618737,45.974468402987341],[-123.92573701508144,45.974049155303774],[-123.92570393731606,45.973953730570223],[-123.92578259649727,45.973953866671117],[-123.92578509740703,45.973269143952102],[-123.92560854162278,45.973269037192765],[-123.92230480031586,45.973266921359908],[-123.92230554501921,45.972714416509206],[-123.92019941429287,45.97272439517301],[-123.9202170590017,45.975126003037545],[-123.92023161979411,45.976020868810025],[-123.92024617968823,45.976915736353241],[-123.92027403464857,45.978627767892576],[-123.92033381034423,45.982284918206332],[-123.91524794715919,45.982334003881228],[-123.91525332177955,45.982696407562294],[-123.91525977527654,45.983132286214811],[-123.91503138400543,45.983197106269486],[-123.91384793446701,45.983207023744249],[-123.91386236859698,45.984182297713481],[-123.91386605618121,45.984333734190493],[-123.91327864332536,45.984336398271303],[-123.91328027286927,45.984226807567985],[-123.91338485203971,45.984225955534889],[-123.91370935226644,45.984223320161945],[-123.91369492711958,45.983215710896388],[-123.91368246030008,45.982345512650802],[-123.90890923059689,45.982368608834534],[-123.90772916501209,45.982363840409732],[-123.90768579075691,45.984791980422656],[-123.90766549601801,45.985928023198973],[-123.90469881248717,45.985915386654781],[-123.9048468485578,45.99548857556583],[-123.90486278287432,45.997343294759972],[-123.90425511211043,45.997346872451104],[-123.90431838315087,46.000056601555912],[-123.90432561189397,46.000409537682962],[-123.89942271576939,46.000359668044943],[-123.8994801270992,46.007432112534921],[-123.89396563636961,46.007410902992632],[-123.89399822095993,46.009266763006579],[-123.895337701575,46.00991357845885],[-123.89540783304926,46.010922135422618],[-123.8940307866856,46.010385885984853],[-123.89405788975604,46.012427937677273],[-123.89954698421421,46.012398030011354],[-123.8995391715662,46.011961975054646],[-123.89989905822856,46.011927988783107],[-123.89996124140919,46.011920705517696],[-123.90001203754522,46.011914025550929],[-123.90007053493821,46.011904378996164],[-123.90013671562183,46.011891492588902],[-123.90017932541069,46.011879561351527],[-123.90024519707386,46.01186147108519],[-123.90029155822735,46.011846412287817],[-123.90034547241576,46.011825923158149],[-123.90039168624553,46.011808399365528],[-123.90044919010182,46.011782043790625],[-123.9004950787415,46.01175904223377],[-123.90054080388776,46.011733300542964],[-123.90058635026929,46.011704546698354],[-123.90063175022543,46.01167332722332],[-123.90066605688614,46.011647641642838],[-123.90070359388859,46.011616649232067],[-123.90074850516122,46.011577211183365],[-123.90077439460774,46.011549024999312],[-123.90080823055119,46.011515394716525],[-123.90083363221251,46.01147899058617],[-123.90086337273661,46.011442735542325],[-123.90088861000622,46.011403592471254],[-123.90090616578181,46.011367689254222],[-123.90092770199242,46.011325908304244],[-123.90094165193047,46.011295597630252],[-123.90113599345904,46.010742848384979],[-123.90120468223893,46.010560315846163],[-123.9012186815843,46.010524241132138],[-123.90123310313787,46.010501872938413],[-123.90123656255005,46.010493815220514],[-123.90125114669867,46.01047418657739],[-123.9012661243094,46.010454546697027],[-123.90128087105312,46.010437657604747],[-123.90129956499419,46.010420928850735],[-123.90131824366389,46.010403926197483],[-123.90133692323188,46.010386922915082],[-123.9013597107957,46.010372818915151],[-123.90137855206048,46.010358555191829],[-123.90139378928433,46.010349883530068],[-123.90143613586682,46.010326983698107],[-123.90147840249924,46.01030929971067],[-123.90152461453242,46.010291776061436],[-123.90157099005894,46.010276991355461],[-123.90162121396817,46.010267308952507],[-123.90167201010424,46.010260628162115],[-123.901722953564,46.010256413049639],[-123.90176604934143,46.010252697686035],[-123.90196273726951,46.010255797253869],[-123.90569025072689,46.010292935902967],[-123.90567518058971,46.010013492006316],[-123.90623353204781,46.010012710247992],[-123.90624442951051,46.010070017534986],[-123.90648763849221,46.010060787429637],[-123.90649477740378,46.009321369505514],[-123.90661256450385,46.009315490958343],[-123.90658388219514,46.008642415012396],[-123.90819779812954,46.008685167567833],[-123.9085769150272,46.004997606043858],[-123.90845426085494,46.000178283136627],[-123.90843365889222,45.999092376205439],[-123.90879460646495,45.999091564339217],[-123.90879464958408,45.999824264100504],[-123.91025733683531,45.99982310154337],[-123.90994689164957,46.003090276114143],[-123.91000985816109,46.003090229315085],[-123.91010464838986,46.003090158804483],[-123.91073690963628,46.003089685822083],[-123.91073732465793,46.003207142586653],[-123.91133419767206,46.003207143834643],[-123.91133390751622,46.003124851243946],[-123.91172532863834,46.003124178585978],[-123.91171996389946,46.003088940781126],[-123.91167864319303,46.003088972604466],[-123.9116946116455,46.002920831458233],[-123.91170503389945,46.002811135904459],[-123.91176234282132,46.002207826126856],[-123.91181303295619,46.001611163525922],[-123.91197062081318,46.001611073669359],[-123.91195759703821,46.001748182167816],[-123.91194457146659,46.001885290950462],[-123.91193154679328,46.002022402513326],[-123.91191852122166,46.002159510616444],[-123.91211526664192,46.002159362104948],[-123.91231201116388,46.002159212345433],[-123.91230158980825,46.002268906071869],[-123.91190810345931,46.00226920309423],[-123.91189507878602,46.002406313081707],[-123.9118820541127,46.002543421481384],[-123.91227554135996,46.002543125708456],[-123.9122625166867,46.002680235641044],[-123.91224949291168,46.002817343361876],[-123.9118560038678,46.002817641005336],[-123.91184558520712,46.002927334674204],[-123.91215227184173,46.002927101926247],[-123.91246706577182,46.002926865434326],[-123.9124739648332,46.003088364216779],[-123.91356782359175,46.003087519337853],[-123.91358379024759,46.002919378187151],[-123.91397728647803,46.002918433467336],[-123.91396126053334,46.003087209840068],[-123.91405813934516,46.003087134961611],[-123.91434203122945,46.003084916062278],[-123.9142938806319,46.003196589109436],[-123.91427818796222,46.003434945076357],[-123.91434080862236,46.003738529682956],[-123.91437017724394,46.004105091798216],[-123.91433458329743,46.00434649320804],[-123.91432025516866,46.005102315528475],[-123.9142900358425,46.005341365865831],[-123.91421506783878,46.005576224659436],[-123.91405526293961,46.005761958323951],[-123.91384773593931,46.005887062857759],[-123.91365197237766,46.005965177081237],[-123.91324550537284,46.006121838844628],[-123.91291772539702,46.006224633788385],[-123.91264335206149,46.00635139885631],[-123.91252926512209,46.006432358258635],[-123.91242786329282,46.006593895475689],[-123.91241408762795,46.006739174056726],[-123.91248392265813,46.00691303764593],[-123.91268857235457,46.007109059371075],[-123.91287864149565,46.0071861436139],[-123.91313463799543,46.007246224125325],[-123.91345265597906,46.00735581854201],[-123.91364714393302,46.007500274020074],[-123.91368650361717,46.007664867275807],[-123.91362769001721,46.007801024245921],[-123.91338042334537,46.007880631334871],[-123.91297462468712,46.007923400077402],[-123.91247591777062,46.008025933365623],[-123.91214157200839,46.008144280605244],[-123.91195727094977,46.00828928744901],[-123.91181114739238,46.008453766050138],[-123.91168113871291,46.008762932186457],[-123.91162481883616,46.009072981313203],[-123.90813199563665,46.009067654284834],[-123.90807292152525,46.010309616654908],[-123.90876318429461,46.010315156939427],[-123.90875124029459,46.010603614081823],[-123.90853646748323,46.0105944651729],[-123.90706037377464,46.010611935694506],[-123.90712997344623,46.012969414736958],[-123.90741961365003,46.012972559695513],[-123.90744794202251,46.01674516584653],[-123.9084741253008,46.016735778401497],[-123.910613625745,46.016711982269257],[-123.910431665696,46.016104535192646],[-123.91033690870488,46.015829869981552],[-123.90963887999989,46.013925498851769],[-123.90978137795679,46.013924391491081],[-123.91091170382427,46.013938581302597],[-123.91120664588487,46.016320812811486]],[[-123.91176466586465,46.010505923945509],[-123.91124199279467,46.010807805181869],[-123.91107856409167,46.010953028398745],[-123.91098010334663,46.011078259073635],[-123.91091496470878,46.010930327840292],[-123.91075143090286,46.010671098468727],[-123.91064523745983,46.010574295641632],[-123.91054737768773,46.010511550309076],[-123.91175020209026,46.010118352340918],[-123.91176466586465,46.010505923945509]],[[-123.91305613691769,46.002672997333363],[-123.91344963494474,46.002672691577224],[-123.91343661476303,46.002809804932681],[-123.91266280238402,46.002810403339595],[-123.91266248168546,46.002536199379641],[-123.91306915979438,46.002535886134829],[-123.91305613691769,46.002672997333363]],[[-123.91362024927172,46.002535457451202],[-123.91364628604192,46.002261234032602],[-123.91403977778074,46.002260289925559],[-123.9140137383156,46.00253451210083],[-123.91362024927172,46.002535457451202]],[[-123.91313166097859,46.001877743658227],[-123.91352514912417,46.001877436649728],[-123.91349911145566,46.002151661970629],[-123.91310561792017,46.002151965233615],[-123.91272530895813,46.002152261008675],[-123.9127249918528,46.001878058154794],[-123.91313166097859,46.001877743658227]],[[-123.91103267724864,46.001605116926278],[-123.91091803964197,46.002811732439419],[-123.9101310462828,46.002812323358448],[-123.91024570095746,46.001605707858189],[-123.91103267724864,46.001605116926278]],[[-123.91188737573245,46.000891514931268],[-123.91183006950554,46.001494824710655],[-123.91104309501098,46.00149542188381],[-123.91110041381434,46.000892113982957],[-123.91188737573245,46.000891514931268]],[[-123.91362410753585,46.000835320110163],[-123.91205017741137,46.000836533815068],[-123.91207622585968,46.000562311960017],[-123.91325666514362,46.000561401520805],[-123.913282708202,46.000287176430049],[-123.91367618287289,46.000286871284757],[-123.9136501478993,46.000561095129015],[-123.91362410753585,46.000835320110163]],[[-123.91191603019338,46.000589845406253],[-123.91112907097019,46.000590445709214],[-123.91115772722776,46.000288804495618],[-123.91194468465432,46.000288206685397],[-123.91191603019338,46.000589845406253]],[[-123.91380773755299,46.000560972197846],[-123.91383377432315,46.000286748977054],[-123.91422724989233,46.000285803588255],[-123.91420121132552,46.00056002681378],[-123.91380773755299,46.000560972197846]],[[-123.91253220979958,45.999903865195932],[-123.91250617033444,46.000178090938398],[-123.91211268937539,46.000178390468108],[-123.91213873692537,45.999904168471275],[-123.91253220979958,45.999903865195932]],[[-123.91195510151834,46.000178511528027],[-123.91038119295344,46.000179702782653],[-123.9104097899222,45.999878716426601],[-123.91198368950396,45.99987752454151],[-123.91195510151834,46.000178511528027]],[[-123.91201240505032,45.999575203619933],[-123.91122546109851,45.999575802061841],[-123.91128277181701,45.998972491326086],[-123.91206971127725,45.998971892877663],[-123.91201240505032,45.999575203619933]],[[-123.91256867780686,45.999519919790337],[-123.91258169888692,45.999382805769983],[-123.91259472086527,45.999245694530011],[-123.91277827362725,45.999245555371175],[-123.91277859612245,45.999519758167189],[-123.91256867780686,45.999519919790337]],[[-123.91381158683397,45.998860860923642],[-123.91225738191652,45.998862063439219],[-123.91238552210021,45.998677076047407],[-123.91239060207313,45.998612139327342],[-123.91254238771175,45.996671476029441],[-123.91402258672115,45.996710710653282],[-123.91443371059241,45.996720787338305],[-123.91447038431387,45.996788740480369],[-123.91507922198929,45.997800338714221],[-123.91524913563032,45.998179838514801],[-123.91527674535057,45.998424621241824],[-123.91522588812909,45.998735523960164],[-123.91475486549302,45.998746223688812],[-123.9139799661525,45.998748717338081],[-123.91399132804422,45.998629061984097],[-123.91383376534002,45.998627268499739],[-123.91381158683397,45.998860860923642]],[[-123.91241371213215,45.996805269289936],[-123.91237534508637,45.997295796879044],[-123.91234531979632,45.99767961855499],[-123.91131702817205,45.997668828133015],[-123.91134514544044,45.997269041859873],[-123.91151421825838,45.997273433944933],[-123.91155090994616,45.996782360730464],[-123.91241371213215,45.996805269289936]],[[-123.92602116837547,45.980267130027954],[-123.92604489198382,45.980131018912012],[-123.92643669129667,45.980164223185959],[-123.92660566889317,45.979211688152368],[-123.92605811967637,45.979165313979536],[-123.92609548060904,45.979084927077118],[-123.92619213753699,45.978876967594239],[-123.92665415096907,45.978959934238858],[-123.92669663050224,45.978739408518756],[-123.92670017884761,45.97872144038358],[-123.9267033588837,45.978706053567407],[-123.92670554897636,45.978695803178709],[-123.92670894101487,45.978680436956111],[-123.92671186323452,45.978667643940469],[-123.92671548793669,45.9786523045533],[-123.92671923840298,45.978636980144266],[-123.92672377220022,45.978619119349098],[-123.9267277966527,45.978603829265353],[-123.92673265025019,45.978586010909453],[-123.92673622285007,45.978573297153481],[-123.92674211939161,45.978552980482988],[-123.92674823961362,45.978532696891087],[-123.92675539289824,45.978509917482057],[-123.92676282735552,45.978487181762226],[-123.92677054298549,45.978464492228632],[-123.92677673866601,45.978446875465593],[-123.92678218425327,45.978431800705877],[-123.92678877968407,45.978414013507866],[-123.92679751310529,45.978391192848505],[-123.92680755267686,45.978365899461409],[-123.9268179452864,45.978340674107848],[-123.92682978238692,45.978313010356779],[-123.92684317806443,45.978282933175265],[-123.92685472321246,45.978257954369511],[-123.92687025328708,45.978225599829386],[-123.92688259793574,45.978200805781086],[-123.92689144454465,45.978183501068244],[-123.92690176079736,45.978163776685527],[-123.92691362844056,45.978141653855459],[-123.92692169531183,45.978126945458442],[-123.9269340246891,45.97810494497039],[-123.92716019532483,45.978153709731437],[-123.92717480911786,45.978128725873248],[-123.92718533827131,45.978111180170004],[-123.92719922981885,45.978088576631556],[-123.92721486319974,45.978063838081894],[-123.92722933236404,45.978041561641518],[-123.9272424486655,45.978021841578112],[-123.92725918787249,45.977997304637967],[-123.92727630077866,45.977972894413888],[-123.9272937882823,45.977948612154563],[-123.9273080463425,45.977929281603217],[-123.92732333566865,45.977908990915836],[-123.92746263831805,45.977960583171765],[-123.92742012464892,45.978003113473143],[-123.9273590562776,45.978073251442183],[-123.92730908569327,45.978172344769483],[-123.92725564042543,45.97829106487815],[-123.9272347204591,45.978330730166419],[-123.92719208911066,45.97839706906305],[-123.92716363048245,45.978466240795086],[-123.92714429334768,45.978531889717303],[-123.92712534967494,45.978604034648029],[-123.92709000186683,45.978675037708314],[-123.92707433345164,45.978724310116682],[-123.92704765438603,45.97882271371892],[-123.92703862182583,45.978904326424619],[-123.92705257535715,45.979056844196272],[-123.92705305595582,45.979141429270875],[-123.92704643896545,45.979164736541641],[-123.92701813574578,45.97932956079093],[-123.9270283459973,45.979364451658071],[-123.92703012196662,45.9793936293255],[-123.92704316640287,45.979411139039833],[-123.92704792567724,45.979423724007056],[-123.92705966575969,45.97945260699538],[-123.92706657560086,45.979467712689889],[-123.92707157562373,45.979484267272852],[-123.92707674452987,45.97950360040263],[-123.92709370382414,45.97951980102328],[-123.92709531001184,45.979546200059353],[-123.92708538362797,45.979579899716256],[-123.92708554352807,45.979582520952412],[-123.92708665294745,45.979600739757586],[-123.92709008361352,45.97962430028133],[-123.92709186048116,45.97965347781183],[-123.92710593169177,45.979687858461581],[-123.92711152370441,45.979714139434101],[-123.92712525984341,45.979742961718621],[-123.9271464933218,45.979796618533463],[-123.927159888101,45.979819883703698],[-123.92716166496861,45.979849060506865],[-123.92716170269786,45.979882464085385],[-123.92715194429896,45.979918942692755],[-123.92714142592527,45.979942916333563],[-123.92713705292647,45.979969491205885],[-123.92713526797399,45.980005733166031],[-123.92713291528626,45.980016763621698],[-123.92712750203839,45.98004215238872],[-123.92712927890599,45.980071329699022],[-123.92713304823694,45.980100448314758],[-123.92712379738613,45.980145262337565],[-123.92712175641383,45.980177336718192],[-123.92711441358469,45.980220702429769],[-123.92711012682416,45.980248666738028],[-123.92710401738191,45.980279468848259],[-123.92710121463821,45.980299038913216],[-123.92710349905398,45.980336551618407],[-123.9271015434216,45.98037001483015],[-123.92710258546734,45.980387117229064],[-123.92710332028923,45.980399192591946],[-123.92710293401366,45.9804256498876],[-123.92709750010451,45.98046756716213],[-123.92707772998175,45.980536354895911],[-123.92707222600399,45.980564097439071],[-123.92706343149734,45.98059662914573],[-123.92705316465197,45.980624771172721],[-123.92704489206652,45.980652853882589],[-123.92703678836435,45.980683715070747],[-123.92703376373677,45.980698961507613],[-123.92703067892211,45.980714517563165],[-123.92702630502498,45.980741092065138],[-123.92701803243953,45.980769175340207],[-123.92700976165072,45.980797258601086],[-123.92700364951352,45.98082806103033],[-123.92700160943951,45.980860134391172],[-123.92700401422952,45.980932441711133],[-123.92700503022411,45.980949114461204],[-123.92700997005984,45.980973184412626],[-123.92701070757668,45.980976783761818],[-123.92700917415252,45.981017193712788],[-123.92701709819164,45.981048972948898],[-123.92701904573917,45.981080929449696],[-123.92701873492209,45.981112048832635],[-123.92701704249609,45.981146407352675],[-123.92701300816213,45.981178540455602],[-123.92701262098825,45.981204997378846],[-123.92700651154603,45.981235799581256],[-123.92700375371811,45.981248896005333],[-123.92700031586551,45.981265212846999],[-123.92699577488175,45.981289009871112],[-123.92699131923793,45.9813141958033],[-123.92698122127581,45.98134511592491],[-123.9269714637752,45.981381593568628],[-123.92697255882153,45.981387804678505],[-123.92697756423428,45.981416210977649],[-123.92698489628366,45.98143826383393],[-123.92698957291302,45.981457626244527],[-123.92700231641365,45.981494816061598],[-123.9269998523348,45.981519942598268],[-123.92699906451233,45.981532316720475],[-123.92699781226079,45.981552016806738],[-123.92699708732039,45.981572916031858],[-123.92699288500147,45.981602269816705],[-123.92697647278123,45.981639789129716],[-123.92696047917589,45.98166029693008],[-123.92695616097433,45.981666569807338],[-123.92694580519574,45.981681608729573],[-123.92694328542137,45.981702990434478],[-123.92694317223365,45.981703957988742],[-123.92694435711151,45.981723408946813],[-123.9269463028624,45.981755365058326],[-123.92694917836963,45.98180260411381],[-123.92695154632871,45.981841505953838],[-123.92693805632811,45.981882270458541],[-123.9269196480513,45.981907869982834],[-123.92688912329795,45.981936913349813],[-123.92681380764621,45.98203308338416],[-123.92678138834593,45.982063677259134],[-123.9267567493543,45.982085283537216],[-123.92674092732722,45.98212054845056],[-123.92672892134345,45.982152917568826],[-123.92672654260457,45.982179433951877],[-123.92671669886566,45.98221452215023],[-123.92671552207267,45.982220110816549],[-123.92671050408349,45.982243936144492],[-123.92670294296374,45.982274495570699],[-123.92668916190894,45.982319729183452],[-123.92667117853529,45.982352275464073],[-123.92626866591436,45.982270269586827],[-123.92603180442843,45.982256165909504],[-123.92609628639784,45.982000601835352],[-123.92564067346215,45.9820041898817],[-123.92563447239175,45.981620302561147],[-123.92524114684123,45.98162339062435],[-123.92524734970829,45.98200727917191],[-123.92485402056451,45.982010365340855],[-123.92486287615655,45.982558776203128],[-123.92466621068635,45.982560321769142],[-123.92465736048416,45.982011910922139],[-123.92448768040511,45.982013244266895],[-123.92423353892639,45.982563713150242],[-123.92330565918793,45.982570156961103],[-123.92329995668254,45.982186266074201],[-123.92265123291021,45.982190768595288],[-123.92264413352451,45.981712430642148],[-123.92329284651703,45.981707746431653],[-123.92436132247893,45.981836579554162],[-123.92436174199217,45.98186490322513],[-123.92443278974798,45.981864391983436],[-123.92520082506138,45.980209044648134],[-123.92532560105437,45.980208170704564],[-123.92602116837547,45.980267130027954]],[[-123.92183860342948,45.981862299575333],[-123.92118988325041,45.981866975033618],[-123.92117820155846,45.9811361056043],[-123.92182691455099,45.981131431332798],[-123.92183860342948,45.981862299575333]],[[-123.91213294458841,45.983105596132745],[-123.91221830969322,45.983115028610712],[-123.91222454040803,45.98355005691753],[-123.91133989388928,45.983557836417916],[-123.91132982736819,45.982874588871546],[-123.91213294458841,45.983105596132745]]]]},"properties":{"OBJECTID":3,"NAME":"Seaside","Shape__Area":21498944.112116363,"Shape__Length":61195.097644567293}},{"type":"Feature","id":6,"geometry":{"type":"MultiPolygon","coordinates":[[[[-123.7634311244306,46.201519446370405],[-123.76461095465679,46.201245328622406],[-123.76467253416949,46.201354732036343],[-123.76540818970851,46.201244425843292],[-123.76416837268259,46.198278289210492],[-123.76632137211057,46.198296986200312],[-123.76666426444439,46.198592842366885],[-123.7670360061736,46.198861289075488],[-123.76730784087013,46.199040870033222],[-123.76753674058769,46.199174451099047],[-123.76769960514872,46.199217407453688],[-123.76782835888174,46.199251157208337],[-123.76785926541909,46.199259630084732],[-123.76796806128146,46.199289816444981],[-123.76908560142752,46.199501144129506],[-123.76910599677772,46.201832968776003],[-123.7698044872168,46.201873724573971],[-123.76877268946797,46.202496749012965],[-123.77127969249153,46.204266822352331],[-123.77173465864023,46.204096687427416],[-123.77243020440179,46.203789666209303],[-123.77259628043993,46.203680003412501],[-123.77356058147325,46.203219511280551],[-123.77378978931294,46.203148207925153],[-123.77761531345938,46.201240204169359],[-123.77921188382395,46.200417690933861],[-123.78081617251347,46.199650092287321],[-123.78142475057571,46.199332000470662],[-123.78154334975281,46.199249740191618],[-123.78127491248466,46.19894791479458],[-123.78111678114686,46.199002821203578],[-123.77925158307131,46.199934926006748],[-123.77896706865454,46.200099496617966],[-123.77888813099555,46.200099405840753],[-123.77879335244489,46.200033540100883],[-123.77873015776129,46.199945775779234],[-123.77858022624541,46.199655012327398],[-123.77795660499538,46.198771500863629],[-123.77768811921821,46.198436817968783],[-123.77749075575704,46.198228278617592],[-123.77723006196665,46.198096497804286],[-123.7770404365933,46.198041627174966],[-123.77674813917292,46.198003116288639],[-123.77617149352406,46.197975538856177],[-123.77580797497295,46.197997359177442],[-123.77572901395781,46.197986378445215],[-123.77568951233981,46.197942453007272],[-123.77577641176713,46.197854654878007],[-123.77640882932043,46.197416008465424],[-123.77752321637983,46.196818287726337],[-123.77778398383209,46.196615363936466],[-123.77795004729383,46.196461856577493],[-123.77796588638891,46.196417919350274],[-123.77819505021114,46.196253458964271],[-123.77851912912799,46.196110843406885],[-123.77878770383838,46.196039622853377],[-123.77902473510586,46.196001284670245],[-123.77930129494082,46.196017847768516],[-123.77946716526476,46.196061714429632],[-123.77962521126263,46.196138577226833],[-123.77976725646859,46.19624839684797],[-123.77990149980633,46.196484271321296],[-123.78010688342638,46.19659959754572],[-123.78047022500934,46.196731304223967],[-123.78067552867931,46.196841143179931],[-123.78078614003688,46.196863063439359],[-123.78111008600305,46.196857698563498],[-123.78115759969506,46.196671160607345],[-123.78144196678815,46.19667119729359],[-123.78179738612862,46.196874322961634],[-123.78179733941622,46.19701697260173],[-123.7818289637075,46.197071839901689],[-123.78212118297448,46.197077394404403],[-123.78217653626395,46.197159728820246],[-123.78231864165707,46.197181706157743],[-123.78246888578666,46.197165284557684],[-123.78251634018984,46.197039044509339],[-123.78254003864537,46.197028082239534],[-123.78325115131248,46.196841767465664],[-123.78498144039867,46.196650143125929],[-123.78557416319619,46.196524026254572],[-123.78578736395582,46.196496731621735],[-123.78664076167908,46.196409132646735],[-123.78787330774111,46.196316115128205],[-123.78807077720346,46.196321592603553],[-123.78888450801875,46.196414975733219],[-123.78928743027149,46.196376730460713],[-123.78936640565966,46.196343781067874],[-123.78963513488027,46.196157328420036],[-123.78984863208396,46.195861100355927],[-123.79003822242299,46.195696525755586],[-123.79105770337095,46.195082233508629],[-123.79130263981297,46.194972621110232],[-123.7916028154584,46.19487388040902],[-123.79195836235967,46.194813633402582],[-123.79282743209137,46.194736947215191],[-123.79297761064396,46.194698555890071],[-123.79362551605104,46.194402360381019],[-123.7939019941393,46.194314667902539],[-123.79417856026242,46.194259824588215],[-123.79515820721578,46.194150220498635],[-123.7953083372593,46.194117311433416],[-123.79534789547115,46.194128287964126],[-123.79536365731113,46.194161205728442],[-123.79522139201791,46.194397100353527],[-123.795102784756,46.194835961141898],[-123.79507103380226,46.195033466754055],[-123.79506299927036,46.195455894753344],[-123.79499193175164,46.195587607281809],[-123.79488131590246,46.195664338918071],[-123.79478639990954,46.195697314834383],[-123.79459684370651,46.195719241768209],[-123.79448627187482,46.195763030319505],[-123.79459677723116,46.196092296150503],[-123.79483378065089,46.196070394237822],[-123.79537098037733,46.195988171980716],[-123.79564759770443,46.19592783478997],[-123.79737781043384,46.195637205529351],[-123.79782813947902,46.195544057367009],[-123.79834960521326,46.19546733364637],[-123.79780441766734,46.195955528906516],[-123.79774908503909,46.195642801838495],[-123.79767015366832,46.195642723490188],[-123.79763056850703,46.196059705370025],[-123.7974961976085,46.196098081442663],[-123.79742503397003,46.196410794727285],[-123.79707740212473,46.196427264431641],[-123.79705379350074,46.196344897828141],[-123.79687986708534,46.196372387782816],[-123.79687191340182,46.196575309360952],[-123.79695890266066,46.196558858355004],[-123.79691140693498,46.196805791434521],[-123.79608183343133,46.196855054055035],[-123.79612123084475,46.197293890861779],[-123.79679276823201,46.197277505359281],[-123.79686388875137,46.197337937445958],[-123.79786723595683,46.197321570610427],[-123.79796998885227,46.197140579398379],[-123.79815965914136,46.197135116305923],[-123.79816756072262,46.196964958052334],[-123.79808856287653,46.196915647651906],[-123.79802551192337,46.196482196366098],[-123.79789119761871,46.196443806882051],[-123.79789126229743,46.196224293806004],[-123.79877632383784,46.195319178779769],[-123.79947148871373,46.195182094350244],[-123.79955844473488,46.195297318842414],[-123.79979537539108,46.195324818648402],[-123.79979550295187,46.195154719458166],[-123.80112280690328,46.194897006541467],[-123.80107516026059,46.195818676134145],[-123.80101989141275,46.195796745509114],[-123.80099611929538,46.196016155829312],[-123.80145441639715,46.196016180079816],[-123.80148607123115,46.195884552522806],[-123.80138332192892,46.195824163608066],[-123.80146255872688,46.194847639565111],[-123.80292408265983,46.194480155749751],[-123.80287636415197,46.196959922117095],[-123.80025325387793,46.197705821236553],[-123.79930517731695,46.197431479270797],[-123.79925773549019,46.197574105080072],[-123.80037957856644,46.197853976508327],[-123.80697693716704,46.195939645426421],[-123.80707961550232,46.195445895979894],[-123.80694534252018,46.195445946346872],[-123.80675568390917,46.195797030298245],[-123.80305016929481,46.19688858576604],[-123.80308213225094,46.194386880639094],[-123.80750642395844,46.193377624888385],[-123.8076328223088,46.193459983502635],[-123.80761699758678,46.193591585775344],[-123.80779074613575,46.194030550001905],[-123.80858074974945,46.19384945529734],[-123.80844651000497,46.193339293553812],[-123.80816210697927,46.193273445827757],[-123.80816211326749,46.193185605415479],[-123.8107217881094,46.19264256984664],[-123.81139320512241,46.193273470701307],[-123.81125890249587,46.193350208677977],[-123.81166977843209,46.193651940455219],[-123.81194630592771,46.193525772552583],[-123.81160659362996,46.193207601753905],[-123.81146434181149,46.193245969246966],[-123.8109192288257,46.192620553383016],[-123.81102195926329,46.192582204108682],[-123.81099823206168,46.192510822898306],[-123.81117205337422,46.192477909120278],[-123.81217534218916,46.193492911616609],[-123.81227802681266,46.193416042009744],[-123.81135369362296,46.192412087723547],[-123.81208047111201,46.192253016742477],[-123.81257829139132,46.192790648602049],[-123.81248345534847,46.192845503953862],[-123.81286272406142,46.19326247845386],[-123.81332082263549,46.193136272968559],[-123.81294170663615,46.192686358983956],[-123.8128152157593,46.192730280539415],[-123.81232549558891,46.192214549060047],[-123.82172600391449,46.189948266272808],[-123.82186816230818,46.190321289558732],[-123.82425391163302,46.190211291430899],[-123.82433291127572,46.190277144069519],[-123.82428556826363,46.190491056705596],[-123.82404855586074,46.19047467725904],[-123.82404065248288,46.190578866599871],[-123.82462525990009,46.190518486157842],[-123.82461725501261,46.190260597897222],[-123.82473572662892,46.190227703915284],[-123.8247831271332,46.189827216629311],[-123.82577050229288,46.189766705388905],[-123.82581004253845,46.189914834180406],[-123.82601540639556,46.189920272493687],[-123.82604706482279,46.189750216897671],[-123.82765069504717,46.189865232634006],[-123.82772181915979,46.190018798219732],[-123.82783237212686,46.190062723150703],[-123.82790350162938,46.189974906834991],[-123.82800622038886,46.189980373748611],[-123.82812472703945,46.190079053591944],[-123.82995747347537,46.190347625222813],[-123.82999712331539,46.190742622601732],[-123.83036849134542,46.190748016680516],[-123.83076336918477,46.190490080369088],[-123.83106354842346,46.190561340451922],[-123.83106361939036,46.190857620714702],[-123.83554325989579,46.191756427736252],[-123.83552728246015,46.19159184208722],[-123.83576435055858,46.191602797357326],[-123.83578018426377,46.191723460648625],[-123.83595393011781,46.191712470578622],[-123.83600931395003,46.191860564898974],[-123.8364596241306,46.191789135490289],[-123.83659403635163,46.191986689985463],[-123.83736822512473,46.191959054188644],[-123.83743117097499,46.191487168994655],[-123.83846604994524,46.191481457840233],[-123.83867178031497,46.192183664205189],[-123.83872710036678,46.192309802230902],[-123.83931967673892,46.192287712877487],[-123.83938272948872,46.192156026641833],[-123.84010956985983,46.192150411322061],[-123.84019616745321,46.191651080863892],[-123.84081244767071,46.191661931028356],[-123.84077306013877,46.191892353490061],[-123.84044125032058,46.191974716195688],[-123.84040200831572,46.192358771637892],[-123.84055995639717,46.192347799106678],[-123.84067831213082,46.192095372451917],[-123.8409390059212,46.192040444216481],[-123.84093916132977,46.192254376729394],[-123.84153158588657,46.192204827664227],[-123.84155519990045,46.192045712553636],[-123.84161839997395,46.192051185479819],[-123.84165797794876,46.192215777215523],[-123.84176853181414,46.192199300652319],[-123.84190278323669,46.19195242895811],[-123.84196593390287,46.191963390996747],[-123.8419976372459,46.192078537043763],[-123.84191861694191,46.192089559998777],[-123.8419186699425,46.192254084459698],[-123.84206084001433,46.192254113686651],[-123.84202151895771,46.192462576836135],[-123.84206115352636,46.192698446416436],[-123.84305657399776,46.192687226458496],[-123.84317488840888,46.192407349858456],[-123.84207675546621,46.19241321140403],[-123.84217901069503,46.191557353213582],[-123.84394074171445,46.191589702895911],[-123.84406758652752,46.192467447771925],[-123.84435986867656,46.192478334464219],[-123.84435954528306,46.191924290685868],[-123.84447021772606,46.191924192432907],[-123.84455740910587,46.192412432227698],[-123.84510252388824,46.192456187968574],[-123.84514202909951,46.192522043514117],[-123.84511841598395,46.192697543496848],[-123.84496043915641,46.192681159111238],[-123.84496847458659,46.192790901070872],[-123.84525286413758,46.192785288303362],[-123.84605079089208,46.192817987982934],[-123.84614561346019,46.192839872536567],[-123.84627988105245,46.192823399269678],[-123.84630341152301,46.192735560003648],[-123.84626396470225,46.192647833773165],[-123.84635008798516,46.191462784649516],[-123.84737685786334,46.191182639388067],[-123.84739275175568,46.191314374595578],[-123.84716365620538,46.191341817317877],[-123.84691104994748,46.19151748337454],[-123.84652389851792,46.191523055850766],[-123.84653189981215,46.191731619404557],[-123.84664248062698,46.19174249504924],[-123.84665835655299,46.191797372590308],[-123.84652407548604,46.191846788323936],[-123.84658780736217,46.192603849345339],[-123.84672204710662,46.192559923957795],[-123.84672977621136,46.192236225534003],[-123.84806476075846,46.192142521890062],[-123.84809642816884,46.192246777716512],[-123.84856256846138,46.192202721454883],[-123.84860199911242,46.192103968314683],[-123.84844390550393,46.192071123318641],[-123.84763818316939,46.192087818812297],[-123.84770865061353,46.191116726269897],[-123.84845886604663,46.190897043289027],[-123.84847468807375,46.190754362837765],[-123.84856937679291,46.190759865120341],[-123.84869585599162,46.190886012010573],[-123.85098615841922,46.189875795221802],[-123.85113628576782,46.189963511573794],[-123.85123892547556,46.189963465554953],[-123.8519112551769,46.191027477619045],[-123.85202180275407,46.191027460828707],[-123.85216409050518,46.191202981130644],[-123.85318305492186,46.191065411329411],[-123.85327799876255,46.191262883852808],[-123.85329395823189,46.191356185408935],[-123.85383104207564,46.191207805538397],[-123.85247861763561,46.189167509670028],[-123.85307083108836,46.188914863185609],[-123.85439948610598,46.190883959231144],[-123.85446262060246,46.190801583075448],[-123.85372705938656,46.189666238946288],[-123.85335530418267,46.189008049947155],[-123.85367118237926,46.188920185926627],[-123.85447792070836,46.190033581447629],[-123.85484119222274,46.189951121929717],[-123.85478587217091,46.189868822110611],[-123.85445400665721,46.18977023579351],[-123.85375013441126,46.188771992265593],[-123.8540422800164,46.188590883964828],[-123.85397896675518,46.188519537371818],[-123.85531352639914,46.187953970942623],[-123.85533720778666,46.187910052411141],[-123.85549510286751,46.187855139271804],[-123.85564517002898,46.187838622221605],[-123.85582693963515,46.187844010366405],[-123.85598494161553,46.187887917134546],[-123.8562220537314,46.188035899246167],[-123.85636433339768,46.188101704117408],[-123.85658559204543,46.18825520311227],[-123.85687041638096,46.188754280218276],[-123.85704441376332,46.188984637755965],[-123.85715512303722,46.189253450428687],[-123.85697354387391,46.189335817088853],[-123.85754298772915,46.1901859158747],[-123.85742458168986,46.190213446222735],[-123.85745626796488,46.190301141514105],[-123.85710872415449,46.190378093211649],[-123.85733044273965,46.190943072532129],[-123.86046600505236,46.190327360897705],[-123.85758059480018,46.187931109305303],[-123.85752531247761,46.187859793572805],[-123.85758847751681,46.187804958120871],[-123.85773060806275,46.187744490052985],[-123.85801495179963,46.187788251997695],[-123.85825194264295,46.187727879684289],[-123.85839405432426,46.187733290228415],[-123.85869429554674,46.187831926841511],[-123.86223517322404,46.189909634667309],[-123.86390162982279,46.189563226339729],[-123.86008426148081,46.187458217491809],[-123.85997353424054,46.187288230773007],[-123.86002065626708,46.186986460949242],[-123.86016271045624,46.186821859150811],[-123.86025748990524,46.186750491604222],[-123.86059705937085,46.186646049350458],[-123.86075498050286,46.186651519704739],[-123.8654574840471,46.189238770845677],[-123.86633421640821,46.189084703084006],[-123.86642898777238,46.189046273606678],[-123.86638151899611,46.188969501635682],[-123.86649992234048,46.188876172396292],[-123.86666550250855,46.188634701205935],[-123.86674433596296,46.188415222236102],[-123.86691004189521,46.188272480615474],[-123.86696524516607,46.18817369118441],[-123.86694926413715,46.187998217179555],[-123.86683851713396,46.187811678380285],[-123.86658530361497,46.187383933412598],[-123.8663559870791,46.187131689811636],[-123.86616614880506,46.186868437844858],[-123.86583394462649,46.18650105677672],[-123.86532798201742,46.186001965431778],[-123.86497990281113,46.185513916840605],[-123.86463195026732,46.1851245116071],[-123.86439478604915,46.184899772611573],[-123.86414971485986,46.184691388994707],[-123.86375451632195,46.184428243509842],[-123.86220566985517,46.183693844348127],[-123.86182629064945,46.18347999046631],[-123.86176314716978,46.183403243062536],[-123.86178658960544,46.183161861025738],[-123.86209424552227,46.182750217199889],[-123.86263082630947,46.182179426619498],[-123.86359346186624,46.181246305381116],[-123.86375924774858,46.18105973931597],[-123.86380654494658,46.180960917019384],[-123.86377489460418,46.180884206527672],[-123.8636641583808,46.18081286485954],[-123.8635535515148,46.18074161142011],[-123.86344289793641,46.180708784513563],[-123.86325341809017,46.180730827517877],[-123.86311135940946,46.180835134222697],[-123.86299300277751,46.180972292999591],[-123.86250402192059,46.181685734545049],[-123.86238553593124,46.181773574677052],[-123.86203032140666,46.18192736873992],[-123.86169855830086,46.181982343777797],[-123.86139842667286,46.181938618882846],[-123.86119301430674,46.181861868083374],[-123.8609559093774,46.181730274421199],[-123.86079780049749,46.181620678309734],[-123.86075043502751,46.181565860890942],[-123.86070281353766,46.181362820452357],[-123.86072637005937,46.181220168742385],[-123.86083675504148,46.180962295945044],[-123.86078131192045,46.180863622126331],[-123.86071808669412,46.180814234459241],[-123.86089952482195,46.180534403761371],[-123.86052810738457,46.180348021254098],[-123.8604018958838,46.180446804845332],[-123.86037795757811,46.180232877378415],[-123.86031473953827,46.180101228814316],[-123.86018821093221,46.179980591634575],[-123.85993540255336,46.179838042076767],[-123.8595087369294,46.179772407068882],[-123.85943769097022,46.179744952350532],[-123.85917697831522,46.179618931658567],[-123.85816541691479,46.178993925514391],[-123.85793635729711,46.178895293569241],[-123.85780199628009,46.178862371638104],[-123.85729687629075,46.179224735093975],[-123.85713886263228,46.179153472754429],[-123.8572019396366,46.179043737776531],[-123.85714653514313,46.178988887932441],[-123.857256999177,46.178851617845396],[-123.85710689338795,46.178747446706346],[-123.85689360639003,46.178654275517133],[-123.85675149740366,46.178731211797249],[-123.85684636309092,46.178824372904081],[-123.85668049815688,46.178939647239595],[-123.8531486449549,46.177059245511941],[-123.8528484540381,46.176883830577182],[-123.85254805381382,46.176543797439074],[-123.85235039211197,46.176203723632383],[-123.85199469249713,46.175781481699367],[-123.85159958738402,46.175457904670054],[-123.85076204043392,46.174865641832554],[-123.85039065803086,46.174684806828417],[-123.85019318767013,46.174640917507389],[-123.85001159503209,46.174619053700262],[-123.84971940091793,46.174624649661283],[-123.8489218523542,46.174718151765781],[-123.84881121225054,46.174718255025873],[-123.84755517704049,46.174071303026516],[-123.84691524687651,46.173764285738834],[-123.84629907805008,46.173435314126472],[-123.84625153381536,46.173325595107983],[-123.84615677682422,46.173237827946899],[-123.8460067006796,46.173150106678655],[-123.84560379190162,46.172930791076553],[-123.84471906363619,46.1725415150662],[-123.8445767830716,46.172420886805952],[-123.84453719701199,46.172272767483946],[-123.84460804534179,46.171806398498383],[-123.84460006291219,46.171691163952424],[-123.84448143678564,46.171482790614817],[-123.84438664386194,46.171400507936845],[-123.84315475985831,46.171400885543257],[-123.84253088438504,46.171411976097502],[-123.84238875563575,46.17144497402915],[-123.84227037474929,46.171565638022457],[-123.8422074037462,46.171861939174015],[-123.84208108624419,46.171971679152811],[-123.84195483072597,46.172026613756373],[-123.84148887099484,46.17205417061691],[-123.8413230204338,46.172103632714645],[-123.84114147271153,46.172109111358822],[-123.84056487377505,46.171950188776727],[-123.84043056396199,46.171884393809975],[-123.84009084268109,46.171610143172508],[-123.83986181540278,46.171500496407219],[-123.83960909326223,46.171434767465712],[-123.8391746733807,46.171423828082929],[-123.83910358699731,46.171358025643521],[-123.83907202648643,46.171259251229849],[-123.83897708623901,46.171149611230064],[-123.83881915522554,46.171089297783908],[-123.83843226520571,46.171034540162005],[-123.83829005830299,46.170968712995325],[-123.83822683846654,46.170875487568026],[-123.83821879674811,46.1707382961402],[-123.83813984561444,46.170683435523294],[-123.83760288933145,46.170650655490071],[-123.83690793286469,46.170672765358063],[-123.83659212114343,46.170793613318807],[-123.83533678572101,46.171315002723517],[-123.83534458938585,46.171342489022742],[-123.83528145848263,46.171408290858608],[-123.83520254328155,46.17144126515317],[-123.83502093986374,46.171468694779463],[-123.83470510029468,46.171468756988062],[-123.83448389913909,46.171490803074462],[-123.83431814020626,46.171529188836345],[-123.83413649187263,46.171622497758975],[-123.83386018356599,46.171803619659094],[-123.83348914611599,46.17188048900816],[-123.83307847409731,46.172078070263169],[-123.83239152341639,46.172116654058115],[-123.8322887741142,46.17213306634617],[-123.83218621525485,46.172204462821426],[-123.83198885089534,46.172561044436456],[-123.83194159052825,46.172709172935193],[-123.83187846501491,46.172758595253413],[-123.83156250686825,46.172802568189923],[-123.83137296324161,46.172802599293469],[-123.82883010576009,46.172665841280249],[-123.82841945889429,46.172676919760086],[-123.82829307671361,46.172654978035183],[-123.82818248511896,46.172589180179116],[-123.82816663254916,46.172534305234485],[-123.82823760394818,46.172084415465434],[-123.82742226964008,46.16964324206743],[-123.82359484735345,46.169608183881941],[-123.82116702273737,46.16924026506193],[-123.8186579338257,46.168371152010771],[-123.81141594058397,46.168559878818634],[-123.81143433448771,46.169998309916494],[-123.81148887480185,46.174282063330146],[-123.80818530597148,46.174374631071878],[-123.80822795528623,46.177348429781169],[-123.78742445193298,46.177343486595355],[-123.76889687796275,46.177203887287305],[-123.76895375659159,46.183670664367718],[-123.76879572676344,46.194627099700561],[-123.7686632584967,46.194666153317208],[-123.76799666453843,46.194863181981169],[-123.76675010385969,46.194701227240685],[-123.76551956373574,46.194384364107954],[-123.76453200082813,46.194040201429736],[-123.76281719959576,46.193040702225382],[-123.76181322446793,46.192560901501196],[-123.76075585707287,46.192183246321122],[-123.75965748966991,46.19267004361987],[-123.75811360998833,46.192244224398209],[-123.75712514876545,46.191931424596483],[-123.75675480750978,46.191737074328209],[-123.75628582584604,46.191453919421299],[-123.75584589839355,46.191149160784938],[-123.75540204889647,46.190796371830793],[-123.75598349154896,46.191378732204051],[-123.75606228547747,46.191548849922171],[-123.75603853581799,46.191631178318559],[-123.75580916717985,46.191982171597999],[-123.75572990612743,46.19214667772485],[-123.75578512736456,46.192223532317207],[-123.75599849790576,46.192245609881233],[-123.75615641274956,46.192212789843822],[-123.75623549773223,46.192157909608284],[-123.75637785195867,46.191982450188362],[-123.75647272034091,46.191916663022077],[-123.75661494161668,46.191911219931498],[-123.75772074886679,46.192180548108524],[-123.75802872817712,46.192306931772073],[-123.75810738915499,46.192570289524092],[-123.75821795200351,46.192674586202749],[-123.75839955901463,46.19276239509589],[-123.75888139826502,46.192883302091275],[-123.7592998937115,46.193053588024249],[-123.75952896141402,46.193020744839387],[-123.75967128509772,46.192965977342261],[-123.75989269017086,46.19279053045161],[-123.75994800573112,46.192713750651734],[-123.76004276362055,46.192724733059386],[-123.76012170666941,46.192829057427943],[-123.76029544623523,46.192966230432134],[-123.76026361443314,46.193119889957401],[-123.76035835435626,46.19325156269047],[-123.76029508780744,46.19330643499368],[-123.7601369762326,46.193372195622885],[-123.76001047906756,46.193503808677029],[-123.75994699692303,46.193778103093564],[-123.75985215369367,46.193854787509828],[-123.75965455397557,46.193942503108076],[-123.75955171304521,46.194041196358121],[-123.75955955533765,46.194139965294049],[-123.75968593123014,46.194244245313662],[-123.75974897320015,46.19430466892144],[-123.75982783989217,46.194469293083337],[-123.7598435810709,46.194633888148239],[-123.75981180855763,46.194754521777341],[-123.75992999810292,46.195138667234012],[-123.75519656107187,46.196200776494514],[-123.75525954914296,46.196370907889673],[-123.7600245718377,46.195286811394581],[-123.76057644644263,46.196592730993864],[-123.7559852747048,46.197545293178038],[-123.75607198818085,46.197649568601115],[-123.76062380292949,46.196680525543272],[-123.76112830487786,46.19794257114664],[-123.75658428481096,46.199004911607972],[-123.75665521668414,46.199120093265137],[-123.76127825795329,46.198129223547497],[-123.76157791796578,46.198738325336322],[-123.7614198935275,46.19872723034517],[-123.76131723585347,46.198661406484845],[-123.76111180731768,46.198699679390806],[-123.76123017383107,46.19890822690131],[-123.76168050557123,46.198864542827515],[-123.76190119648369,46.199424223858777],[-123.75721498119218,46.200437048746032],[-123.75728589689564,46.200579768100198],[-123.76216956188662,46.199709624556213],[-123.76321182950007,46.200478105888301],[-123.76328290779861,46.200565918478411],[-123.76332234383958,46.200708577187598],[-123.75812219518747,46.201841964139241],[-123.7582089823254,46.201979176820061],[-123.76348808390783,46.200939040059133],[-123.7636220173268,46.201399937410422],[-123.76340850575005,46.201482182035384],[-123.7634311244306,46.201519446370405]]],[[[-123.74342151619285,46.182308948692004],[-123.74332799348696,46.182996817382325],[-123.74333799982088,46.18303318557723],[-123.74339135346055,46.183227258755274],[-123.74359719252644,46.18365504664056],[-123.74361325530202,46.183885431767166],[-123.74360561243559,46.184115884341992],[-123.74367676259938,46.184280483670008],[-123.74410390792372,46.184773969595327],[-123.7445864523516,46.185492456011815],[-123.74484735904271,46.185755631852288],[-123.74511643231807,46.186210901320031],[-123.74536944102123,46.186435694659387],[-123.74549598849192,46.186517939293111],[-123.74562238774064,46.186627548652893],[-123.74576486503628,46.186852434197107],[-123.74592312123987,46.187170543524921],[-123.74601014463471,46.187252777108689],[-123.74626304733664,46.187334915417814],[-123.74646868248496,46.187554255041505],[-123.74677694566292,46.187762576810243],[-123.74698249636958,46.187927104273328],[-123.74718818182355,46.188168403197317],[-123.74742572333412,46.188694887821846],[-123.74752069053105,46.188826563071764],[-123.74769460347173,46.18898004822654],[-123.74782913606701,46.189210385539624],[-123.74797172924529,46.189605361241107],[-123.74805884516663,46.189769855203828],[-123.74817746230998,46.189868619378565],[-123.74820908480461,46.189906932611855],[-123.74833565203825,46.1900276083325],[-123.74854122340619,46.190230473739192],[-123.74890488209445,46.190460747356418],[-123.74909479313203,46.190712943343406],[-123.74924503815994,46.190850019643115],[-123.74991703099307,46.191310469929782],[-123.75033610136131,46.191573581225995],[-123.75092881787062,46.191864084597555],[-123.75116601173319,46.191951716935435],[-123.7512766680065,46.191979067305148],[-123.75155854496961,46.192358637318449],[-123.75190588755736,46.192616627045354],[-123.75217425565526,46.192737531874059],[-123.75241126626149,46.192792489883182],[-123.75260079821,46.192787098492431],[-123.75271150748395,46.19273227728381],[-123.75279065355208,46.192606117841251],[-123.75296458266243,46.192502006965093],[-123.75305158719262,46.192419712209329],[-123.75332816948546,46.192288195433157],[-123.75347837498749,46.192184062811812],[-123.75367589206058,46.192222542952614],[-123.75377068049274,46.192217056362729],[-123.7538576410055,46.192178771479405],[-123.75395254082873,46.192058081826211],[-123.75401587744616,46.191866052768134],[-123.75412658492345,46.191849660672354],[-123.75431599020955,46.192052802296885],[-123.75436329189915,46.192052758767204],[-123.75446605826933,46.192014458844987],[-123.75472700448631,46.191773151930889],[-123.75478244131912,46.19168539431508],[-123.75484587854788,46.191444043669776],[-123.75494077298123,46.191323443194868],[-123.75498032310823,46.191230211231726],[-123.75498837650477,46.191136914436647],[-123.75494108469665,46.19104363178608],[-123.7547674277758,46.190939294700456],[-123.75446728267309,46.190873331541162],[-123.75440406912485,46.190818400218774],[-123.75440417422773,46.190769078084308],[-123.75457019726529,46.190637479624684],[-123.75457818238985,46.190577125365529],[-123.7545544884259,46.190522200587694],[-123.75441240279572,46.190423421418728],[-123.75433341572943,46.190390464725226],[-123.75420701558244,46.190368437409454],[-123.75385943853438,46.190368301841424],[-123.75378054848613,46.190313385561083],[-123.7535756230069,46.189912795045984],[-123.75338606949877,46.189764554310848],[-123.75340219425813,46.189512179845373],[-123.75323645329156,46.189380430368196],[-123.75324431804189,46.189358508989706],[-123.75333915498307,46.189309191763982],[-123.75346564406328,46.189309254574248],[-123.75357611348703,46.189342187040765],[-123.7536234780587,46.18937517794452],[-123.75370219922368,46.189720800780215],[-123.75383645513784,46.189786783357206],[-123.75397074428967,46.189731895102305],[-123.75406560368872,46.189731985896643],[-123.75417608209563,46.189764917487942],[-123.75442873057433,46.189940640822272],[-123.75499707578997,46.190390752651709],[-123.75534057987652,46.190734805726187],[-123.75511572437439,46.19049885806907],[-123.75484320516161,46.190166590519866],[-123.75084742511596,46.185627366726166],[-123.75051787815399,46.185246257595608],[-123.74990233814829,46.184650757278582],[-123.7492187992688,46.18409218957094],[-123.74847183573699,46.183574284802788],[-123.74766644488084,46.183100509029373],[-123.74680801659194,46.18267403227204],[-123.74590229380001,46.182297709198231],[-123.74342151619285,46.182308948692004]]]]},"properties":{"OBJECTID":6,"NAME":"Astoria","Shape__Area":33802633.733500198,"Shape__Length":62964.411800306749}},{"type":"Feature","id":7,"geometry":{"type":"Polygon","coordinates":[[[-123.96527858743892,45.911270506096152],[-123.96537338036264,45.911355799684152],[-123.96616746592099,45.911381234292378],[-123.96616659186022,45.91107445878886],[-123.96849891029025,45.911105277483436],[-123.96848029989251,45.91040194095995],[-123.96750175696867,45.910381414281119],[-123.96648987307309,45.909759736892511],[-123.96863336024053,45.909788986219475],[-123.9686294283145,45.909760169419648],[-123.96862704957563,45.909734890328451],[-123.96862586829103,45.909712728298949],[-123.96862602908946,45.909673869565054],[-123.96862820211415,45.909644679556251],[-123.96863108929946,45.909622772507376],[-123.96863400253594,45.909608292811505],[-123.96863795691982,45.909588637771556],[-123.96863875462378,45.909585823836309],[-123.96866208566834,45.909525970487167],[-123.9686658981184,45.909520280731016],[-123.96867140568942,45.909513006492915],[-123.96868298677006,45.909499847482451],[-123.96869436572976,45.909488841114452],[-123.9687051994121,45.909479592988433],[-123.96871529557758,45.909471787458919],[-123.968734221284,45.909458767198117],[-123.96874934711674,45.909449524692505],[-123.9687611527762,45.909442880488207],[-123.96877950086589,45.909433370461599],[-123.96879849664087,45.90942439734529],[-123.96882834136956,45.909411553960581],[-123.96885456678598,45.909401276375505],[-123.96887763552246,45.909392959549493],[-123.96889793744786,45.909386164077915],[-123.96893378561762,45.909375255819207],[-123.96896099109598,45.909367812175255],[-123.96900241600697,45.909357663341076],[-123.9690447104872,45.909348525826012],[-123.96907682256368,45.909342648538491],[-123.96910517429235,45.909338335735413],[-123.96920325594832,45.909325866107153],[-123.96922832613127,45.909322407738081],[-123.9692668827216,45.909316131669641],[-123.96928517691236,45.909312553291436],[-123.96930331479625,45.909308513005335],[-123.96931500187809,45.909305650927458],[-123.96932404881133,45.909304976504622],[-123.9695048679999,45.90925555297764],[-123.96953679951501,45.909235805306068],[-123.96953804278334,45.909235298394478],[-123.96955743561371,45.909226918414028],[-123.96959780859751,45.909208527080835],[-123.96962746647661,45.909194372925661],[-123.96964935213191,45.909183491506205],[-123.96968159176913,45.909166645272101],[-123.96971310826258,45.909149053352913],[-123.9698126038668,45.90909087278294],[-123.96984172455336,45.909073657742987],[-123.96998417040797,45.909013953227955],[-123.97010193684677,45.908942657752284],[-123.97016482250991,45.90882187326671],[-123.97014906695816,45.908783480196512],[-123.96995242933571,45.90867930673236],[-123.96984245398538,45.908657381801021],[-123.96925300105548,45.908608208968353],[-123.96911141848189,45.908525973918245],[-123.96906422279349,45.908399824308319],[-123.96906416619964,45.908368091531415],[-123.96906952105702,45.908362626051272],[-123.96908120005403,45.908352710803946],[-123.9690929634927,45.908344020037845],[-123.96910461913347,45.908336334984249],[-123.9691278396853,45.908322910671373],[-123.96914927977616,45.908311949699034],[-123.96921455316135,45.908281365724548],[-123.96928421302003,45.908268080160781],[-123.96938634248471,45.908202225471314],[-123.96938629936555,45.908125359064904],[-123.96931423112359,45.908066758632863],[-123.96932027678547,45.908059611716148],[-123.96932692072529,45.908052252903708],[-123.96933917374577,45.908039628597095],[-123.96934878212605,45.908030398981403],[-123.96936365283726,45.908016987095699],[-123.96936602798286,45.908014976906429],[-123.96941759128019,45.90800466468454],[-123.96951191528331,45.907949770728571],[-123.96953542599094,45.907878463885012],[-123.96943329832291,45.907796165872732],[-123.96936731886191,45.907805401777992],[-123.96936116001234,45.907803047797387],[-123.96934932381015,45.907798804256487],[-123.96933833741423,45.907795332665991],[-123.96932875598341,45.907792982435346],[-123.96931950243767,45.907791277267961],[-123.96931056150565,45.907790130905404],[-123.96929330666565,45.907789215815498],[-123.96927720077092,45.907789764619423],[-123.96926444020234,45.907791112251758],[-123.969248098949,45.907793660626929],[-123.9692349512065,45.907796429023534],[-123.96921037240202,45.907802858403841],[-123.96912472702283,45.907829537886442],[-123.96910331028813,45.907835004044102],[-123.96908722325804,45.907838243734524],[-123.96907513912082,45.907840065161793],[-123.96905697428747,45.907841637814826],[-123.96903875106362,45.907841587184897],[-123.9690193788945,45.907840305810232],[-123.96898299263391,45.907836632952737],[-123.9689511006447,45.907832390039431],[-123.96883934303683,45.907815042721282],[-123.96881143058434,45.907811264851873],[-123.96879051870285,45.907808867117232],[-123.9687591953472,45.90780619748093],[-123.96872794385678,45.907804931106895],[-123.96868093501796,45.907804316046622],[-123.96860802774948,45.907790939109752],[-123.9685058839118,45.907796483403899],[-123.96830151089647,45.907840435197834],[-123.96826850679294,45.907860417138501],[-123.96826486322612,45.907861831025535],[-123.96823833238253,45.907873242755329],[-123.96821587719536,45.907883588129842],[-123.96817770328737,45.907902229301051],[-123.96812120823915,45.907930563894226],[-123.96809239297978,45.907944468347814],[-123.96806263987925,45.907957930255819],[-123.96803444894901,45.907970348936495],[-123.96801315169024,45.907979599814169],[-123.96799712305064,45.907986212315627],[-123.96798508562581,45.90799086775619],[-123.96797605306563,45.907994134940118],[-123.9679625091661,45.907998601612206],[-123.96794897784299,45.908002447600332],[-123.96794310914923,45.908003768975],[-123.96793741652527,45.908004683436296],[-123.96793189637785,45.908005239738777],[-123.96792118935798,45.908005439132566],[-123.96791650733873,45.908005064722246],[-123.96776709145583,45.907922823153079],[-123.96751260592237,45.907661713770416],[-123.96749185663592,45.907626805250452],[-123.96747246200896,45.907592411135838],[-123.96745618723095,45.907562321815533],[-123.96742992408531,45.907509528264129],[-123.96741886582414,45.907484038751193],[-123.96734213802078,45.90674338323926],[-123.96719236101515,45.905958898363458],[-123.9670664800944,45.905629731078498],[-123.96650156913807,45.904402467355894],[-123.9664386340676,45.904260273908044],[-123.9663863611012,45.90414297730721],[-123.96635044645613,45.90396752827418],[-123.96635819981535,45.903775477733369],[-123.96645229384978,45.903380455220123],[-123.96642858551283,45.903210364746201],[-123.96623196765331,45.902919684586038],[-123.96589381842419,45.902519231185991],[-123.96565777979509,45.902014585800146],[-123.96540588949445,45.901153279939727],[-123.96524064260133,45.900752800045673],[-123.96521771490032,45.900715349108431],[-123.96487759297081,45.898020660746376],[-123.96507366106135,45.897482924476165],[-123.9651751087047,45.896974466585739],[-123.96517733203504,45.896969806470189],[-123.96542672412086,45.896583106796697],[-123.96542659566177,45.896429466113133],[-123.96541216422672,45.896379320907023],[-123.96541198007209,45.896371896151663],[-123.96540225131754,45.896240194731014],[-123.96541846051853,45.896061854212178],[-123.96537094323327,45.895743727369918],[-123.96536917804374,45.895738980248723],[-123.96535974303832,45.895592714575109],[-123.96534466391795,45.895487146544539],[-123.96532212967908,45.895345381033422],[-123.96552686471546,45.89436655630292],[-123.96556563959638,45.893839869146142],[-123.96555734904462,45.893494219173142],[-123.96554288796517,45.893265048450644],[-123.96554322483341,45.893247948546254],[-123.9655410365374,45.893161257889631],[-123.96553641919684,45.893082796960947],[-123.96552714409151,45.893002636552147],[-123.96552587477201,45.892995433926465],[-123.96550922809149,45.892731636492769],[-123.96542967778151,45.892139069464875],[-123.96534281608344,45.891804436914775],[-123.96513765794052,45.891349115525095],[-123.96510575606983,45.891074773566579],[-123.96511128789534,45.889801929648577],[-123.96521904710187,45.888677178526478],[-123.96525585018075,45.887503071161767],[-123.96525440568978,45.886822803601767],[-123.96529294431379,45.886449666100269],[-123.96519675181484,45.885593869794356],[-123.96512512284906,45.885154970825248],[-123.96506962852406,45.88494103910287],[-123.96506921709565,45.884776417476012],[-123.96515489481419,45.884364895667431],[-123.96527212585707,45.884074080582089],[-123.96535788442399,45.883733933413509],[-123.96534944475189,45.883443098766442],[-123.96527022502195,45.883102995885679],[-123.96511213141341,45.88265861610558],[-123.96506495548793,45.882603749618291],[-123.96503326022976,45.882494027112038],[-123.96498604028689,45.882450143426851],[-123.9649544213855,45.88235140172533],[-123.96483626597619,45.882159427129146],[-123.96460748034467,45.881616366208306],[-123.96431498978646,45.880354501553846],[-123.96399165557301,45.879378042355619],[-123.96385775000179,45.879032378055754],[-123.96372347342638,45.878330194938229],[-123.96352669566677,45.877819986946506],[-123.96323544927525,45.876936772377789],[-123.96313300360362,45.876470414392635],[-123.9629830047141,45.874840728043146],[-123.96294396483017,45.874297310389373],[-123.96295155200107,45.874009420334332],[-123.96297205784406,45.873581534651976],[-123.9629841446762,45.873260662166082],[-123.96298755647763,45.873100185199512],[-123.96298906744396,45.872939700264077],[-123.9629911569253,45.872298031090885],[-123.96297212342107,45.872060648771637],[-123.96299778739042,45.871869469863839],[-123.96296630323634,45.871628070206704],[-123.96293026821705,45.871538658791543],[-123.96288916759785,45.871026052918637],[-123.96287876959842,45.870942175999573],[-123.96286300955506,45.870863871329419],[-123.96282092977223,45.870717774079836],[-123.96273869799113,45.870507828625598],[-123.96272184829132,45.870300482512889],[-123.9626263906143,45.869905427663646],[-123.9625782067791,45.869565333238846],[-123.96258886439161,45.869365359435115],[-123.96275654122762,45.868486029355211],[-123.96283800764409,45.867975125488051],[-123.96293293711174,45.867688830267959],[-123.96296413380493,45.867354189295568],[-123.96295641548001,45.867032630315769],[-123.96295832350168,45.866997512976027],[-123.96295453261118,45.866954218177838],[-123.96294806743606,45.866684855018157],[-123.96301068001138,45.86612520079526],[-123.9630105874849,45.865828897517005],[-123.96286468850634,45.864965543547115],[-123.96286834015797,45.864840860713528],[-123.96287200438604,45.864787244613254],[-123.96287947118267,45.864734035066242],[-123.96288950446606,45.864684438000062],[-123.96291521694444,45.86459209848649],[-123.96294386691379,45.864511890709437],[-123.96319780896651,45.863955947921106],[-123.96328308513813,45.863753720072715],[-123.96329026716883,45.863738699819663],[-123.96361854570962,45.863052132111569],[-123.96369561846606,45.862875753161646],[-123.96374776297337,45.862742597947118],[-123.96381376399393,45.862540976867678],[-123.96384007924186,45.862439126978913],[-123.96386120582069,45.862336469914375],[-123.96393110463129,45.861796697237772],[-123.96401725127039,45.860735524163729],[-123.96415253306061,45.859506754066388],[-123.96416877460092,45.859226825213042],[-123.9641755020841,45.858959253897588],[-123.96418753771228,45.85875351194673],[-123.96405052846175,45.85875450854877],[-123.96165197814413,45.858771940010236],[-123.96160231568199,45.858831391369002],[-123.96127219020497,45.859231081849821],[-123.9608664140046,45.859783389594071],[-123.96034293245087,45.8608715531388],[-123.95905410873299,45.864007531146349],[-123.9589202516708,45.864406098463697],[-123.95880179532585,45.864988352733008],[-123.95868329496348,45.865700138756168],[-123.95853607635976,45.867372048416144],[-123.95830631875114,45.867370776115848],[-123.95818825227501,45.867371472315561],[-123.95589546241243,45.867384991599266],[-123.95466774928666,45.867392210055954],[-123.95466596702913,45.869200236297374],[-123.95466592031673,45.869247134075536],[-123.95476261317731,45.869247691391834],[-123.95474169770252,45.871029809522859],[-123.95653184333273,45.871019023827429],[-123.957847276946,45.871011104683767],[-123.95864213146221,45.870981907483831],[-123.95863038958312,45.871079916944183],[-123.95932132249568,45.872118176382088],[-123.95937775106857,45.872367911294837],[-123.9590120693743,45.872793980617026],[-123.95854248853428,45.873341094364854],[-123.95765820403658,45.873347401394149],[-123.95466185364346,45.873364495541459],[-123.95466106492263,45.874166023828025],[-123.95584632726133,45.8741483313811],[-123.956512269941,45.874138387507941],[-123.95651275233631,45.874179492674784],[-123.95651595752526,45.874453717935559],[-123.95648972941392,45.874748347860923],[-123.95674950512607,45.874745273230474],[-123.9566883873474,45.875431682760627],[-123.95623363589607,45.875437065799076],[-123.95624693545383,45.875985455649939],[-123.95742460253682,45.875971515674486],[-123.95741238005905,45.876108797606079],[-123.95656444139779,45.87611883744102],[-123.95651569970876,45.876666249924874],[-123.95736364645489,45.876656210814261],[-123.95815174384354,45.876641038945323],[-123.95812782979236,45.876909718440608],[-123.95808578414548,45.877382110386698],[-123.95807325624054,45.877522955501945],[-123.95806349784161,45.877634500237086],[-123.9580571790919,45.877708827830141],[-123.95805049562618,45.877790483751049],[-123.95804377892283,45.877877441052284],[-123.9580372903915,45.87796930570866],[-123.95803285900223,45.87803947521931],[-123.95802892527958,45.878109587730371],[-123.95802505443901,45.878190303719691],[-123.95802251130847,45.878254880679414],[-123.95802144590655,45.878286903964252],[-123.95802073803411,45.878311334957054],[-123.95804493056299,45.87831100662563],[-123.95804994675555,45.878654098808866],[-123.95806315558349,45.878859318709317],[-123.95808644350892,45.879051340980681],[-123.95809332819725,45.87909645998311],[-123.95809989488197,45.879136231916256],[-123.95811035845841,45.879194493907072],[-123.95812019501076,45.879244737805109],[-123.95813076907999,45.879294909113412],[-123.95814208066602,45.879345000952966],[-123.95815813266184,45.879410769172019],[-123.95817226855115,45.879464675101516],[-123.95819803942003,45.879550670450861],[-123.95821667766553,45.879612863137162],[-123.95823787700793,45.879681170073262],[-123.95824852653563,45.879714041798728],[-123.95826383292976,45.879759816283475],[-123.9582779239033,45.87980051454975],[-123.95829612916086,45.879851293221606],[-123.95830934068371,45.879887110365196],[-123.9583165909864,45.879906474489317],[-123.95832092715425,45.879917945121896],[-123.95832871195452,45.879938384880212],[-123.95833629283722,45.879958065426102],[-123.9583425981122,45.879974286393214],[-123.95835259905624,45.879999729125053],[-123.95836276798526,45.880025270028938],[-123.95837308154303,45.880050859700226],[-123.95838141251899,45.880071294406662],[-123.95839142873439,45.880095608295512],[-123.95839829186316,45.88011209750745],[-123.95840684921457,45.880132488415271],[-123.95841765055752,45.880157980479098],[-123.95842853724045,45.880183379350733],[-123.95844180535723,45.880213933151097],[-123.95845076245891,45.880234570417947],[-123.95841329732167,45.880242627705158],[-123.95842916067129,45.880278374554905],[-123.95844293992943,45.88030914593206],[-123.95845585860152,45.880337737250805],[-123.95846856257626,45.880365635019409],[-123.95848269666895,45.880396412601904],[-123.958504111607,45.880442566123634],[-123.9585209981377,45.880478576125064],[-123.95854284965699,45.880524717071197],[-123.95856989613358,45.880581176547103],[-123.95859478395852,45.880632547978891],[-123.9586173873677,45.880678825752433],[-123.95864020816917,45.880725267333325],[-123.95866056668845,45.880766492075665],[-123.9586784826885,45.880802624438715],[-123.95869210743641,45.880830027935595],[-123.95870679848456,45.880859520762051],[-123.95872229442321,45.880890576983425],[-123.95873780653153,45.880921606922186],[-123.95875334469102,45.880952650601557],[-123.95876895651232,45.880983814958718],[-123.95878193806649,45.881009724374337],[-123.95884331545831,45.881132177796083],[-123.95885770736746,45.88116089251286],[-123.95886674441923,45.881178943560414],[-123.95888240834282,45.881210239741733],[-123.95889806507989,45.881241550914055],[-123.95891109604142,45.881267659073977],[-123.95892932106192,45.881304243871405],[-123.95895008202642,45.881346038511623],[-123.95896824057159,45.881382710807699],[-123.9589838101721,45.881414274527621],[-123.95900443099946,45.881456244185252],[-123.959022453899,45.88149311964974],[-123.95904043817096,45.881530117659715],[-123.95905618653623,45.881562715635802],[-123.95906852759158,45.88158843779992],[-123.95908121449837,45.881615008560289],[-123.95909634841594,45.881646902336051],[-123.95911386286905,45.881684110988381],[-123.95912186236664,45.881701215078287],[-123.95913069550085,45.88172018709809],[-123.95914366358029,45.881748195485635],[-123.95916328637935,45.881790987857045],[-123.95917787322291,45.881823124794359],[-123.95919713939081,45.881866018415288],[-123.95921471043779,45.881905603261529],[-123.95953327729204,45.882589233484296],[-123.95971300502757,45.88326201757139],[-123.95975865202044,45.883727057259982],[-123.95974751560584,45.884075530093263],[-123.95967910889695,45.8844021875436],[-123.95917374995577,45.885845758990243],[-123.9584557624818,45.885843579790269],[-123.95750244425112,45.885836785188012],[-123.95749571586967,45.88491766656346],[-123.9557429482401,45.884913797715342],[-123.95576194491341,45.885637316405301],[-123.95563035789397,45.885823582421736],[-123.9548824187918,45.885816523311412],[-123.95485205932846,45.887505784294106],[-123.95221968922047,45.887514334505681],[-123.95079725278214,45.888353727014632],[-123.95171702881839,45.888770672927699],[-123.95340930030346,45.888787539732348],[-123.95481501280611,45.888740322045521],[-123.95482009906728,45.888849948428252],[-123.95341192428239,45.888897249183344],[-123.95171478572513,45.888880334891148],[-123.95096059075532,45.888900658802889],[-123.95097313123667,45.889312028209631],[-123.95105980608515,45.889742690863315],[-123.9515262419234,45.889970760027651],[-123.95178608950081,45.890055372919846],[-123.95213108389243,45.889967687490014],[-123.95263199078306,45.88973174998258],[-123.95304064518558,45.889403466910345],[-123.9536478919446,45.889388656175768],[-123.95326290455654,45.890673767047232],[-123.95354301633013,45.89073732409004],[-123.9533513931036,45.890951460456087],[-123.95320186672792,45.890989464447706],[-123.95291997090018,45.891038542217089],[-123.95250450996276,45.89124167994094],[-123.94901073365074,45.891325812583254],[-123.94899790301355,45.894939271782135],[-123.9511464764421,45.894951934704643],[-123.95488383543497,45.894997279622245],[-123.95489920740614,45.897057797187344],[-123.95483437419544,45.900680828809072],[-123.95404601000713,45.90067492309759],[-123.95373219793571,45.901727099417954],[-123.95355585954374,45.902371604351949],[-123.95349942647927,45.902788092463247],[-123.95353444101241,45.903157774593531],[-123.95368012529362,45.903532613914805],[-123.95451498987427,45.903523475440785],[-123.95455563684426,45.904288034017341],[-123.95458796810965,45.904628516013375],[-123.95462799524205,45.90530691087455],[-123.95465423682815,45.906079066498521],[-123.95471605169948,45.906162580336314],[-123.95491103462517,45.906287988062132],[-123.95537621821188,45.906485713102938],[-123.9555995313067,45.906695679509518],[-123.9557112745415,45.906824062625127],[-123.95574933795672,45.906899089998234],[-123.95574367048559,45.90697806709079],[-123.95569771806554,45.907042775604452],[-123.95558604489933,45.907108215373476],[-123.95508167230831,45.907208942661455],[-123.95493745497599,45.907268437845282],[-123.95476791683073,45.907369742403667],[-123.95475248467245,45.907395589506734],[-123.95475370009302,45.90750527594988],[-123.95803806473927,45.907447570581695],[-123.95804841782292,45.908382320903875],[-123.96001193740467,45.9083478116222],[-123.96002607149734,45.908919861607146],[-123.9639479327715,45.908892640106124],[-123.96400611216087,45.909022647014396],[-123.96402220997075,45.909178316752659],[-123.96405223256586,45.909369251650702],[-123.96411264696364,45.909614175071219],[-123.96419419872011,45.909812097652164],[-123.96433604180515,45.910038429298979],[-123.96435405751818,45.910076317097356],[-123.96452071476631,45.910329359074538],[-123.96474921742849,45.910629974031735],[-123.96488698665374,45.910782331615628],[-123.96527858743892,45.911270506096152]],[[-123.95959941934808,45.905473891365887],[-123.95881389742934,45.905482361300407],[-123.95880178724101,45.904933965064792],[-123.95958729837996,45.904925506923405],[-123.95959941934808,45.905473891365887]]]},"properties":{"OBJECTID":7,"NAME":"Cannon Beach","Shape__Area":7819134.8816930512,"Shape__Length":25796.878577320291}},{"type":"Feature","id":8,"geometry":{"type":"Polygon","coordinates":[[[-123.91342338168057,46.039667113408875],[-123.91342885152234,46.039787287348702],[-123.91361907068206,46.042882011432866],[-123.91367610202451,46.043787624982372],[-123.91368853111477,46.043935041194018],[-123.9137009682899,46.044112040142174],[-123.91389931091472,46.046122963093595],[-123.91570193234759,46.046118988892687],[-123.91586534128767,46.046118626638091],[-123.91840271724929,46.046112980204626],[-123.9186307033802,46.046112470180027],[-123.92316370381349,46.046101010836267],[-123.92363042351936,46.046099761338056],[-123.92362388647904,46.040110210724457],[-123.92363551786534,46.040045755404108],[-123.92372735802672,46.039536753091717],[-123.92377440728973,46.039275999732141],[-123.9237892052374,46.039193992780973],[-123.92385614589574,46.038823012540988],[-123.92389645060761,46.038823131021999],[-123.92406056472517,46.038823616794112],[-123.92409331999538,46.038823700354428],[-123.9240927217174,46.038792865976561],[-123.92408751687866,46.038526214956953],[-123.92408493062894,46.038393914456847],[-123.92408163021857,46.038222574362123],[-123.92407529709585,46.037893543692576],[-123.92407471947911,46.037863528823216],[-123.92407166161388,46.037729033547294],[-123.92407041385394,46.037674197554772],[-123.92406604983829,46.037482270217176],[-123.92406599863432,46.037479676043745],[-123.92405998800676,46.037180659325159],[-123.92405558626186,46.036961309110332],[-123.92405118272036,46.036741959895593],[-123.92404623030818,46.036495187792255],[-123.92404090599349,46.036248418952177],[-123.9240355691024,46.036001032253779],[-123.92403073886111,46.035756667752182],[-123.9240231561818,46.035373082838554],[-123.9240256193623,46.035370953789034],[-123.92402807535628,46.035368820997675],[-123.92403052506205,46.035366681970004],[-123.92403296398807,46.035364540447738],[-123.92403539752416,46.035362392689201],[-123.92403782387375,46.035360241812413],[-123.92404024034187,46.035358086570191],[-123.92404264962346,46.035355927586181],[-123.92404505082021,46.035353762989423],[-123.92404744393212,46.035351595274506],[-123.92404982985754,46.035349422570519],[-123.92405220590145,46.035347245501065],[-123.92405457565717,46.035345064066171],[-123.92405693642974,46.035342879513067],[-123.92405928821915,46.035340689970859],[-123.92406163372036,46.035338495439625],[-123.92406397023842,46.035336297790138],[-123.92406629867163,46.035334096398842],[-123.92406861902002,46.035331889394897],[-123.92407093128355,46.035329679896321],[-123.92407323636056,46.035327464785048],[-123.92407553155611,46.035325246555558],[-123.92407781956514,46.035323022713371],[-123.92408009859101,46.035320796376581],[-123.92408237043038,46.035318565050737],[-123.92408463238827,46.035316330606683],[-123.92408688715962,46.035314091173547],[-123.92408913384617,46.035311847998564],[-123.92409137154954,46.035309600458142],[-123.92409360206638,46.035307350423139],[-123.92409582360008,46.035305095399004],[-123.92409803704892,46.035302836009443],[-123.92410024241295,46.035300573501701],[-123.9241024378955,46.035298306004833],[-123.92410462619154,46.03529603476612],[-123.92410680640272,46.035293760409225],[-123.92410897673247,46.035291482310484],[-123.92411114077399,46.03528919922266],[-123.92411329403572,46.03528691301657],[-123.92411544100923,46.035284623068712],[-123.9241175781013,46.035282327508099],[-123.92411970710855,46.035280030700157],[-123.92412182803093,46.03527772827951],[-123.92412393997016,46.035275422117003],[-123.92412604292625,46.035273114083537],[-123.92412813779747,46.035270801060946],[-123.92413022458388,46.035268483672951],[-123.92413230328543,46.035266162543046],[-123.92413437210554,46.035263838918603],[-123.92413643284078,46.035261510305034],[-123.92413848369461,46.0352591798205],[-123.92414052915851,46.035256843099653],[-123.9241425629443,46.035254505131398],[-123.92414458864528,46.035252162174103],[-123.92414660626139,46.03524981609857],[-123.92414861489436,46.035247465657548],[-123.92415061634084,46.035245113345553],[-123.92415260700751,46.035242756044489],[-123.92415459048765,46.035240394377915],[-123.92415656408633,46.035238030216789],[-123.92415852870182,46.035235662937389],[-123.92416048613084,46.0352332925398],[-123.92416243367839,46.035230917776715],[-123.9241643731411,46.035228539271763],[-123.92416630272233,46.035226157648616],[-123.92416822421872,46.035223772283608],[-123.92417013583363,46.035221383176726],[-123.92417204116036,46.035218992198885],[-123.92417393570729,46.035216596231948],[-123.92417582216939,46.035214198394051],[-123.92417769875,46.035211796190637],[-123.9241795672458,46.035209390868999],[-123.92418142586013,46.035206981805523],[-123.92418327728794,46.035204569623822],[-123.92418511883426,46.03520215370024],[-123.92418695229577,46.035199734658427],[-123.92418877497748,46.035197313122055],[-123.92419058957434,46.035194887843765],[-123.92419239518806,46.03519246007091],[-123.92419419271693,46.035190027932551],[-123.92419598036435,46.03518759329959],[-123.92419775902862,46.035185154924747],[-123.92419952870972,46.035182713431716],[-123.9242012894077,46.035180268820397],[-123.92420304112248,46.035177821090883],[-123.92420478475243,46.03517537086676],[-123.92420651850094,46.035172916900763],[-123.92420824236798,46.035170459816513],[-123.92420995904851,46.035168000237668],[-123.92421166494921,46.035165536916942],[-123.9242133618668,46.03516307110165],[-123.92421504980121,46.035160602168069],[-123.92421673054912,46.03515812949265],[-123.92421839872058,46.035155654322644],[-123.92422006060386,46.035153176657957],[-123.92422171170735,46.035150694627852],[-123.92422335472602,46.035148211350318],[-123.9242249878632,46.035145724330995],[-123.92422661201721,46.035143232946098],[-123.92422822718811,46.035140740313871],[-123.92422983337583,46.035138245187028],[-123.92423143058042,46.035135746318346],[-123.92423301700519,46.035133244955013],[-123.92423459534515,46.035130739849841],[-123.92423616380366,46.035128233497275],[-123.92423772148236,46.035125723402821],[-123.92423927377115,46.035123211437401],[-123.92424081438186,46.035120695730129],[-123.92424234690773,46.035118177528197],[-123.92424386775552,46.035115656831707],[-123.92424538051847,46.035113133016907],[-123.92424688429827,46.035110606083904],[-123.92424837999319,46.03510807727988],[-123.92424986401005,46.035105545981239],[-123.92426960269179,46.035069953752433],[-123.92427094207987,46.035067395012518],[-123.92427226978985,46.035064833777938],[-123.92427358941502,46.035062268801461],[-123.92427490095533,46.035059703201277],[-123.92427620081753,46.035057134482834],[-123.92427749259491,46.035054563269725],[-123.92427877449083,46.035051990185664],[-123.9242800483019,46.035049414606945],[-123.92428131043489,46.035046836533596],[-123.92428256358471,46.035044256589266],[-123.92428380864968,46.035041674150314],[-123.92428504383321,46.035039089216731],[-123.92428626823694,46.035036503659398],[-123.92428748455583,46.035033914360163],[-123.92428869099325,46.035031323189926],[-123.9242898866509,46.035028730772353],[-123.92429107512203,46.035026133989241],[-123.92429225191505,46.035023537206008],[-123.92429341882659,46.035020937304502],[-123.92429457765331,46.035018336155652],[-123.92429572570025,46.035015731888485],[-123.92429686476403,46.035013125750382],[-123.92429799484465,46.035010518364878],[-123.92429911504382,46.035007909108337],[-123.92430022536152,46.035005297357216],[-123.92430132669605,46.035002683735051],[-123.92430241635249,46.035000068241906],[-123.92430349882238,46.034997450254124],[-123.92430457141087,46.034994831018949],[-123.92430563232119,46.034992209289136],[-123.92430668514672,46.034989586311966],[-123.92430772898906,46.034986960840136],[-123.92430876205165,46.034984334120935],[-123.92430978523277,46.034981704907111],[-123.92431080032902,46.034979073822285],[-123.92431180374719,46.034976441490073],[-123.92431279908055,46.034973807910447],[-123.9243137836341,46.034971171836247],[-123.92431475920446,46.034968533890996],[-123.92431572309681,46.034965894698338],[-123.92431667980256,46.034963253011099],[-123.92431762572856,46.034960610076418],[-123.92431856177308,46.034957965894414],[-123.92431948883447,46.034955318594101],[-123.92432040601435,46.034952671293702],[-123.92432131241448,46.03495002212226],[-123.92432221072978,46.034947370456194],[-123.92432309826526,46.034944718166351],[-123.92432397681762,46.034942063381877],[-123.92432484369185,46.034939407350045],[-123.92432570248128,46.034936750070806],[-123.92432654959258,46.034934091544208],[-123.92432738951737,46.034931430522924],[-123.92432821686576,46.034928768877926],[-123.92432903882424,46.034926105361876],[-123.924329847308,46.03492343997484],[-123.92433064591027,46.034920773964075],[-123.92433143552944,46.034918106082223],[-123.9243322152671,46.034915436953057],[-123.9243329860216,46.034912767200119],[-123.92433374689465,46.034910094328858],[-123.92433449698788,46.034907421457511],[-123.92433523809802,46.034904746715164],[-123.92433596842835,46.034902071349009],[-123.9243366888772,46.034899394111903],[-123.92433740034294,46.034896715627333],[-123.92433810102882,46.034894035895455],[-123.92433879362991,46.034891355539756],[-123.92433947455291,46.034888673313056],[-123.9243401455944,46.034885989215361],[-123.92434080855111,46.034883304493889],[-123.92434145982968,46.034880618525051],[-123.9243421012268,46.03487793255605],[-123.92434273364076,46.034875244092447],[-123.92434335527493,46.03487255562866],[-123.92434396882426,46.034869864670284],[-123.92434457069552,46.034867174335368],[-123.92434516448191,46.034864480882177],[-123.92434574659023,46.034861788052488],[-123.92434631881703,46.034859093351791],[-123.92434688116244,46.034856397403701],[-123.92434743362632,46.034853702079104],[-123.92434797710708,46.034851003636227],[-123.92434851070637,46.034848305816858],[-123.92434903442415,46.034845606750075],[-123.92434954736218,46.034842905812297],[-123.92435005041874,46.034840205498014],[-123.92435054269552,46.03483750206545],[-123.92435102778576,46.034834799256394],[-123.92435149940131,46.034832095823575],[-123.9243519638303,46.03482939114334],[-123.92435241747951,46.034826685839377],[-123.92436424469855,46.034790448597818],[-123.92435695666663,46.034435919564743],[-123.92432502065999,46.032910748567929],[-123.92593196297281,46.032894471275632],[-123.92647128002837,46.032890618982407],[-123.92669332829526,46.03301689074015],[-123.92673067844814,46.032985027217613],[-123.92792265569356,46.032973201562839],[-123.92853158769208,46.032964145536823],[-123.92858694547314,46.03296477729463],[-123.92851396723776,46.031545909021482],[-123.92849838236589,46.030739423334282],[-123.92853782559338,46.029878123313495],[-123.92856151955733,46.029603779740107],[-123.92872709164061,46.02887412264014],[-123.92877435290602,46.028440731080451],[-123.92875866113465,46.028144477114012],[-123.92861697255982,46.027107524582767],[-123.92863285387574,46.026081623772306],[-123.92857004546768,46.024655213004323],[-123.92851500209696,46.024123022614532],[-123.92859400802789,46.022800849306364],[-123.92858617292198,46.022564923403522],[-123.92851532908375,46.022038260110584],[-123.92831854683253,46.021374373846967],[-123.92823987417661,46.02097386312181],[-123.92823196001893,46.020694105158007],[-123.92817687891898,46.020282607622597],[-123.9279801272105,46.019273103501057],[-123.92794876432899,46.018812270752967],[-123.92791722986925,46.018757351738344],[-123.92792514941679,46.018258127546467],[-123.9279094747134,46.018016775619834],[-123.92790162343782,46.017918012506975],[-123.92788596670074,46.01776990743155],[-123.9277757209575,46.017188294109303],[-123.92776799454775,46.016595771905735],[-123.92768934345135,46.015509523455059],[-123.92771506760782,46.015349226909521],[-123.92758464300834,46.015338230944259],[-123.92753585550528,46.015306174442749],[-123.92738744393887,46.015221864226611],[-123.9272047508646,46.015150350322067],[-123.92691231779855,46.015068035571801],[-123.92660906452498,46.01502856567236],[-123.92632420964669,46.015006944804597],[-123.92598506867746,46.014992938680059],[-123.92548155577421,46.014956821939769],[-123.92494393473793,46.014896999345311],[-123.92466419396854,46.014881810365026],[-123.92442571012523,46.014983410570586],[-123.92432550485191,46.015138337439353],[-123.92420294769769,46.015406690867749],[-123.92395653262874,46.015684954649032],[-123.92350267769606,46.015984889302921],[-123.92318826734662,46.016193237765386],[-123.92305279152032,46.016403793202805],[-123.92294249277647,46.016640231986962],[-123.92272476720272,46.016924246276957],[-123.92212873411341,46.017237635166822],[-123.92158343876966,46.017372290727408],[-123.92095467107137,46.01740207842397],[-123.92054297766822,46.017353943993641],[-123.92026784345963,46.017251354385976],[-123.91990706477017,46.017198446290962],[-123.91930233149732,46.017241522237654],[-123.91874384259697,46.017228101205816],[-123.91826443059446,46.017114422802052],[-123.91776518379048,46.016892934926048],[-123.91730288199918,46.016670097433327],[-123.91693336629525,46.016523592273629],[-123.91650119579521,46.016290821784906],[-123.91647730599855,46.016068983754458],[-123.91618525022498,46.016197088726976],[-123.91598332691542,46.016304470745254],[-123.91586961637013,46.016418349194254],[-123.91570436139212,46.01664512534483],[-123.915643347818,46.016770919552705],[-123.91121599734699,46.016814171753225],[-123.91120664588487,46.016320812811486],[-123.91091170382427,46.013938581302597],[-123.90978137795679,46.013924391491081],[-123.90963887999989,46.013925498851769],[-123.91033690870488,46.015829869981552],[-123.910431665696,46.016104535192646],[-123.910613625745,46.016711982269257],[-123.9106597982523,46.016865401484033],[-123.91070982453216,46.017228618359162],[-123.91069751491781,46.017616415867444],[-123.91053328761252,46.018600196769754],[-123.90986903646052,46.018603240350458],[-123.90986757849481,46.018922124837538],[-123.90848347047471,46.018920479853776],[-123.9084741253008,46.016735778401497],[-123.90744794202251,46.01674516584653],[-123.90412858350437,46.016770359350623],[-123.90420129583842,46.019704504652978],[-123.90561818607817,46.019707447117305],[-123.90565326439172,46.023555568651993],[-123.89979589749798,46.023670168822491],[-123.89980828975732,46.024487762407766],[-123.90566680290135,46.02436462483103],[-123.90560705415518,46.031483101418161],[-123.90992704337334,46.031448860214724],[-123.91004147706245,46.03144752556635],[-123.91004049879712,46.031491943769097],[-123.91005901038017,46.032138016558612],[-123.90994314477651,46.032139164716078],[-123.90996723579582,46.033030768192774],[-123.91008451624603,46.033029605709885],[-123.91008709620752,46.033119816552784],[-123.91009960524786,46.033556915156851],[-123.91021767711388,46.033555274350356],[-123.91023259633411,46.034076183376392],[-123.91011765060529,46.034187483279325],[-123.91013258509686,46.034708986279043],[-123.9101398758237,46.034983380594426],[-123.91014716834721,46.035257904508491],[-123.91015443032795,46.035531340086749],[-123.91017057844353,46.03613925970334],[-123.91017276494291,46.036221516891935],[-123.91018368576182,46.036632813470277],[-123.91025678796471,46.039403358138038],[-123.910286816848,46.040475707416569],[-123.91030446155683,46.041280656750814],[-123.91031501586308,46.041659164848724],[-123.91032224370787,46.042155563192232],[-123.91032058092627,46.042482846256711],[-123.91032047312846,46.042503450605416],[-123.91031892533123,46.042811209846498],[-123.91031058806706,46.043192097468122],[-123.91030609469401,46.043572886440096],[-123.91030672081976,46.043655535362824],[-123.91030964214106,46.04404232257211],[-123.91030796768139,46.044402392311291],[-123.91030630489979,46.04475993944704],[-123.91030415882457,46.045220812154923],[-123.91030264785827,46.045586240122205],[-123.91042078709791,46.045585959543637],[-123.91100605028529,46.045584574732572],[-123.91126594457509,46.045583958083249],[-123.91175824291037,46.045582793993937],[-123.91205358831454,46.045582092547463],[-123.91234894090522,46.045581399206633],[-123.91264428810601,46.045580694019129],[-123.91293963081523,46.04557999070213],[-123.9135303243185,46.045578579080093],[-123.91349381948031,46.045209065810582],[-123.91344862074679,46.044748365719009],[-123.91338581503371,46.044098875666919],[-123.91337249301803,46.043961817911274],[-123.9133484819488,46.043644150956489],[-123.91332299764251,46.043249978314215],[-123.91331876028933,46.043181432525749],[-123.91328732554258,46.042667940923991],[-123.91318043860018,46.040878457604691],[-123.91317227830416,46.040741323891268],[-123.91311305058082,46.039557873612821],[-123.91308817802725,46.038793914222225],[-123.91312760149182,46.038794872671687],[-123.91310378266205,46.038116306245108],[-123.91307214130279,46.036840502923148],[-123.91303336732018,46.035497058985143],[-123.91301901134362,46.035220924812442],[-123.91294425444399,46.034159389693031],[-123.91289975549809,46.033529128082833],[-123.91285677829826,46.033001939358833],[-123.91285649982052,46.032999238954595],[-123.91285622044447,46.032996539173894],[-123.9128559401701,46.0329938387694],[-123.91285565809909,46.032991137117449],[-123.91285537692643,46.032988436712692],[-123.91285509485543,46.03298573568415],[-123.91285481188611,46.032983036526396],[-123.91285452801847,46.032980335497577],[-123.91285424325253,46.032977635092287],[-123.91285395848658,46.032974935310492],[-123.912853671924,46.032972234904946],[-123.91285338625975,46.032969534499259],[-123.91285309879885,46.032966834717058],[-123.91285281133798,46.032964134311101],[-123.91285252297877,46.032961435152309],[-123.91285223372125,46.032958735369753],[-123.9128519426671,46.032956034963412],[-123.91285165251125,46.032953335180558],[-123.91285136235541,46.032950634773947],[-123.91285107040295,46.032947934367215],[-123.91285077755217,46.032945234583956],[-123.91285048380307,46.032942535424276],[-123.91285019095228,46.032939835640761],[-123.91284989720317,46.032937135857154],[-123.91284960075915,46.032934435449754],[-123.91284930611171,46.032931736913163],[-123.91284900966768,46.032929036505465],[-123.91284871142702,46.032926336721324],[-123.91284841408465,46.032923637560678],[-123.91284811494567,46.032920937776275],[-123.91284781580666,46.032918238615359],[-123.91284751666768,46.032915538830707],[-123.91284721483376,46.032912839669535],[-123.91284691479643,46.032910139884606],[-123.91284661296251,46.032907441346822],[-123.91284631023026,46.032904742185259],[-123.912846007498,46.032902041776275],[-123.91284570207081,46.032899343238107],[-123.91284539754193,46.032896643452474],[-123.91284509391134,46.032893944914086],[-123.91284478668756,46.032891245751848],[-123.91284448036205,46.032888545965832],[-123.9128441731382,46.032885846803381],[-123.91284386501606,46.032883148264418],[-123.91284355689392,46.032880448477989],[-123.91284324787344,46.032877749938763],[-123.91284293705635,46.032875051399458],[-123.91284262623927,46.032872352236303],[-123.91284231632051,46.032869653696679],[-123.91284200370679,46.032866953909597],[-123.91284169109306,46.032864255993374],[-123.91284137758103,46.032861557453359],[-123.912841064069,46.032858857665921],[-123.91284074965866,46.032856160372972],[-123.91284043434996,46.032853461832552],[-123.91284011814298,46.032850763292011],[-123.91283980103772,46.03284806412767],[-123.91283948393242,46.032845365586859],[-123.9128391659288,46.032842667669584],[-123.91283884702688,46.032839969128503],[-123.91283852812495,46.032837271210965],[-123.9128382083247,46.032834571422356],[-123.91283788852446,46.032831874128163],[-123.91283756602927,46.032829175586564],[-123.91283724353407,46.032826477044829],[-123.91283692193723,46.032823779750288],[-123.91283659854372,46.032821081208297],[-123.9128362742519,46.032818383913494],[-123.91283594996007,46.032815685371233],[-123.91283562387164,46.03281298620518],[-123.91283529778319,46.032810288286328],[-123.91283497169474,46.032807590367327],[-123.91283464380965,46.032804892448205],[-123.91283431502629,46.032802194528948],[-123.91283398803949,46.032799496609563],[-123.91283365656118,46.032796799313665],[-123.91283332777776,46.032794102017675],[-123.91283299629944,46.032791404721507],[-123.91283266482107,46.032788706801597],[-123.91283233244442,46.032786008881558],[-123.91283200096611,46.032783310961378],[-123.91281429427353,46.032646927369704],[-123.91273315304718,46.032111424951026],[-123.91265619617343,46.03160353825735],[-123.91262771149408,46.031417338181768],[-123.912943889728,46.031413644197244],[-123.91310141560128,46.032443367599015],[-123.91310183062295,46.032446082374513],[-123.91310224384796,46.032448797149875],[-123.91310265707298,46.03245151067776],[-123.91310307119635,46.032454225452859],[-123.91310348262475,46.032456940851489],[-123.91310389495145,46.032459655626319],[-123.91310430637984,46.032462370401021],[-123.91310471690996,46.032465085175573],[-123.9131051256434,46.03246780057367],[-123.91310553527518,46.03247051534796],[-123.9131059431103,46.032473230122122],[-123.91310635094545,46.03247594551982],[-123.91310675698396,46.032478660293719],[-123.91310716212413,46.032481375067476],[-123.91310756906097,46.032484090464727],[-123.91310797420117,46.032486806485551],[-123.91310837844303,46.03248952125891],[-123.9131087817866,46.032492236032141],[-123.91310918513017,46.032494952052566],[-123.91310958757542,46.032497668072814],[-123.91310998912236,46.032500383469305],[-123.91311038887264,46.032503098242003],[-123.91311079041958,46.032505813638231],[-123.91311118927156,46.032508530281611],[-123.91311158632692,46.032511245053897],[-123.91311198517892,46.032513961697013],[-123.91311238313259,46.032516677716373],[-123.91311278018794,46.032519392488268],[-123.91311317634496,46.03252210913098],[-123.9131135716037,46.032524825149935],[-123.91311396686244,46.032527541168719],[-123.91311436122282,46.032530256563739],[-123.91311475378663,46.032532973829582],[-123.91311514724872,46.032535689224346],[-123.91311553981247,46.032538404618975],[-123.91311593057964,46.032541121260749],[-123.91311632134679,46.032543837902388],[-123.91311671121562,46.032546553920284],[-123.91311710108442,46.03254927056166],[-123.91311749005496,46.032551986579286],[-123.91311787812717,46.032554703220391],[-123.91311826530105,46.032557419237747],[-123.91311865247494,46.03256013587859],[-123.91311903695389,46.032562852519298],[-123.91311942322946,46.032565568536263],[-123.9131198077084,46.032568286424024],[-123.91312019218735,46.032571003064334],[-123.91312057576798,46.032573719080851],[-123.91312095755197,46.032576436344605],[-123.91312133933594,46.032579153608175],[-123.91312172201827,46.03258187087161],[-123.91312210200563,46.032584586887587],[-123.91312248199299,46.032587304150759],[-123.91312286108206,46.032590021413803],[-123.9131232401711,46.032592738053083],[-123.91312361836185,46.032595455939521],[-123.91312399565426,46.032598171954831],[-123.91312437204837,46.032600889841],[-123.91312474754415,46.032603606479704],[-123.91312512393824,46.032606324365602],[-123.91312549943405,46.032609042251373],[-123.91312587223487,46.032611758889686],[-123.91312624593404,46.03261447677518],[-123.91312661783658,46.032617194660553],[-123.91312699063741,46.032619911922126],[-123.91312736164161,46.032622629807221],[-123.91312773354414,46.032625347068524],[-123.91312810185342,46.03262806495335],[-123.91312847106099,46.03263078221439],[-123.91312884026858,46.03263350009896],[-123.91312920857786,46.032636217983388],[-123.91312957598879,46.032638935867688],[-123.91312994250143,46.032641653751845],[-123.91313030811577,46.032644371635833],[-123.91313067283174,46.032647089519735],[-123.91313103844608,46.032649808027159],[-123.91313140226377,46.032652525910791],[-123.91313176518315,46.032655243794288],[-123.91313212720419,46.0326579616776],[-123.91313248922525,46.032660679560827],[-123.91313285034801,46.032663398691255],[-123.91313321147075,46.032666117197834],[-123.91313357169518,46.032668835080663],[-123.91313393012298,46.032671552963357],[-123.9131342894491,46.032674272093246],[-123.91313464697859,46.032676991222957],[-123.91313500450805,46.032679709105253],[-123.9131353602409,46.032682426987407],[-123.91313571687209,46.032685146740377],[-123.9131360717066,46.032687864622268],[-123.91313642564283,46.032690583127646],[-123.91313678047739,46.032693302256604],[-123.91313713261698,46.03269602013809],[-123.91313748475658,46.032698739890392],[-123.91313783689615,46.032701457771616],[-123.91313818813744,46.032704177523648],[-123.91313853758207,46.032706896028223],[-123.91313888792503,46.032709615780043],[-123.91313923736968,46.032712334284348],[-123.91313958591603,46.032715053412225],[-123.9131399326657,46.032717772539932],[-123.91314028031373,46.032720492291162],[-123.91314062706343,46.032723210171319],[-123.9131409729148,46.032725929922279],[-123.91314131876618,46.032728649673111],[-123.91314166371927,46.032731368800192],[-123.9131420068757,46.032734087927089],[-123.91314235003213,46.032736807053901],[-123.91314269229028,46.032739526804193],[-123.91314303454837,46.032742246554371],[-123.91314337500988,46.032744965680727],[-123.91314371457304,46.032747685430664],[-123.91314405503455,46.032750405180423],[-123.91314439280109,46.032753124930053],[-123.91314473146596,46.032755844055878],[-123.9131450692325,46.032758563805288],[-123.91314540610075,46.032761284178179],[-123.91314574296896,46.032764003927262],[-123.91314607893887,46.032766723676218],[-123.91314641311217,46.032769442801381],[-123.91314674728544,46.032772162550124],[-123.91314708145875,46.03277488292229],[-123.91314741563201,46.032777603294377],[-123.91314774711036,46.032780323666323],[-123.913148079487,46.032783043414526],[-123.91314840916873,46.032785763162543],[-123.91314873974873,46.032788483534098],[-123.91314906853216,46.032791203905504],[-123.91314939821385,46.032793924276788],[-123.91314972699726,46.032796644024273],[-123.913150053984,46.032799365018953],[-123.91315038097078,46.032802084766168],[-123.91315070705923,46.032804805760534],[-123.91315103224936,46.032807526131144],[-123.91315135743947,46.032810245878004],[-123.91315168262965,46.032812966871965],[-123.91315200602313,46.032815686618513],[-123.91315232851832,46.032818407612254],[-123.9131526510135,46.032821127982189],[-123.91315297261036,46.03282384897566],[-123.91315329330892,46.032826570592619],[-123.91315361310916,46.032829290338547],[-123.91315393290941,46.032832011331557],[-123.91315425181133,46.032834731700838],[-123.91315456891664,46.032837452693634],[-123.91315488692024,46.032840174309918],[-123.91315520312723,46.032842895302458],[-123.91315552023252,46.032845615671185],[-123.9131558364395,46.032848336663456],[-123.91315615174817,46.032851058279199],[-123.9131564652602,46.032853779271193],[-123.91315677877223,46.032856499639401],[-123.91315709048763,46.032859221254796],[-123.91315740310135,46.032861942246342],[-123.91315771391844,46.032864663237802],[-123.91315802563383,46.032867385476415],[-123.91315833465431,46.032870106467612],[-123.91315864457306,46.032872828082276],[-123.91315895449183,46.032875549073196],[-123.91315926171568,46.032878271311276],[-123.91315956893951,46.032880991054654],[-123.91315987616332,46.032883713292449],[-123.91316018159054,46.032886435530116],[-123.91316048611941,46.032889157144041],[-123.91316079064829,46.032891878134109],[-123.91316109517716,46.032894600371421],[-123.91316139970607,46.032897321361233],[-123.91316170243827,46.032900043598268],[-123.91316200427225,46.03290276458781],[-123.91316230610619,46.032905486200924],[-123.91316260524516,46.032908208437519],[-123.91316290618077,46.032910930673978],[-123.91316320531978,46.032913652286695],[-123.91316350356044,46.032916374522884],[-123.91316380269944,46.032919095511666],[-123.9131641000418,46.032921817747592],[-123.91316439648583,46.032924540607034],[-123.91316469203157,46.032927262219083],[-123.91316498757729,46.03292998383094],[-123.91316528222471,46.032932706689991],[-123.9131655750755,46.032935428925285],[-123.91316586792627,46.032938150536744],[-123.91316616167538,46.03294087339539],[-123.91316645362784,46.032943595006628],[-123.91316674558028,46.032946317865012],[-123.91316703573614,46.032949040099588],[-123.91316732499367,46.032951762957701],[-123.91316761425119,46.032954485192022],[-123.91316790261038,46.032957206802585],[-123.91316819186794,46.032959930283951],[-123.91316847843049,46.032962653141524],[-123.91316876499307,46.032965375375305],[-123.91316904975902,46.032968098232608],[-123.91316933542326,46.032970820466112],[-123.9131696192909,46.032973543323159],[-123.91316990315853,46.032976265556435],[-123.91317018792446,46.032978988413213],[-123.91317046999549,46.032981711269848],[-123.91317075206649,46.032984433502683],[-123.91317103234084,46.032987156982713],[-123.91317131261522,46.032989879838944],[-123.91317159199127,46.032992602071381],[-123.91317187136733,46.032995324927349],[-123.91317215074335,46.032998048406839],[-123.91317242832281,46.033000771886194],[-123.91317270590223,46.033003494118091],[-123.91317298258333,46.033006217597176],[-123.91317325746782,46.033008940452468],[-123.91317353235226,46.033011663307626],[-123.91317380813508,46.033014386786313],[-123.91317408212122,46.0330171096412],[-123.91317435431077,46.033019833119624],[-123.91317462650029,46.033022557221514],[-123.9131748968932,46.033025280076011],[-123.91317516818441,46.033028002930358],[-123.91317544037393,46.033030726408242],[-123.9131757089702,46.033033450509642],[-123.91317597846481,46.033036173363591],[-123.91317624616276,46.033038897464685],[-123.91317651386071,46.033041619694757],[-123.91317677976205,46.033044343171916],[-123.91317704835832,46.033047067272648],[-123.91317731336132,46.033049790125929],[-123.91317757836433,46.033052514226405],[-123.91317784246901,46.033055238326682],[-123.9131781056754,46.033057962426881],[-123.91317836888177,46.033060685903287],[-123.91317863208816,46.033063410003166],[-123.9131788934979,46.033066132855645],[-123.91317915400933,46.033068856955303],[-123.91317941362246,46.033071580431162],[-123.91317967323556,46.033074304530516],[-123.91317993284869,46.033077028629776],[-123.91318019066514,46.033079752105245],[-123.91318044848165,46.033082476827836],[-123.91318070539984,46.033085200926692],[-123.91318096141967,46.033087924401705],[-123.91318121654123,46.033090648500291],[-123.91318147166275,46.033093372598742],[-123.91318172588599,46.033096096697015],[-123.91318197921092,46.033098820795203],[-123.91318223163749,46.033101545516864],[-123.91318248406408,46.033104269614775],[-123.91318273649068,46.033106993712522],[-123.91318298712065,46.033109717810163],[-123.91318323685229,46.033112441907676],[-123.91318348658395,46.033115167252326],[-123.91318373541726,46.033117891349519],[-123.91318398425062,46.033120615446627],[-123.9131842312873,46.033123339543558],[-123.91318447832403,46.03312606426406],[-123.9131847235641,46.033128788360713],[-123.91318496880417,46.033131513080946],[-123.91318521584085,46.033134237801001],[-123.91318545928431,46.033136961897306],[-123.91318570182943,46.033139687240741],[-123.91318594437458,46.033142411336733],[-123.91318618602138,46.033145136679948],[-123.91318642856649,46.033147860775678],[-123.91318666931498,46.033150586118573],[-123.91318690826685,46.033153310214075],[-123.91318714811703,46.033156035556708],[-123.91318738617059,46.033158759651933],[-123.91318762602077,46.03316148374698],[-123.9131878622777,46.033164209089207],[-123.91318809943293,46.033166933184042],[-123.91318833389322,46.033169659773321],[-123.91318857015014,46.033172384491486],[-123.91318880550877,46.033175109209523],[-123.91318903907072,46.033177834551083],[-123.91318927263268,46.033180558645235],[-123.91318950439802,46.033183284610189],[-123.91318973796,46.033186009327686],[-123.91318996882703,46.033188734668705],[-123.91319019879576,46.033191459385982],[-123.91319042876447,46.033194184726739],[-123.91319065783486,46.033196910067353],[-123.91319088780357,46.033199634784175],[-123.91319111507735,46.033202360748184],[-123.91319134235111,46.033205086088451],[-123.91319156782824,46.033207810181217],[-123.91319179510201,46.033210536768472],[-123.91319201968084,46.033213262108291],[-123.91319224425965,46.033215986200695],[-123.91319246883847,46.033218712787516],[-123.91319269072235,46.033221438126922],[-123.91319291530117,46.033224163466194],[-123.91319313538841,46.03322688880538],[-123.91319335637398,46.033229614768047],[-123.91319357646121,46.033232340106913],[-123.91319379744677,46.033235065445652],[-123.91319401663571,46.033237790784263],[-123.91319423492631,46.033240516746382],[-123.91319445321695,46.033243242084723],[-123.91319467060923,46.033245968046572],[-123.91319488620491,46.0332486940083],[-123.91319510180058,46.033251419346236],[-123.91319531739624,46.033254145931345],[-123.91319553119527,46.033256870021695],[-123.91319574589262,46.033259596606527],[-123.91319595879334,46.03326232256758],[-123.91319616989743,46.033265047904841],[-123.91319638189982,46.033267774489282],[-123.91319659480057,46.033270499826266],[-123.91319680410803,46.033273226410394],[-123.91319701431379,46.033275951747164],[-123.91319722272297,46.033278677707358],[-123.91319743203042,46.033281404291124],[-123.91319763954125,46.033284130874755],[-123.91319784615376,46.033286856834593],[-123.91319805096964,46.033289581546988],[-123.91319825937879,46.033292308130221],[-123.91319846329637,46.033295034089655],[-123.91319866631562,46.033297760672575],[-123.91319887023319,46.033300487255396],[-123.91319907415077,46.033303213214424],[-123.91319927717002,46.033305939796982],[-123.91319947839263,46.033308666379362],[-123.91319967781862,46.033311392337993],[-123.91319987993957,46.033314118296488],[-123.91320007936555,46.033316844254841],[-123.91320027789324,46.033319570836738],[-123.9132004755226,46.033322297418437],[-123.91320067405027,46.03332502400005],[-123.91320087078132,46.03332774995787],[-123.91320106661405,46.03333047653922],[-123.91320126154847,46.033333203120385],[-123.91320145738121,46.033335929701458],[-123.91320165231562,46.033338655658753],[-123.91320184455509,46.033341382239549],[-123.91320203769287,46.033344108820181],[-123.91329194198481,46.034617344924563],[-123.91332927057815,46.035146001220809],[-123.91332946281761,46.03514872085254],[-123.91332965415876,46.035151441731415],[-123.91332984460159,46.035154160739246],[-123.91333003414611,46.035156880370579],[-123.91333022279234,46.035159600625413],[-123.91333041054024,46.035162319632832],[-123.91333059918644,46.03516503988741],[-123.91333078603604,46.035167760141832],[-123.91333097288559,46.035170479148903],[-123.91333115704023,46.035173200650298],[-123.9133313429915,46.0351759196571],[-123.91333152714614,46.035178639287366],[-123.91333171040245,46.035181360164763],[-123.91333189365876,46.03518407979476],[-123.91333207781341,46.035186800048251],[-123.91333225837477,46.035189520301614],[-123.91333243983445,46.035192239307577],[-123.91333262039583,46.035194960807942],[-123.91333280005888,46.035197679813621],[-123.91333297882363,46.035200400066444],[-123.91333315669007,46.035203120319146],[-123.91333333455648,46.035205840571699],[-123.91333351152458,46.03520856144776],[-123.91333368669608,46.03521128170005],[-123.91333386366418,46.035214001952205],[-123.91333403793735,46.035216722204183],[-123.91333421131219,46.035219442456061],[-123.91333438558536,46.035222162707818],[-123.9133345580619,46.03522488295944],[-123.91333473143675,46.035227603210927],[-123.91333490301497,46.035230324709552],[-123.91333507279657,46.035233043713504],[-123.91333524257814,46.035235764588222],[-123.91333541325805,46.035238485462813],[-123.91333558214133,46.035241205089989],[-123.91333574922795,46.035243925964302],[-123.91333591811126,46.035246646838445],[-123.91333608519788,46.035249367712495],[-123.91333625138621,46.035252087339138],[-123.91333641757453,46.035254808836562],[-123.91333658106794,46.035257529086572],[-123.91333674635793,46.035260249336453],[-123.91333690985131,46.035262970833415],[-123.91333707244638,46.035265690459397],[-123.91333723504145,46.03526841133251],[-123.91333739583986,46.035271132205494],[-123.91333755663833,46.035273853078287],[-123.91333771653845,46.035276573327366],[-123.91333787554025,46.035279294823582],[-123.91333803544038,46.035282015696019],[-123.91333819264553,46.035284736568279],[-123.91333834985073,46.035287457440461],[-123.91333850705588,46.035290177688857],[-123.91333866426108,46.035292899184405],[-123.91333882056793,46.035295619432496],[-123.91333897507816,46.035298340927767],[-123.91333912779176,46.035301061175637],[-123.91333928140367,46.035303782670596],[-123.91333943501559,46.035306502918196],[-123.91333958683086,46.035309224412941],[-123.91333973774785,46.035311945283901],[-123.91333988866481,46.035314665531104],[-123.91334003778515,46.035317387025401],[-123.9133401878038,46.035320108519592],[-123.91334033692415,46.035322829389983],[-123.91334048424783,46.035325550260289],[-123.91334063246987,46.035328271754082],[-123.91334077799694,46.035330992000439],[-123.91334092442231,46.035333713493962],[-123.91334107084772,46.035336434987315],[-123.91334121637479,46.035339155856946],[-123.91334135920691,46.035341876726449],[-123.9133415038357,46.035344598219396],[-123.91334164487118,46.035347319712251],[-123.91334178680499,46.035350040581349],[-123.91334192873882,46.035352762073892],[-123.91334206887599,46.035355483566349],[-123.91334220991148,46.035358203811406],[-123.91334234915035,46.03536092655083],[-123.91334248659258,46.035363646795616],[-123.91334262493315,46.035366368287498],[-123.91334276237541,46.035369089779287],[-123.91334290071595,46.035371810647256],[-123.91334303546324,46.035374532138775],[-123.91334317110883,46.035377253630116],[-123.91334330585615,46.03537997512138],[-123.91334344060346,46.035382696612437],[-123.91334357265578,46.035385418103438],[-123.91334370560645,46.035388138970653],[-123.91334383676046,46.035390861084963],[-123.91334396881282,46.035393582575487],[-123.91334409906854,46.035396303442305],[-123.91334422842593,46.035399026179846],[-123.91334435778333,46.035401746422757],[-123.91334448624242,46.035404467912805],[-123.91334461559981,46.035407190649934],[-123.91334474316061,46.035409911516034],[-123.91334486892472,46.035412633005684],[-123.9133449955872,46.035415355742415],[-123.91334512045302,46.035418077231746],[-123.91334524531885,46.035420797473719],[-123.91334536928633,46.035423520210045],[-123.91334549145722,46.035426241699014],[-123.9133456136281,46.035428963187819],[-123.91334573579901,46.035431685300161],[-123.91334585707155,46.035434406788688],[-123.91334597654748,46.035437128277124],[-123.91334609782004,46.035439849765389],[-123.91334621819429,46.03544257250077],[-123.91334633677191,46.035445293988808],[-123.9133464535529,46.035448014853031],[-123.91334657033389,46.035450736340799],[-123.91334668711487,46.035453459075647],[-123.91334680299754,46.035456181186738],[-123.91334691708357,46.035458902674108],[-123.91334703206793,46.035461624161293],[-123.91334714615397,46.035464346895608],[-123.91334725844341,46.035467068382573],[-123.91334737342773,46.035469790492989],[-123.91334748392053,46.035472511979691],[-123.91334759620995,46.035475233466208],[-123.9133477058044,46.035477956199855],[-123.91334781450054,46.035480677686145],[-123.91334792409502,46.035483399795886],[-123.91334803279116,46.035486122529129],[-123.91334814058899,46.035488844014978],[-123.91334824748851,46.035491566124378],[-123.91334835348972,46.035494287609943],[-123.91334845859261,46.03549701034266],[-123.91334856549211,46.035499731828004],[-123.91334866969672,46.035502454560451],[-123.91334877300295,46.035505176669126],[-123.9133488763092,46.03550789815408],[-123.91334897871714,46.035510620262485],[-123.91334908022678,46.035513342370756],[-123.91334918083811,46.035516064478891],[-123.91334928144941,46.035518785963305],[-123.91334938026408,46.035521508071177],[-123.91334947997709,46.035524230802544],[-123.91334957969006,46.035526953533775],[-123.91334967670814,46.035529675017656],[-123.91334977462451,46.035532397748625],[-123.91334986984592,46.035535119855822],[-123.91334996596566,46.035537842586514],[-123.91335006028875,46.035540564693449],[-123.91335015551019,46.035543286176654],[-123.91335024803664,46.035546008906955],[-123.91335034056313,46.035548731013478],[-123.9133504330896,46.035551453743501],[-123.91335052471774,46.035554174602545],[-123.91335061724423,46.035556897332306],[-123.91335070797409,46.035559619438288],[-123.91335079600898,46.035562342167779],[-123.91335088494218,46.035565064897135],[-123.9133509738754,46.035567787002776],[-123.91335106101199,46.035570509731855],[-123.91335114725027,46.035573231213554],[-123.91335123348853,46.03557595394237],[-123.91335131972679,46.035578677294687],[-123.91335140506673,46.035581398152388],[-123.91335148950837,46.035584120880806],[-123.91335157395001,46.035586843609089],[-123.91335165569672,46.0355895657136],[-123.91335173834172,46.035592288441613],[-123.91335182008841,46.035595011169498],[-123.91335190003848,46.035597733273612],[-123.91335198088684,46.035600455377633],[-123.91335205993859,46.035603178105113],[-123.91335213988863,46.035605900832458],[-123.91335221624546,46.035608622936032],[-123.9133522952972,46.035611345663114],[-123.91335380985676,46.035664715701522],[-123.91340630919859,46.035710743194556],[-123.91431550038584,46.03570043538928],[-123.91463743232917,46.035696446095344],[-123.91463856869801,46.035696523424171],[-123.91463970955841,46.035696586409742],[-123.9146408486222,46.035696635675677],[-123.91464199038094,46.035696670598355],[-123.91464313303798,46.035696692425041],[-123.91464427569503,46.035696700532093],[-123.91464541745373,46.0356966936723],[-123.91500657433393,46.035692595868312],[-123.91547019844532,46.035687334389834],[-123.91582450746812,46.035684879822938],[-123.91585392190379,46.0356845362085],[-123.91585778196456,46.035847486536248],[-123.91335980072138,46.035875820604346],[-123.91340085462821,46.037322334832986],[-123.91341423503432,46.037793893789484],[-123.91344263527206,46.038794574598299],[-123.91340091212037,46.038794468588897],[-123.91342338168057,46.039667113408875]]]},"properties":{"OBJECTID":8,"NAME":"Gearhart","Shape__Area":9772747.5496622771,"Shape__Length":23453.915665919416}},{"type":"Feature","id":10,"geometry":{"type":"Polygon","coordinates":[[[-123.9526619100719,46.202842445384725],[-123.95266200708996,46.20293019450996],[-123.95261462904354,46.203083773949125],[-123.95248824057465,46.203248450148017],[-123.95242506475566,46.203358146757665],[-123.9522986080148,46.203533713475231],[-123.95210904462523,46.203725739687926],[-123.9518878632326,46.203895886330834],[-123.951666730349,46.204016618375036],[-123.95149289466343,46.204038586131041],[-123.9512479043225,46.204098952340367],[-123.95112938779043,46.204104435878783],[-123.95097927122163,46.204126391165339],[-123.95081338742297,46.204181322241759],[-123.95067115536737,46.204247127054991],[-123.95060795978546,46.204258091614847],[-123.95037099768824,46.204400825911854],[-123.95029195402806,46.20447762419861],[-123.95022871532703,46.20457634080384],[-123.95019721500327,46.204718988478064],[-123.95019724554598,46.204938496838601],[-123.95022101047682,46.20513594437967],[-123.95039492072257,46.205530948617088],[-123.9504708642967,46.20564682097816],[-123.950517484165,46.20562311808122],[-123.95493274151569,46.203380668733516],[-123.95670676777644,46.202662538629454],[-123.95704338178476,46.202663032285159],[-123.95705505179859,46.199068944349676],[-123.95833928422711,46.19922087569585],[-123.95836524194553,46.199329587379836],[-123.95858697131051,46.199493474615323],[-123.95903067528046,46.199747166157408],[-123.95960917864535,46.20016454279795],[-123.96094743665334,46.201133630733239],[-123.96118471405923,46.201215025825924],[-123.96150887202782,46.201302106062542],[-123.96181473131406,46.201491234034918],[-123.96215596984946,46.201670820697224],[-123.96254254545894,46.201751130052578],[-123.96290601190773,46.201763253417525],[-123.96333911665566,46.202901502301657],[-123.96713560815044,46.204265141857995],[-123.96687326145994,46.194122559051095],[-123.9569704269056,46.194020914118134],[-123.9569560592509,46.191862932922362],[-123.98867401425447,46.191648666813947],[-123.98873020118056,46.191647312408755],[-123.9887128008135,46.191623180608822],[-123.98866527813834,46.191524411502719],[-123.98861783361662,46.191480539976055],[-123.98855446645649,46.191365346658479],[-123.9882855881155,46.19097050051505],[-123.98814312159969,46.190794972630208],[-123.98812730496246,46.190751098655667],[-123.98770806750757,46.190158822690435],[-123.98767642614831,46.190093039560018],[-123.98763639542263,46.190056015604036],[-123.98762898971142,46.190049166268928],[-123.98762390884018,46.19003684878173],[-123.98759728636843,46.18997231112354],[-123.98754990472875,46.189917547429296],[-123.98751820138575,46.189840690234199],[-123.98704347589407,46.189072855526859],[-123.98698028210877,46.188996092299377],[-123.9868853274883,46.188831579229976],[-123.98682207082095,46.188765797620562],[-123.98679036927456,46.188688935705514],[-123.9866400676528,46.18848053535767],[-123.9866163054169,46.188420257710547],[-123.98659262313105,46.188392832186381],[-123.98617338387955,46.187805955649729],[-123.98606267550393,46.187586586557131],[-123.98576998372313,46.187125878699284],[-123.9856670565545,46.186928401884941],[-123.98560380258208,46.18684065830054],[-123.98544552032732,46.18655545881083],[-123.98539809017863,46.186511590780945],[-123.98536646139581,46.186445802663584],[-123.98531902226397,46.186401927083196],[-123.98528739437945,46.186336139456536],[-123.98523995524759,46.186292271251624],[-123.98506588330513,46.186028984790717],[-123.985050061278,46.185985111365333],[-123.9849710679235,46.185886431635197],[-123.98495524859133,46.185842467917197],[-123.98482077348825,46.185656068576598],[-123.984804959546,46.185612189256261],[-123.98474161035217,46.185540829468081],[-123.98459929475327,46.185321462530631],[-123.98452811045355,46.185239185632255],[-123.98450435270921,46.185178906918459],[-123.98444103854968,46.185102140118822],[-123.98443316122295,46.185074669403875],[-123.98439426506945,46.185027510171039],[-123.98436984616509,46.184997904324455],[-123.98436279978,46.184973392713879],[-123.98436197512657,46.184970522493849],[-123.98435940414821,46.184967552142481],[-123.98429079172513,46.184888245070212],[-123.98428294314449,46.184855278838533],[-123.98422757099037,46.184795005923149],[-123.98409316775253,46.184597534417968],[-123.98374503285068,46.184049094516659],[-123.98357892986307,46.183752890126257],[-123.9835551451693,46.183676141859536],[-123.98349189838341,46.183566439542062],[-123.98332575946318,46.183209931153954],[-123.98323079136797,46.183050814882172],[-123.98311861873844,46.182833374160836],[-123.98284316113636,46.182299404047612],[-123.98271660288587,46.182090967036416],[-123.982684842949,46.182003221328451],[-123.98263754754761,46.181959348421934],[-123.98258998444827,46.181871647285611],[-123.98232119414222,46.181476688784272],[-123.98185445647003,46.180719835871905],[-123.98144318258012,46.179984815563721],[-123.98114263323552,46.179485734723173],[-123.98091339395479,46.179156677913376],[-123.98085792478265,46.179046991457859],[-123.98073145726202,46.178871494539862],[-123.98069983386905,46.178805615175186],[-123.98050999200174,46.178542369987575],[-123.98047047241745,46.178454599956098],[-123.98043101212195,46.178421728143633],[-123.98038352268448,46.178322953976277],[-123.980336064688,46.178262699401607],[-123.98032809034322,46.178229736661081],[-123.98027285832629,46.178169462701966],[-123.97992486805322,46.17758806708266],[-123.97989318177822,46.177511210065319],[-123.97984569054408,46.177456354960427],[-123.97899955480156,46.175942587127693],[-123.97893629364263,46.175860331649268],[-123.97888880151018,46.175761557857179],[-123.97884137944632,46.175695720175241],[-123.97880970125614,46.175618951330641],[-123.97878598932591,46.175597016999873],[-123.97876220822538,46.175520177727009],[-123.9787306584943,46.175465364178727],[-123.97868317085343,46.175410510143124],[-123.97849341881765,46.175114325148613],[-123.97833528388662,46.174840091239652],[-123.97830360030655,46.174763323688779],[-123.97825641809287,46.174706092103904],[-123.97824031399477,46.174686557896869],[-123.97805944000896,46.174335828654243],[-123.9778923946886,46.174011914672548],[-123.97781322526431,46.173814410657677],[-123.97762341753298,46.17346331692243],[-123.97757605924951,46.173408552955266],[-123.97752067541731,46.173309752365107],[-123.97748108935767,46.173211092184317],[-123.97744157246832,46.173167151299765],[-123.9772596699115,46.172772247221623],[-123.97722805819664,46.172728330869347],[-123.97714896512913,46.172519934090005],[-123.9768958100006,46.171971380554467],[-123.97647670459808,46.171203471063549],[-123.97627107214471,46.170879874562686],[-123.9758284111188,46.170265616633202],[-123.97581261065123,46.170221740582122],[-123.97570203792124,46.170079131510008],[-123.97568610629968,46.170035259664864],[-123.97563868872739,46.169991381563719],[-123.97560711025022,46.169920104147813],[-123.97554386076938,46.169837840283471],[-123.97544894118319,46.169656756701428],[-123.97540162512054,46.169596501340443],[-123.97535414376789,46.169497725007467],[-123.97518024070867,46.169223535256187],[-123.97516443305462,46.169179569411853],[-123.97511695349858,46.169124712839221],[-123.97500619481731,46.168905338881338],[-123.97495885270354,46.168850478302545],[-123.97472166602748,46.168433635903376],[-123.97467425474341,46.168367801891129],[-123.97464261518081,46.168285540682156],[-123.97459520749,46.168241662429459],[-123.97456346911271,46.168153913284492],[-123.97451611981241,46.168099058799584],[-123.97450032024318,46.168055182886583],[-123.97443710310166,46.167967427222862],[-123.97442117417506,46.167923554937687],[-123.97435802979709,46.167846782709226],[-123.97426307607493,46.167671279908781],[-123.97404177161312,46.167353118103591],[-123.97394688975618,46.167188598126899],[-123.97380459122527,46.166980109433631],[-123.97378088917651,46.166870416732102],[-123.97373348328233,46.166826542949821],[-123.97370188144895,46.166716831277888],[-123.97365446836827,46.166672951773805],[-123.97362280634775,46.166574220584195],[-123.97357532948668,46.166519363279662],[-123.97340150278426,46.166234189025992],[-123.9732592186264,46.166047658505093],[-123.973101002847,46.165751465392816],[-123.97284795551629,46.165175537898364],[-123.97227872725672,46.164012704676729],[-123.97194665692712,46.163354468619517],[-123.97180445092269,46.163113124873405],[-123.97178851930111,46.163069161611283],[-123.97174118347554,46.163014394760872],[-123.97172538390633,46.16294855924022],[-123.97167798250373,46.162904678596909],[-123.97137746549848,46.162235465051253],[-123.97102174612068,46.161527838206638],[-123.97087941435211,46.161308450751321],[-123.97086361837616,46.161264573777494],[-123.97081628794049,46.161209716155824],[-123.9707846205301,46.16113294451263],[-123.97072142315153,46.161067063186358],[-123.97067402534219,46.160979351750775],[-123.97062661854973,46.160935477625507],[-123.97051595958143,46.160748940960104],[-123.97032629558056,46.160496660405627],[-123.97031050140124,46.160452784028799],[-123.97024730312437,46.160386985886561],[-123.97023136970617,46.160343113155598],[-123.97016817592088,46.160277230883537],[-123.97001017753377,46.160035926526596],[-123.96996278062275,46.159992050404583],[-123.96969413404713,46.159586174706334],[-123.96967833268128,46.159542297603487],[-123.96959930519077,46.15943802268842],[-123.96958338255239,46.159394149822965],[-123.96945705516892,46.159229617243689],[-123.96929900198457,46.158977334078408],[-123.96899870326993,46.158560479086859],[-123.96879320825879,46.158165494404926],[-123.96856384590889,46.157584045983839],[-123.96831097374967,46.157035559415021],[-123.9682160622483,46.156881925347228],[-123.96816867791371,46.156772254201321],[-123.96812134478307,46.156717395211913],[-123.96810542214467,46.156651556512045],[-123.96796328261557,46.156448640007376],[-123.96786843669123,46.156262148489546],[-123.96782098318634,46.15620728836938],[-123.96777352608822,46.156108507906644],[-123.96776005764717,46.156085807260695],[-123.96755224318596,46.155735529400765],[-123.96752859323946,46.155642309892137],[-123.96719657860541,46.154885322954563],[-123.96695412780183,46.154421220989882],[-123.96693579767845,46.154386132568177],[-123.96692157195758,46.154367794632073],[-123.96682515847309,46.15424351666833],[-123.96680936878533,46.154199638416578],[-123.96673031614202,46.154100859328288],[-123.96668293001079,46.154013146744461],[-123.96657239051845,46.153876018427908],[-123.96630367387425,46.153404255653442],[-123.96623254347342,46.153239706408257],[-123.96616928770439,46.153162928000839],[-123.96613771012551,46.153097132964923],[-123.9660903141128,46.153053256288374],[-123.96605872934741,46.152987370266331],[-123.96601133243638,46.152943493502221],[-123.96597974587438,46.152877697581665],[-123.96585338435493,46.15272414213883],[-123.96582166124898,46.152658260701159],[-123.96577427421944,46.152614377451712],[-123.96574274784454,46.15253760501723],[-123.96569529972955,46.152482744295504],[-123.96558474676247,46.152263356246785],[-123.96553735164808,46.152219478905465],[-123.96550570489894,46.152142704675484],[-123.96537934427781,46.15196718911487],[-123.96534763195166,46.151879341823573],[-123.96522123899119,46.151687445000547],[-123.96515797154404,46.151550282885104],[-123.96507049090673,46.151265285566005],[-123.96505524739464,46.15121562114799],[-123.9649050733337,46.15082619270693],[-123.96485762701533,46.150771330901598],[-123.96444812100991,46.15000231768007],[-123.96441264114944,46.150003543666855],[-123.94511640663836,46.149985703377958],[-123.94030344624676,46.147558508872827],[-123.936758792052,46.148223382051896],[-123.93704644967397,46.147432566908059],[-123.93568934680793,46.147612895289285],[-123.93554953481376,46.147630757507365],[-123.93553847565428,46.147062989932834],[-123.9354800249737,46.147062455946596],[-123.93532860225446,46.147062844922594],[-123.93203834825323,46.147071277921221],[-123.93203306526101,46.146070439997246],[-123.93202916477604,46.14533190819477],[-123.93202330147219,46.145062556537205],[-123.93215960464688,46.144935804117331],[-123.93227788941358,46.144825806062492],[-123.9322896726152,46.144814841472048],[-123.9323031967518,46.14480187963909],[-123.93231631844314,46.144788719261598],[-123.93233317353283,46.144770873548126],[-123.93234132484569,46.144761826522931],[-123.93234928571576,46.144752699208162],[-123.93236276493658,46.144736538287049],[-123.93237744879823,46.144717787604428],[-123.93238965959789,46.144701147434056],[-123.93240446832534,46.144679448485036],[-123.93241678153295,46.14465989054478],[-123.93242966247581,46.144637604666663],[-123.93244024013826,46.144617562492755],[-123.93244998506248,46.144597317412533],[-123.93246098672977,46.144571750892908],[-123.93246883441209,46.144551111200599],[-123.93247323346203,46.144538354071926],[-123.93247730822014,46.144525544037116],[-123.93248176835554,46.144510109378963],[-123.93248575957035,46.144494612477395],[-123.93248927737301,46.144479060178675],[-123.93249322996024,46.144458250538875],[-123.93249599587301,46.144439985226626],[-123.93249836113718,46.144419058562463],[-123.932500226938,46.144390227515238],[-123.93250042816064,46.144358743195234],[-123.93249871417505,46.144327281885765],[-123.93249582519313,46.144301120233216],[-123.93249223013535,46.144274698407919],[-123.93248291370755,46.144206167284068],[-123.9314043074442,46.144208148986081],[-123.92946240671812,46.14421169600849],[-123.92956835671768,46.14686760352766],[-123.92958629337896,46.147227649131878],[-123.92895321107235,46.147280487445776],[-123.92892672963609,46.146622666738502],[-123.92882970978879,46.144212841213083],[-123.92784349345578,46.144214623748915],[-123.92505921374168,46.144219467839399],[-123.92507535736567,46.144165835524156],[-123.92511752967498,46.144104357245638],[-123.92524241885569,46.144003176883835],[-123.92544874660507,46.143662474302282],[-123.92555185972499,46.14337956787223],[-123.92558617806377,46.143100088825221],[-123.92547722050465,46.142727667599829],[-123.92525135080454,46.142590323196977],[-123.92482362606684,46.142387325594001],[-123.92472426341328,46.14234882987035],[-123.92459638733426,46.142327037254304],[-123.9243654116101,46.142249293817237],[-123.92423208814721,46.142196199840257],[-123.92411426691116,46.142119053116836],[-123.92402462043572,46.141993881710327],[-123.92396844339109,46.141858239041611],[-123.92396694949278,46.14174388971184],[-123.92406612529678,46.141654448262457],[-123.92423412642458,46.141580671825942],[-123.92436698545846,46.141533497079948],[-123.92456909471929,46.141462650235404],[-123.92473752254686,46.141349534977522],[-123.92488451028356,46.141209520033847],[-123.92498961676506,46.141076988823897],[-123.92498887565495,46.141016181187631],[-123.92492637087747,46.140947305537921],[-123.92482017384121,46.140890373016205],[-123.92472371454262,46.140866944695027],[-123.92462112424224,46.140861855071442],[-123.92436736185259,46.140880647525428],[-123.92428887155461,46.140874351630799],[-123.92423363504614,46.140844517234314],[-123.92420541357316,46.140785322686476],[-123.92421789117247,46.140719231514595],[-123.92443795416254,46.140549953674451],[-123.92469870364849,46.140380685272895],[-123.92505641998117,46.140169070562557],[-123.92520068761915,46.140044287483008],[-123.92526994682925,46.139863388426214],[-123.92519084298196,46.139643719773922],[-123.92510098450407,46.139541919971656],[-123.92495016006282,46.139494856764216],[-123.92477779581769,46.139499857504255],[-123.92465920382715,46.139529118733435],[-123.92459771773922,46.139480765804244],[-123.92457350185408,46.139413256374667],[-123.92459719671632,46.139230749323339],[-123.9247353019115,46.138952360294702],[-123.92475503969493,46.138817957532154],[-123.9246388659691,46.138692273808715],[-123.92432919692773,46.138551765968124],[-123.92425014338608,46.13829340989809],[-123.92424010920436,46.13807365655201],[-123.92412148667111,46.137918788113254],[-123.92330923807604,46.137550548445709],[-123.92302180143965,46.137279028617726],[-123.92311119099692,46.137098097444323],[-123.92342839780186,46.136839770657467],[-123.9234993898621,46.136740311791861],[-123.92238729709996,46.136741831883768],[-123.9133193468892,46.13675500352204],[-123.90873108659117,46.138058866201973],[-123.90758139304619,46.138534614140966],[-123.90451042589062,46.140373677875395],[-123.90351742907389,46.140817701617806],[-123.90294496867592,46.141304741437999],[-123.89975062959419,46.141350413843256],[-123.89974134370908,46.144353321536997],[-123.90008524485098,46.144441091215803],[-123.90063752100282,46.144660587620145],[-123.90093050383778,46.144821154965271],[-123.90134198703515,46.145075708135884],[-123.90182312020976,46.145492046629577],[-123.90222406796546,46.146205087696607],[-123.90231472145236,46.146632951344777],[-123.90240941466307,46.14712846668759],[-123.90237540534473,46.147650188054115],[-123.90172254842379,46.149583507785827],[-123.901873093489,46.149612367852164],[-123.90152439444516,46.150867746799271],[-123.90170878353869,46.151768379374921],[-123.90203626527385,46.152347726124979],[-123.89622041851254,46.152340664243489],[-123.89615973462017,46.155438303187907],[-123.894141272279,46.155473568284719],[-123.89405620002499,46.153314599789539],[-123.88986927735154,46.153137199307302],[-123.88986854971614,46.150604112115175],[-123.88649295845786,46.150580489407083],[-123.88390100175786,46.150562284624463],[-123.88390204200697,46.150864583553982],[-123.87916137353787,46.150908193134057],[-123.87815924444794,46.150917387883126],[-123.87739973863818,46.150924350376357],[-123.87728177367167,46.150236030101475],[-123.87545217672913,46.145983376198529],[-123.87508896989345,46.145139067416906],[-123.87480017680097,46.144467715860685],[-123.87473452612338,46.14431510415276],[-123.87472645745551,46.144296352704174],[-123.87472539025694,46.144293865622302],[-123.87472432665164,46.144291377917909],[-123.87472326933457,46.144288888968639],[-123.87472221561075,46.144286398774462],[-123.87472116637848,46.144283908580157],[-123.87472012253613,46.144281417140938],[-123.87471908228702,46.144278925079249],[-123.87471804652948,46.144276431772646],[-123.87471701526354,46.144273936598765],[-123.87471599028582,46.144271441424763],[-123.87471496800303,46.144268944383441],[-123.87471394931347,46.144266447342048],[-123.8747129378105,46.144263950300498],[-123.87471192990074,46.144261450769321],[-123.87471092558424,46.14425895186038],[-123.87470992665766,46.144256450461754],[-123.87470893401927,46.144253948440657],[-123.87470794407582,46.14425144704181],[-123.87470695772564,46.144248942530865],[-123.87470597676534,46.144246439264627],[-123.87470500029664,46.144243933508655],[-123.87470402831948,46.144241428375018],[-123.87470306173222,46.144238921996454],[-123.87470210053489,46.144236414995383],[-123.8747011429308,46.144233905504613],[-123.87470018891997,46.144231396636144],[-123.87469924029901,46.144228886522754],[-123.87469829616967,46.144226375164479],[-123.87469735653185,46.14422386318369],[-123.874696422284,46.144221350580381],[-123.87469549162935,46.144218837354607],[-123.87469456456796,46.144216323506257],[-123.87469364469312,46.144213807790678],[-123.87469272841153,46.144211292074935],[-123.87469181662151,46.144208775736672],[-123.87469090842475,46.144206258775931],[-123.87469000561791,46.144203740570319],[-123.87468910909925,46.144201221119744],[-123.87468821437724,46.14419870166909],[-123.87468732504509,46.144196180351109],[-123.87468644110287,46.144193659655421],[-123.8746855616522,46.144191137092442],[-123.87468468489647,46.144188613906948],[-123.87468381532727,46.144186090721341],[-123.87468294935134,46.144183565668449],[-123.8746820887653,46.144181040615436],[-123.87468123177253,46.144178515562309],[-123.87468037837301,46.144175987397091],[-123.87467953126169,46.144173460476523],[-123.87467868864195,46.14417093231107],[-123.87467784961549,46.144168403523103],[-123.87467701687721,46.144165873490245],[-123.8746761868339,46.14416334283483],[-123.87467536218047,46.144160810934572],[-123.87467454291691,46.144158279034166],[-123.87467372814496,46.144155747133631],[-123.87467291786457,46.144153213988226],[-123.87467211117743,46.144150680220285],[-123.87467130988021,46.144148144585017],[-123.87467051307456,46.144145608949685],[-123.87466972076048,46.144143073314225],[-123.87466893383629,46.144140535811445],[-123.87466815050536,46.144137998308551],[-123.87466737166602,46.144135460805579],[-123.87466659911486,46.144132920812865],[-123.87466583015699,46.144130382687216],[-123.87466506569066,46.144127841449503],[-123.87466430571592,46.144125300834041],[-123.8746635502328,46.144122759596094],[-123.87466280103786,46.144120216490812],[-123.87466205453782,46.14411767400783],[-123.8746613125294,46.144115130279957],[-123.87466057680919,46.144112585307163],[-123.87465984558057,46.144110040956654],[-123.87465911884348,46.144107495983611],[-123.87465839569968,46.144104949143298],[-123.87465767704747,46.144102402302806],[-123.87465696468345,46.144099854839844],[-123.87465625681101,46.144097307376761],[-123.87465555163351,46.144094758046393],[-123.8746548527442,46.144092208715861],[-123.87465415834649,46.144089658762852],[-123.87465346754205,46.144087108187321],[-123.87465278212748,46.144084556989306],[-123.87465210120449,46.14408200516872],[-123.8746514265697,46.144079452725656],[-123.87465075373156,46.144076900282485],[-123.87465008807993,46.144074346594373],[-123.87464942602158,46.144071792906146],[-123.87464876935312,46.144069237350621],[-123.87464811537957,46.144066682417353],[-123.87464746859256,46.144064126239243],[-123.87464682450052,46.144061569438556],[-123.87464618490004,46.14405901201534],[-123.87464555158775,46.144056455214461],[-123.87464492186874,46.144053897168661],[-123.87464429843793,46.144051338500326],[-123.87464367770207,46.144048779209463],[-123.87464306235609,46.144046218673722],[-123.87464245060342,46.144043659382625],[-123.87464184603722,46.144041098846643],[-123.87464124416597,46.144038536443333],[-123.8746406467863,46.144035975284702],[-123.87464005479653,46.144033412258736],[-123.87463946819666,46.144030849855113],[-123.87462318084224,46.143948799971298],[-123.87462277929529,46.14394641370199],[-123.87462238313825,46.143944027432624],[-123.87462198877786,46.14394164054071],[-123.87376034541857,46.143229251066785],[-123.8713962805264,46.14310543031646],[-123.87138944704202,46.143106579278516],[-123.87138261894754,46.143107738199035],[-123.87137579264972,46.143108906455602],[-123.87136896994512,46.143110084670674],[-123.8713621508338,46.14311127222183],[-123.87135533531574,46.143112467864185],[-123.87134852249264,46.143113674087466],[-123.87134171236447,46.14311488840201],[-123.87133490852452,46.143116113297367],[-123.87132810558285,46.143117345661651],[-123.87132130623445,46.143118590473968],[-123.87131451047934,46.143119841510327],[-123.8713077201141,46.143121103127605],[-123.87130093154552,46.143122374703339],[-123.87129414746849,46.143123654370306],[-123.87128736698472,46.143124943995744],[-123.87128058919589,46.143126242957244],[-123.87127381589866,46.14312755001],[-123.871267047093,46.143128867021204],[-123.87126028098226,46.143130193990856],[-123.87125351846481,46.143131529674214],[-123.87124676133726,46.143132874693599],[-123.8712400060063,46.143134229671432],[-123.87123325516694,46.143135592118149],[-123.87122650881915,46.143136965145708],[-123.8712197651663,46.1431383475093],[-123.87121302600505,46.143139738586555],[-123.87120629223371,46.143141139622294],[-123.87119956025897,46.143142548126853],[-123.8711928327758,46.143143967212282],[-123.87118611068253,46.143145395633724],[-123.87117939128422,46.143146832768863],[-123.87117267727577,46.143148278617616],[-123.87116596596228,46.143149735047217],[-123.87115925914036,46.143151198945688],[-123.87115255681005,46.143152672802593],[-123.87114585897129,46.143154155995518],[-123.87113916382748,46.143155649146919],[-123.87113247497184,46.14315715038957],[-123.87112578791287,46.143158660345854],[-123.87111910893876,46.143160180260573],[-123.87111243086292,46.143161710133768],[-123.87110575907532,46.143163247475776],[-123.87109908998262,46.143164794153797],[-123.87109242627987,46.143166350790302],[-123.87108576706864,46.143167917385234],[-123.87107911234902,46.143169491448973],[-123.87107246212098,46.143171074226387],[-123.87106581548619,46.143172667584615],[-123.871059173343,46.143174269656477],[-123.87105253748798,46.143175879819601],[-123.87104590522623,46.14317749994111],[-123.87103927835437,46.143179129398675],[-123.87103265507578,46.143180768192295],[-123.87102603628877,46.143182415077121],[-123.87101942199334,46.143184071297966],[-123.8710128130878,46.143185736232482],[-123.87100620957216,46.143187411125382],[-123.87099960964974,46.143189094109538],[-123.87099301511724,46.143190787052106],[-123.87098642417801,46.14319248746348],[-123.87097983952698,46.143194198455731],[-123.87097325936753,46.14319591816156],[-123.87096668280134,46.143197646581022],[-123.87096011342166,46.143199383091691],[-123.87095354673693,46.143201130183201],[-123.87094698634041,46.143202885365952],[-123.87094043133378,46.143204651129494],[-123.87093388171706,46.143206423117029],[-123.87092733479527,46.143208205685404],[-123.87092079416168,46.143209996967435],[-123.87091425801968,46.143211798207837],[-123.87090772906417,46.143213607539487],[-123.87090120280365,46.143215424962293],[-123.87089468372962,46.143217252343547],[-123.87088816914719,46.143219087193593],[-123.87088165905632,46.143220933246873],[-123.87087515525364,46.143222787391394],[-123.87086865594259,46.143224649627079],[-123.8708621620214,46.14322652057637],[-123.87085567438841,46.143228402106473],[-123.870849191247,46.143230291105368],[-123.87084271349548,46.143232188817905],[-123.87083624113389,46.143234096488804],[-123.87082977416215,46.143236012250945],[-123.87082331168199,46.143237936726685],[-123.87081685549005,46.14323987116078],[-123.87081040468797,46.143241813063739],[-123.87080396017414,46.143243764925046],[-123.87079752015185,46.14324572487758],[-123.87079108641781,46.143247693543685],[-123.87078465897194,46.143249670923396],[-123.87077823601767,46.143251658883905],[-123.87077181935157,46.143253653068442],[-123.8707654071771,46.143255657833734],[-123.87075900218912,46.143257670690211],[-123.8707526016927,46.143259692260287],[-123.87074620748453,46.143261722543961],[-123.87073981866622,46.143263761541228],[-123.87073343613613,46.143265809874464],[-123.87072705989422,46.143267866298878],[-123.87072068814392,46.143269932059297],[-123.87071432268183,46.14327200528848],[-123.87070796350793,46.143274087853676],[-123.8707016088256,46.143276179132464],[-123.8706952613298,46.143278279747207],[-123.87068892012223,46.143280389075542],[-123.87068258430453,46.143282506495048],[-123.87067625567335,46.143284632628138],[-123.87066993333039,46.143286768097191],[-123.87066361458066,46.143288911035036],[-123.87065730391579,46.143291063931251],[-123.87065099864081,46.143293224296272],[-123.87064469965405,46.143295393374814],[-123.87063840695546,46.143297570544533],[-123.87063211874849,46.143299757672658],[-123.87062583862635,46.143301952891903],[-123.87061956389408,46.143304156824769],[-123.87061329634834,46.143306369471169],[-123.87060703509081,46.143308590208733],[-123.87060078012148,46.143310820282281],[-123.87059453054205,46.143313058446978],[-123.87058828725084,46.143315304702845],[-123.87058205114613,46.143317559672283],[-123.870575819533,46.143319823977713],[-123.87056959780135,46.143322096374241],[-123.87056337966295,46.143324376861962],[-123.87055716871106,46.143326666063217],[-123.87055096494572,46.143328963355678],[-123.87054476657026,46.143331270606424],[-123.87053857627963,46.143333584703591],[-123.8705323913789,46.143335908136635],[-123.87052621456301,46.143338239038513],[-123.87052004134038,46.143340579276277],[-123.87051387799922,46.143342928850046],[-123.87050772094628,46.143345284647729],[-123.8705015683849,46.143347651026168],[-123.87049542390832,46.143350024250964],[-123.87048928572,46.14335240681168],[-123.87048315381988,46.143354798085944],[-123.87047703000457,46.143357197451365],[-123.8704709124775,46.143359604907914],[-123.87046480123863,46.143362019833226],[-123.87045869808456,46.143364443472045],[-123.87045260032045,46.14336687582442],[-123.87044651243775,46.143369316890343],[-123.87044042725,46.143371766669802],[-123.87043435104545,46.143374223917981],[-123.87042828202738,46.143376689257295],[-123.87042222109416,46.143379164554936],[-123.8704161646525,46.143381646076506],[-123.870410117194,46.143384136934024],[-123.87040407602373,46.143386635882678],[-123.87039804114164,46.143389142922452],[-123.87039201524271,46.143391658053361],[-123.8703859965303,46.14339418189774],[-123.8703799832078,46.143396714455704],[-123.87037397797013,46.143399255104747],[-123.87036797902066,46.143401802600188],[-123.87036198815606,46.143404359431457],[-123.87035600447793,46.143406924976325],[-123.87035002708804,46.143409497989829],[-123.87034405868127,46.143412078472096],[-123.87033809656275,46.143414667045512],[-123.87033214252902,46.143417264954785],[-123.87032619568187,46.143419870955206],[-123.87032025602119,46.143422485046742],[-123.87031432264875,46.143425106606969],[-123.87030839915775,46.143427736880724],[-123.87030248105665,46.143430374623172],[-123.87029657193872,46.143433021701497],[-123.87029066731236,46.143435675003779],[-123.87028477436411,46.14343833764196],[-123.87027888770405,46.143441007748805],[-123.87027300733219,46.143443685946821],[-123.8702671350452,46.143446372235879],[-123.87026126994468,46.143449067860857],[-123.87025541203073,46.143451769709756],[-123.87024956489653,46.143454480272098],[-123.87024372315223,46.143457198925589],[-123.87023788859449,46.143459925047765],[-123.87023206391818,46.143462659883397],[-123.87022624463175,46.143465403432579],[-123.87022043343021,46.143468152583196],[-123.87021463121177,46.143470912314548],[-123.87020883617987,46.143473678269764],[-123.87020304923281,46.143476452938479],[-123.8701972703706,46.143479234453494],[-123.87019149869489,46.143482024682001],[-123.87018573510404,46.143484823623965],[-123.8701799804963,46.143487628789806],[-123.87017423127851,46.143490442669155],[-123.87016849373877,46.143493264639588],[-123.87016276158894,46.14349609345625],[-123.87015703842228,46.143498930986418],[-123.87015132244213,46.143501775362886],[-123.87014561544514,46.14350462969761],[-123.87013991563464,46.143507489633805],[-123.87013422480733,46.143510358283486],[-123.87012854206483,46.143513235024244],[-123.87012286740719,46.143516118611231],[-123.87011720083437,46.143519010289296],[-123.87011154234639,46.143521910058482],[-123.87010589194324,46.143524817918667],[-123.87010024962495,46.143527732625159],[-123.87009461628982,46.143530655422708],[-123.87008899193782,46.143533586311364],[-123.87008337297571,46.143536524668619],[-123.87007776479341,46.143539470494567],[-123.87007216469593,46.143542423166757],[-123.87006657268326,46.143545385174818],[-123.87006098965379,46.143548354029114],[-123.87005541291251,46.143551330352054],[-123.87004984695099,46.143554314766092],[-123.87004428907433,46.143557306648766],[-123.87003873928251,46.143560305377676],[-123.87003319757552,46.143563312197678],[-123.87002766485168,46.143566327731094],[-123.87002214111102,46.14356934886596],[-123.87001662455687,46.143572379336689],[-123.87001111788415,46.143575416031226],[-123.8700056201946,46.143578460816855],[-123.87000012879328,46.143581513071112],[-123.86999464817173,46.143584573416369],[-123.86998917563503,46.143587640607933],[-123.86998371208145,46.143590714645711],[-123.86997825661274,46.143593796152111],[-123.86997281102548,46.143596886994324],[-123.86996737262476,46.143599984060423],[-123.8699619441055,46.143603087972743],[-123.8699565245694,46.143606201220869],[-123.86995111311812,46.143609320070468],[-123.86994571154831,46.143612446388687],[-123.86994031716503,46.143615580797892],[-123.86993493356155,46.143618722675789],[-123.86992955804287,46.143621871399866],[-123.86992419150739,46.14362502697017],[-123.86991883305669,46.143628190631503],[-123.8699134844875,46.1436313617615],[-123.86990814490146,46.143634540982461],[-123.86990281519688,46.143637725804894],[-123.86989749178049,46.143640919340697],[-123.86989217914392,46.143644119722758],[-123.86988687549045,46.14364732632859],[-123.86988158082019,46.143650541025487],[-123.86987629692969,46.143653762568569],[-123.8698710202257,46.143656991580258],[-123.8698657534032,46.143660228682947],[-123.86986049556384,46.1436634713871],[-123.8698552458093,46.143666722804625],[-123.86985000773292,46.143669980445964],[-123.86984477594469,46.143673245555902],[-123.86983955583455,46.143676518134427],[-123.86983434470761,46.143679798181594],[-123.86982914076717,46.143683083830112],[-123.8698239485048,46.143686376947265],[-123.86981876432733,46.143689678155425],[-123.86981359092958,46.143692985587386],[-123.8698084247184,46.143696301110303],[-123.86980326928696,46.143699622234664],[-123.86979812373703,46.14370295145001],[-123.8697929862719,46.143706288133941],[-123.86978785958661,46.143709631041681],[-123.86978274188441,46.14371298017317],[-123.86977763406371,46.143716338018066],[-123.86977253522615,46.143719702709163],[-123.86976744537178,46.143723073001652],[-123.86976236539881,46.143726450762721],[-123.86975729530737,46.143729836614767],[-123.86975223419907,46.143733227445793],[-123.86974718387053,46.143736626990197],[-123.86974214342345,46.143740032135995],[-123.86973711285789,46.143743444750356],[-123.86973208947882,46.143746864210925],[-123.86972707777784,46.143750290517637],[-123.8697220741617,46.14375372367055],[-123.869717083122,46.143757163669605],[-123.86971209926881,46.143760611137282],[-123.8697071270937,46.14376406420628],[-123.86970216300345,46.143767524743886],[-123.86969720879463,46.143770992750049],[-123.86969226446733,46.143774465735163],[-123.8696873318181,46.143777947433662],[-123.86968240635539,46.143781434733526],[-123.86967749346911,46.143784928257169],[-123.86967258776933,46.143788429249355],[-123.86966769374766,46.143791937087727],[-123.86966280870915,46.143795451149835],[-123.86965793624705,46.143798973302886],[-123.86965307007317,46.143802500434944],[-123.86964821647568,46.143806035035489],[-123.86964337186136,46.143809575237455],[-123.86963853712848,46.14381312290795],[-123.86963371317539,46.143816678046988],[-123.86962889820549,46.143820239409791],[-123.86962409491368,46.143823806373945],[-123.86961930060498,46.143827380806634],[-123.86961451707612,46.143830961463081],[-123.86960974253037,46.1438345483433],[-123.86960498056105,46.143838141447219],[-123.86960022667658,46.143841742019724],[-123.86959548357187,46.143845348193523],[-123.86959075124695,46.1438489618359],[-123.86958602700687,46.143852580457207],[-123.86958131534321,46.143856206547092],[-123.86957661356101,46.143859839483085],[-123.86957192255859,46.1438634792652],[-123.86956723964103,46.143867124026237],[-123.86956256929984,46.143870775633438],[-123.86955790884018,46.143874433464376],[-123.86955325736363,46.143878098763835],[-123.86954861756517,46.14388176904221],[-123.86954398854652,46.14388544678917],[-123.86953936940932,46.143889130759803],[-123.86953475925529,46.143892819709365],[-123.86953016167767,46.143896516127484],[-123.86952557308319,46.143900218146939],[-123.86952099616684,46.143903927012481],[-123.86951642913193,46.143907642724123],[-123.8695118728768,46.14391136341473],[-123.86950732740145,46.143915090329074],[-123.86950279180761,46.143918824089504],[-123.86949826699352,46.143922564073669],[-123.8694937529592,46.143926310903922],[-123.86948924880636,46.143930062713096],[-123.86948475812825,46.143933821368393],[-123.869480275535,46.143937586247411],[-123.86947580372153,46.143941356105344],[-123.86947134358613,46.143945132186957],[-123.86946689333219,46.14394891635952],[-123.86946245295978,46.143952704266155],[-123.86945802516374,46.143956499641334],[-123.86945360635085,46.143960301240185],[-123.86944920011437,46.143964107195572],[-123.86944480465768,46.143967920619446],[-123.86944041908245,46.143971739644577],[-123.86943604518537,46.143975565515873],[-123.8694316802714,46.143979396988435],[-123.86942732793382,46.143983233439933],[-123.86942298547775,46.143987076115096],[-123.86941865469977,46.143990925013966],[-123.86941433470157,46.143994780758945],[-123.86941002548315,46.143998640860367],[-123.86940572704451,46.144002507807947],[-123.86940143938567,46.144006380979171],[-123.86939716430321,46.144010259129296],[-123.86939289820396,46.144014143503114],[-123.86938864378277,46.144018033478226],[-123.86938440103967,46.144021928432267],[-123.86938016727974,46.14402583085473],[-123.86937594609621,46.144029738256108],[-123.86937173748912,46.144033651881152],[-123.86936753786514,46.144037571107468],[-123.86936334991928,46.14404149593512],[-123.86935917275322,46.144045425741602],[-123.86935500816357,46.144049362394178],[-123.86935085255705,46.14405330464804],[-123.86934670952698,46.14405725188076],[-123.86934257817499,46.144061205337181],[-123.86933845670445,46.144065163772467],[-123.86933434691203,46.14406912780904],[-123.86933024969603,46.144073098691635],[-123.86932616056484,46.144077074553152],[-123.86932208490842,46.144081055393542],[-123.86931802003174,46.144085041835197],[-123.86931396683316,46.144089035122889],[-123.86930992621103,46.144093032767032],[-123.86930589367373,46.144097036012504],[-123.86930187550946,46.144101045481634],[-123.86929786812496,46.144105060551986],[-123.86929387062196,46.144109079978847],[-123.86928988479704,46.144113105006902],[-123.86928591244687,46.144117136258693],[-123.86928194907982,46.144121171866921],[-123.8692779973909,46.144125214321178],[-123.86927405917669,46.144129262376694],[-123.86927013084394,46.144133314166297],[-123.8692662141893,46.14413737155715],[-123.86926230831446,46.144141435794026],[-123.86925841501602,46.144145503764989],[-123.86925453429399,46.14414957795961],[-123.86925066345344,46.14415365651066],[-123.86924680429095,46.144157741285376],[-123.8692429568066,46.144161831661336],[-123.86923912189864,46.144165926393732],[-123.86923529687219,46.144170026727373],[-123.8692314844221,46.144174132039907],[-123.86922768365015,46.144178242331229],[-123.8692238954546,46.144182359468651],[-123.86922011714051,46.144186479717646],[-123.86921635230114,46.144190606190335],[-123.86921259734325,46.144194737641861],[-123.86920885586009,46.144198874694609],[-123.86920512425843,46.144203015481395],[-123.86920140613147,46.14420716186946],[-123.86919769878428,46.144211313858712],[-123.86919400401352,46.144215471449201],[-123.86919032092085,46.144219633396155],[-123.86918664860796,46.144223800321939],[-123.86918298887153,46.144227972848945],[-123.86917933991482,46.144232149732375],[-123.86917570353455,46.144236330972269],[-123.86917207883238,46.144240518435751],[-123.86916846670663,46.144244710878091],[-123.86916486536064,46.144248907054454],[-123.86916127659107,46.144253108832025],[-123.86915769860128,46.144257315588426],[-123.86915413498457,46.144261526701278],[-123.86915058214761,46.144265743415353],[-123.86914704098876,46.144269965108236],[-123.86914351150803,46.144274190535128],[-123.869139995502,46.144278422185685],[-123.86913648937747,46.144282657570201],[-123.86913299672763,46.144286898555976],[-123.8691295148576,46.144291143898201],[-123.86912604556395,46.144295392974428],[-123.86912258884674,46.14429964827422],[-123.86911914470593,46.144303907930464],[-123.86911571224323,46.144308172565502],[-123.86911228966203,46.144312440934591],[-123.86910888145383,46.144316714904875],[-123.86910548492372,46.144320992609202],[-123.86910210007174,46.144325276537103],[-123.8690987286945,46.144329563576619],[-123.86909536809698,46.144333854972544],[-123.86909202097425,46.144338151969706],[-123.86908868463128,46.144342453323219],[-123.86908536086472,46.144346759033205],[-123.8690820496746,46.144351070344356],[-123.86907874926425,46.144355384767124],[-123.86907546232862,46.144359704791086],[-123.86907218886772,46.144364029171442],[-123.8690689252883,46.14436835666347],[-123.86906567608193,46.144372689134229],[-123.86906243765533,46.144377026583832],[-123.86905921180514,46.144381368389816],[-123.86905599853135,46.144385714552179],[-123.86905279783399,46.144390065070958],[-123.86904960881473,46.144394420568538],[-123.8690464323719,46.144398779800127],[-123.86904326760717,46.144403142765697],[-123.86904011631715,46.144407511332439],[-123.86903697760351,46.144411883010861],[-123.86903384966971,46.144416260290406],[-123.86903073700725,46.144420641303917],[-123.86902763422627,46.144425025429094],[-123.86902454491999,46.14442941453305],[-123.86902146729183,46.144433808615773],[-123.86901840224009,46.144438205810097],[-123.86901535066308,46.144442608605559],[-123.86901230986584,46.144447013890272],[-123.86900928433997,46.144451424153758],[-123.86900626869554,46.144455838773645],[-123.86900326652588,46.144460257127506],[-123.8690002769326,46.144464679215368],[-123.86899729991575,46.144469106281989],[-123.86899433547531,46.144473537082582],[-123.86899138361129,46.144477971617171],[-123.86898844252703,46.144482410508168],[-123.86898551581585,46.144486853133124],[-123.86898260168107,46.144491300114474],[-123.86897970012269,46.14449575082979],[-123.86897681114075,46.144500205279101],[-123.86897393473521,46.144504664707163],[-123.86897107180441,46.144509127246835],[-123.86896821965337,46.144513593520493],[-123.86896538097707,46.144518063528103],[-123.8689625548772,46.144522537892108],[-123.86895974135372,46.144527016612464],[-123.86895694130497,46.144531499066822],[-123.86895415293434,46.144535984010318],[-123.86895137714011,46.144540473932608],[-123.86894861661723,46.144544966966485],[-123.86894586687416,46.144549464979107],[-123.86894312970749,46.144553965480924],[-123.86894040601555,46.144558470339121],[-123.86893769400172,46.144562979553662],[-123.86893499546258,46.144567490634991],[-123.86893231039822,46.1445720060727],[-123.86892963701192,46.144576526489111],[-123.86892697620206,46.144581048772388],[-123.86892432976522,46.144585576034359],[-123.86892169320984,46.144590105785511],[-123.86891907282417,46.144594640515443],[-123.86891646411661,46.144599177112163],[-123.86891386798541,46.144603718687613],[-123.86891128532898,46.144608263374636],[-123.86890871524895,46.144612811795639],[-123.86890615684702,46.144617363950566],[-123.86890361371644,46.144621917349923],[-123.86890108136566,46.14462647759516],[-123.8688985633879,46.144631039084814],[-123.86889605708828,46.144635604930798],[-123.8688935651617,46.144640174510755],[-123.86889108401488,46.144644746579885],[-123.86888861634277,46.144649321760575],[-123.8688883414583,46.144649848923962],[-123.86887523952987,46.144674768745595],[-123.86886233073925,46.144700049541143],[-123.86884976959664,46.144725414969848],[-123.86883754891551,46.144750864409239],[-123.86882566779757,46.144776402838275],[-123.86881413432765,46.144802021543391],[-123.86880293952254,46.144827720524439],[-123.86879208517901,46.144853501648576],[-123.86878156680532,46.144879353090261],[-123.86877134577404,46.144905373186383],[-123.86876135560975,46.144931586209793],[-123.86875162955016,46.144957888844239],[-123.86874215771383,46.144984259928428],[-123.86873293650741,46.145010684525104],[-123.86872396413436,46.145037165123675],[-123.86871523969633,46.145063703591241],[-123.86870676498994,46.145090306773959],[-123.86869852833709,46.145116944174902],[-123.86869052165297,46.145143654381776],[-123.8686827188864,46.145170488429955],[-123.86867508500313,46.145197445074388],[-123.86866761371489,46.145224450251469],[-123.86866329192007,46.145240465391957],[-123.86866030322513,46.145251521387813],[-123.86865315263547,46.145278624252285],[-123.86864615565771,46.145305771914899],[-123.86863930241041,46.145332962508405],[-123.86863259289355,46.145360189186583],[-123.8686260127341,46.145387461907433],[-123.86861954755899,46.145414796852791],[-123.868613193775,46.145442212071593],[-123.86860690736464,46.145469683913312],[-123.86860070180263,46.145497204286855],[-123.86859455822443,46.145524773192221],[-123.86858846764679,46.145552370090833],[-123.86858242467987,46.145580014276327],[-123.86857641225568,46.145607695790659],[-123.86857043217084,46.145635404053301],[-123.86856447005229,46.145663163336962],[-123.86855851062869,46.145690953725463],[-123.86759904792149,46.150166413593666],[-123.86759308220968,46.150194250250131],[-123.86758708505687,46.150222120498114],[-123.86758106095458,46.150250029938519],[-123.86757499193651,46.150277971103343],[-123.86756887710436,46.150305935902352],[-123.86756269579691,46.150333934914975],[-123.86755645070906,46.150361951960754],[-123.86755012567113,46.15038999139594],[-123.86754370810674,46.150418065666997],[-123.86753717825295,46.150446182241687],[-123.86753052443161,46.150474360412019],[-123.86752371160853,46.150502564083119],[-123.86751676044486,46.150530774585334],[-123.86750964219452,46.150558982583775],[-123.86750237302726,46.150587194924071],[-123.86749493228176,46.150615413473041],[-123.86748730827993,46.150643635741545],[-123.86747950820832,46.150671855506239],[-123.86747150421917,46.15070008832523],[-123.86746327115956,46.150728388340298],[-123.8674547686054,46.150756739993355],[-123.8674460100314,46.15078509100951],[-123.86743697208132,46.150813407161159],[-123.86742767721307,46.150841699027822],[-123.86741810656201,46.150869961008645],[-123.86740825114505,46.150898195592958],[-123.86739811186044,46.150926403403091],[-123.86738769230146,46.150954574482093],[-123.86737695923044,46.150982738078795],[-123.86736587581646,46.151010981317704],[-123.86735435941453,46.151039245078543],[-123.86734249266962,46.15106745281642],[-123.86733022527609,46.151095587728854],[-123.86731758957329,46.151123638614301],[-123.8673045756798,46.15115162289775],[-123.86729117281574,46.151179523154404],[-123.86727739894751,46.151207344362909],[-123.86726324329526,46.151235072210234],[-123.86724855494205,46.151262979270065],[-123.86724612320258,46.151267492913917],[-123.86724367888669,46.151272005312748],[-123.86724122468932,46.151276513977365],[-123.86723875881388,46.151281020152346],[-123.86723628215863,46.151285523215392],[-123.86723379202866,46.151290021921888],[-123.86723129291555,46.151294518761048],[-123.8672287821243,46.151299012488266],[-123.8672262587567,46.151303503103584],[-123.86722372371096,46.151307990606966],[-123.86722117968209,46.151312474998356],[-123.86721862217847,46.151316956900182],[-123.86721605659,46.151321433823142],[-123.8672134757302,46.151325909501089],[-123.86721088498892,46.151330380822458],[-123.86720828436617,46.151334849031926],[-123.86720567116703,46.151339315996395],[-123.86720304718807,46.151343777359678],[-123.86720041153103,46.151348237477997],[-123.86719776599249,46.151352692617415],[-123.86719510697928,46.151357146511863],[-123.86719243808456,46.151361595427467],[-123.86718975930837,46.151366041231128],[-123.86718706795581,46.151370485167469],[-123.86718436492509,46.15137492474733],[-123.86718165201295,46.151379360592884],[-123.86717892652437,46.151383793948881],[-123.86717619115434,46.151388224192907],[-123.8671734432079,46.151392649458089],[-123.86717068448164,46.151397073478314],[-123.86716791587395,46.151401492519675],[-123.8671651337915,46.151405909693736],[-123.86716234362423,46.151410323133589],[-123.86715954088054,46.151414732839193],[-123.86715672645877,46.151419138810553],[-123.86715390125721,46.151423541670042],[-123.86715106527583,46.151427940795294],[-123.86714821851469,46.151432336186296],[-123.86714536007547,46.151436728465427],[-123.86714249085645,46.151441118254915],[-123.86713961085762,46.151445503065574],[-123.86713672007906,46.151449884764311],[-123.86713381672406,46.151454262728855],[-123.86713090438589,46.15145863820382],[-123.86712797857302,46.151463009322214],[-123.86712504377701,46.151467376706378],[-123.86712209820119,46.151471740978671],[-123.86711914004894,46.151476101516742],[-123.86711617201526,46.151480459565214],[-123.86711319320176,46.151484812634862],[-123.8671102036085,46.151489161970282],[-123.86710720143881,46.151493507571473],[-123.86710419028597,46.1514978500608],[-123.86710116745505,46.151502189438226],[-123.86709813294601,46.151506524459094],[-123.86709508765722,46.151510855123469],[-123.86709203338528,46.151515183298265],[-123.86708896563856,46.151519507738833],[-123.86708588801039,46.151523827822899],[-123.86708279870415,46.151528144795016],[-123.86707970041471,46.151532457410688],[-123.8670765904472,46.151536765669825],[-123.86707346969992,46.151541070817053],[-123.86707033817282,46.151545372230103],[-123.86706719406931,46.151549669286624],[-123.86706404098268,46.151553963231244],[-123.86706087711627,46.151558252819378],[-123.86705770157174,46.151562539295611],[-123.86705451704405,46.151566820793036],[-123.86705131993996,46.151571099178568],[-123.8670481120561,46.151575373829942],[-123.86704489518904,46.151579645369374],[-123.86704166484728,46.151583911307718],[-123.86703842731899,46.151588173511861],[-123.86703517631597,46.151592432604104],[-123.86703191453317,46.151596687339833],[-123.8670286428689,46.151600938341396],[-123.8670253613232,46.151605185608794],[-123.86702206720103,46.151609427897348],[-123.86701876409573,46.151613665829373],[-123.86701544931236,46.151617901271891],[-123.86701212374916,46.1516221317356],[-123.86700879010114,46.151626357842794],[-123.8670054420801,46.151630580838109],[-123.86700208507587,46.151634799476945],[-123.86699871819017,46.151639013759272],[-123.86699534052471,46.151643224307428],[-123.86699195028281,46.15164742987681],[-123.86698855105779,46.151651632956579],[-123.86698514105298,46.151655830435288],[-123.86698172026836,46.151660024179762],[-123.86697828960229,46.151664213567805],[-123.86697484725813,46.151668399843985],[-123.8669713959308,46.15167258114132],[-123.8669679338237,46.151676757459875],[-123.86696446003849,46.1516809300443],[-123.86696097637183,46.15168509951684],[-123.86695748192538,46.151689263388235],[-123.86695397759743,46.1516934222809],[-123.86695046248973,46.151697579306294],[-123.86694693750057,46.151701730108314],[-123.86694340083328,46.15170587779847],[-123.86693985338624,46.151710020509796],[-123.86693629695603,46.151714158864678],[-123.86693273064436,46.151718293485416],[-123.86692915265456,46.151722423749661],[-123.86692556478332,46.15172654965744],[-123.86692196613231,46.15173067058641],[-123.86691835670148,46.151734787158937],[-123.86691473738919,46.151738899997319],[-123.86691110819545,46.151743007856901],[-123.86690746822191,46.151747110737709],[-123.86690381836692,46.151751211128982],[-123.86690015773213,46.151755305296838],[-123.86689648721588,46.151759395730586],[-123.86689280681819,46.151763481185526],[-123.86688911474235,46.151767562906329],[-123.86688541368338,46.151771639026059],[-123.86688170094632,46.151775712033938],[-123.86687797922609,46.151779779440737],[-123.8668742467261,46.151783843113378],[-123.86687050434462,46.151787901807253],[-123.86686675118335,46.151791956144699],[-123.86686298814064,46.1517960061257],[-123.86685921431811,46.151800050505592],[-123.86685543241077,46.151804091151362],[-123.86685163882534,46.151808126818338],[-123.86684783356181,46.151812158128926],[-123.86684402111173,46.151816185082986],[-123.86684019698356,46.151820206436035],[-123.86683636297391,46.151824223432648],[-123.86683251908281,46.151828236072781],[-123.86682866351363,46.151832244356456],[-123.8668247998596,46.1518362470391],[-123.86682092452745,46.151840246609915],[-123.86681704111049,46.151844239957356],[-123.86681314601542,46.151848228948317],[-123.86680924193719,46.151852213582913],[-123.86680532797749,46.151856193238714],[-123.86680140144139,46.151860167915792],[-123.86679746771874,46.151864138236391],[-123.86679352321636,46.151868102955945],[-123.86678956793415,46.151872063941397],[-123.8667856045671,46.15187601932579],[-123.86678162952197,46.151879969731461],[-123.86677764639202,46.151883915780658],[-123.86677365068563,46.151887857473461],[-123.8667696459961,46.151891792942884],[-123.86676563232339,46.151895724055905],[-123.86676160876922,46.15189965081251],[-123.86675757353699,46.151903573212657],[-123.86675353021991,46.151907489389458],[-123.86674947702134,46.151911401832116],[-123.86674541304299,46.15191530805145],[-123.86674133918318,46.151919209914389],[-123.86673725634022,46.151923107420885],[-123.8667331645141,46.151926999326335],[-123.86672906190819,46.151930886253062],[-123.86672494762418,46.151934768201038],[-123.86672082525536,46.151938645170333],[-123.86671669480168,46.151942517160876],[-123.8667125526699,46.151946383550424],[-123.86670839975834,46.151950246205843],[-123.86670423966027,46.151954103260195],[-123.86670006968069,46.151957954091245],[-123.86669588712475,46.151961801188214],[-123.86669169738227,46.151965642684118],[-123.86668749686,46.151969478579041],[-123.86668328735456,46.151973310739834],[-123.8666790679677,46.151977137299617],[-123.86667483959762,46.151980958258378],[-123.8666706004478,46.151984774238421],[-123.86666635321315,46.151988584617406],[-123.86666209519869,46.151992390640061],[-123.86665782820108,46.151996191061642],[-123.86665355222034,46.151999986504578],[-123.8666492645615,46.152003776968755],[-123.86664496881781,46.152007560587293],[-123.86664066229433,46.152011341094081],[-123.86663634858435,46.152015115999859],[-123.86663202409457,46.152018884682306],[-123.86662768882502,46.152022647763751],[-123.8666233463689,46.15202640711113],[-123.86661899492968,46.15203015961287],[-123.86661463181235,46.152033907758188],[-123.86661026061017,46.152037650302553],[-123.86660587862822,46.152041388490495],[-123.86660148945973,46.152045119832849],[-123.86659708771485,46.152048846196472],[-123.86659267788512,46.152052568203722],[-123.86658825997054,46.15205628336539],[-123.8665838321745,46.152059994170642],[-123.8665793935987,46.152063699997214],[-123.86657494783636,46.152067399600526],[-123.86657049309086,46.152071094847365],[-123.86656602756557,46.152074783248686],[-123.86656155215884,46.15207846604897],[-123.86655706866726,46.15208214449288],[-123.86655257529421,46.152085816713537],[-123.86654807383631,46.152089484577743],[-123.86654356070034,46.152093146841004],[-123.86653904037782,46.152096801636375],[-123.86653451107215,46.152100453319981],[-123.86652997188504,46.152104097535648],[-123.86652542371475,46.1521077386396],[-123.86652086566301,46.15211137227562],[-123.86651629952641,46.152115000310694],[-123.86651172440666,46.15211862336708],[-123.86650713850713,46.152122241444786],[-123.8665025454211,46.152125852676924],[-123.86649794155524,46.152129458930361],[-123.86649332960459,46.152133059582823],[-123.86648870867077,46.152136654012033],[-123.8664840796521,46.152140244707184],[-123.86647943985366,46.15214382855676],[-123.86647479107206,46.152147406183055],[-123.86647013330732,46.152150978208333],[-123.86646546835605,46.152154545255001],[-123.8664607935233,46.152158106078382],[-123.86645610970744,46.152161662545431],[-123.86645141511174,46.152165211544563],[-123.86644671422785,46.15216875556505],[-123.8664420025642,46.15217229398457],[-123.8664372828157,46.152175826803123],[-123.86643255318572,46.152179353398452],[-123.86642781726754,46.152182874392771],[-123.8664230705696,46.152186389786181],[-123.86641831488846,46.152189898956316],[-123.86641355112251,46.152193403147763],[-123.8664087765768,46.152196901115978],[-123.86640399574284,46.152200393483241],[-123.86639920592575,46.152203879627237],[-123.86639440532886,46.152207360792588],[-123.86638959844377,46.152210835112406],[-123.8663847807789,46.152214303208964],[-123.86637995592753,46.15221776694915],[-123.86637512119468,46.152221223843803],[-123.8663702792753,46.152224675137511],[-123.86636542747445,46.152228120207958],[-123.86636056579212,46.152231560299768],[-123.8663556978216,46.152234992923745],[-123.86635081996958,46.152238419946777],[-123.86634593403276,46.152241841991177],[-123.86634104001111,46.152245258434597],[-123.86633613700629,46.15224866741022],[-123.86633122411997,46.152252071407169],[-123.86632630314888,46.152255469180872],[-123.8663213749912,46.152258861353687],[-123.8663164369521,46.152262246680934],[-123.86631149082815,46.152265625784935],[-123.86630653661935,46.152268999910312],[-123.86630157252908,46.152272368434758],[-123.86629660125233,46.152275729491379],[-123.8662916218907,46.152279084947068],[-123.86628663444422,46.152282434801833],[-123.86628163621799,46.152285778433395],[-123.86627662990691,46.152289115841668],[-123.86627161730765,46.15229244702676],[-123.86626659482687,46.152295771988612],[-123.86626156515958,46.152299091349526],[-123.86625652650918,46.152302403864951],[-123.86625147887557,46.152305710779402],[-123.86624642405549,46.152309012092978],[-123.86624136025222,46.152312306561015],[-123.86623628926247,46.152315594805856],[-123.8662312083912,46.15231887682743],[-123.86622611943511,46.152322153248122],[-123.86622102239419,46.152325422823324],[-123.86621591816674,46.152328686797574],[-123.86621080405784,46.1523319451709],[-123.86620568276241,46.152335194831849],[-123.86620055428047,46.152338440758783],[-123.86619541591703,46.152341679217855],[-123.86619026946876,46.15234491145376],[-123.8661851167323,46.152348137466497],[-123.86617995321603,46.152351357878274],[-123.86617478341157,46.152354571444519],[-123.86616960462395,46.152357778787589],[-123.86616441775151,46.152360979907499],[-123.86615922459086,46.152364174804141],[-123.86615402244705,46.152367363477609],[-123.86614881132007,46.152370544683301],[-123.8661435930066,46.152373720910354],[-123.86613836570997,46.15237689091424],[-123.8661331321251,46.152380053450287],[-123.86612788955711,46.152383211007759],[-123.86612263980261,46.152386361097442],[-123.86611738286155,46.152389504963914],[-123.86611211603905,46.152392642607239],[-123.86610684113168,46.15239577340504],[-123.86610155813952,46.152398898601952],[-123.86609626885912,46.152402015708773],[-123.86609097239219,46.152405128459279],[-123.86608566604382,46.152408234364323],[-123.86608035161059,46.152411332801584],[-123.86607503178749,46.152414425015657],[-123.86606970298121,46.152417511006526],[-123.8660643660901,46.152420590774248],[-123.86605902201248,46.152423663696467],[-123.86605366985002,46.152426729773232],[-123.86604831050104,46.152429790249059],[-123.86604294396555,46.152432843257166],[-123.86603756754855,46.152435890664357],[-123.86603218394505,46.152438930603765],[-123.86602679405335,46.152441964942312],[-123.8660213960768,46.152444993057713],[-123.86601599091374,46.152448013082996],[-123.86601057766585,46.152451027507453],[-123.86600515543478,46.152454035086407],[-123.86599972781384,46.152457036442193],[-123.86599429300638,46.152460030330211],[-123.86598884831743,46.152463017372739],[-123.86598339823863,46.152466000059015],[-123.86597794007494,46.152468973410656],[-123.86597247292814,46.152471941783695],[-123.86596700039142,46.152474902688986],[-123.86596151797323,46.152477857993404],[-123.86595602926684,46.152480805207766],[-123.86595053427227,46.152483746821268],[-123.86594503119282,46.152486680344708],[-123.86593952002855,46.152489609511903],[-123.8659340043727,46.152492530589008],[-123.86592847883539,46.152495444820673],[-123.86592294521323,46.15249835282917],[-123.86591740530288,46.152501252747662],[-123.86591185730769,46.152504147065258],[-123.86590630302429,46.152507035159672],[-123.86590074245268,46.152509915164096],[-123.86589517289794,46.152512789567666],[-123.86588959705496,46.152515655881146],[-123.86588401312716,46.152518517216073],[-123.86587842201283,46.152521371083282],[-123.8658728255086,46.152524218105057],[-123.86586722181787,46.152527057659064],[-123.86586160824567,46.152529890367646],[-123.86585598928355,46.152532716853067],[-123.86585036403324,46.152535536493076],[-123.86584472890146,46.152538349287617],[-123.86583908927813,46.152541154614426],[-123.8658334415699,46.152543953718094],[-123.86582778757352,46.15254674659861],[-123.86582212549229,46.152549531389084],[-123.86581645802114,46.152552309334155],[-123.86581078066854,46.152555080433771],[-123.86580509882437,46.152557845310277],[-123.86579940889537,46.152560603963643],[-123.86579371267817,46.15256335328236],[-123.86578801017272,46.152566097000239],[-123.86578230048079,46.152568834495028],[-123.86577658180568,46.152571563899741],[-123.86577085863902,46.152574287081357],[-123.8657651273875,46.152577003417534],[-123.8657593898478,46.152579711663691],[-123.86575364512153,46.152582413686744],[-123.8657478941071,46.152585108864358],[-123.86574213590613,46.152587796574259],[-123.86573637231525,46.152590477438729],[-123.86573059974125,46.152593152080051],[-123.86572482177733,46.152595819253726],[-123.86571903752522,46.152598479581897],[-123.86571324518827,46.152601132442427],[-123.86570744656311,46.152603777212882],[-123.86570164254805,46.152606415760268],[-123.86569583044817,46.152609048706836],[-123.86569001116177,46.152611671696462],[-123.86568418648547,46.152614290329886],[-123.86567835552094,46.152616900251004],[-123.86567251826821,46.152619503948998],[-123.86566667293069,46.152622099557028],[-123.86566082220325,46.152624689564199],[-123.86565496518757,46.152627270859107],[-123.86564910188372,46.152629845930896],[-123.86564323049502,46.152632414157253],[-123.86563735371647,46.152634974915927],[-123.86563147064963,46.152637528206917],[-123.86562558039633,46.152640074652467],[-123.86561968385482,46.152642614252642],[-123.86561378192337,46.152645145762826],[-123.86560787190714,46.152647671049898],[-123.86560195739931,46.152650188246973],[-123.86559603570495,46.152652698598629],[-123.86559010862069,46.152655201482609],[-123.86558417345162,46.152657698143521],[-123.86557823199433,46.152660186714392],[-123.86557228694379,46.152662669062209],[-123.86556633380837,46.152665142075413],[-123.86556037348649,46.152667609487835],[-123.86555440867299,46.152670069432567],[-123.865548436673,46.152672521909636],[-123.86554246018139,46.152674967541287],[-123.86553647650328,46.152677405082954],[-123.86553048474036,46.152679836401518],[-123.86552448938416,46.152682260874727],[-123.86551848684141,46.152684676635644],[-123.86551247801046,46.152687085551158],[-123.86550646468797,46.152689486376737],[-123.86550044507725,46.152691880979219],[-123.86549441828001,46.152694268736305],[-123.86548838519455,46.152696647158834],[-123.86548234671922,46.152699020602846],[-123.86547630195568,46.15270138533463],[-123.86547025270055,46.152703742598696],[-123.86546419625891,46.152706092395107],[-123.86545813442734,46.152708435346163],[-123.86545206540931,46.152710771451822],[-123.86544599010304,46.152713098845211],[-123.86543991300013,46.152715420637804],[-123.86543382511746,46.152717733718184],[-123.86542773453982,46.152720039953167],[-123.865421637674,46.152722337475872],[-123.86541553362164,46.152724628775552],[-123.86540942597603,46.152726911985219],[-123.86540331114389,46.152729188971854],[-123.86539719002353,46.152731457246162],[-123.86539106530994,46.152733718675186],[-123.86538493340981,46.152735972636506],[-123.8653787970181,46.152738218507885],[-123.86537265343986,46.152740457533866],[-123.86536650447175,46.152742689714501],[-123.86536035011373,46.152744913805201],[-123.86535419126416,46.152747129805938],[-123.86534802522803,46.152749338961335],[-123.86534185559867,46.152751540649056],[-123.86533567878278,46.152753734869115],[-123.86532949567867,46.152755921621548],[-123.86532330987961,46.15275810090629],[-123.86531711599575,46.152760271478776],[-123.8653109185186,46.152762436450551],[-123.86530471385495,46.152764592087763],[-123.86529850559801,46.152766741501907],[-123.86529229105288,46.152768882826109],[-123.86528607201618,46.152771016060406],[-123.86527984489462,46.152773142449298],[-123.8652736141798,46.152775261370593],[-123.86526737807509,46.152777371579596],[-123.86526113658051,46.152779476187888],[-123.86525489059433,46.152781570839331],[-123.86524863921828,46.15278365926774],[-123.86524238155401,46.15278573960618],[-123.86523611939818,46.152787812476994],[-123.86522985095409,46.152789878502482],[-123.8652235789168,46.152791936438035],[-123.8652173023879,46.15279398690592],[-123.86521101777419,46.152796028661562],[-123.86520473046549,46.152798064194194],[-123.8651984359703,46.152800091014591],[-123.86519213698351,46.152802110989676],[-123.86518583530182,46.152804122252526],[-123.86517952553527,46.152806126670001],[-123.86517321307376,46.152808123619877],[-123.86516689432406,46.152810111857505],[-123.8651605692861,46.152812093249786],[-123.86515424155326,46.152814067174489],[-123.86514790932883,46.152816032386923],[-123.86514157081618,46.152817990754045],[-123.86513522691365,46.152819941653554],[-123.86512887851956,46.152821883840829],[-123.86512252563384,46.15282381918275],[-123.86511616735827,46.152825747057065],[-123.86510980548942,46.152827666219203],[-123.86510343643407,46.152829577291371],[-123.86509706378544,46.152831482140499],[-123.86509068664525,46.152833377655142],[-123.86508430591176,46.152835266324487],[-123.86507791889011,46.152837148148478],[-123.86507152737686,46.152839020637956],[-123.86506513047374,46.152840886282121],[-123.86505872818067,46.152842742591766],[-123.86505232409102,46.15284459267842],[-123.86504591371316,46.152846434052861],[-123.86503949974204,46.152848268581955],[-123.86503307948267,46.152850094398829],[-123.8650266556301,46.152851913370412],[-123.86502022728591,46.152853723629782],[-123.86501379355185,46.152855526421561],[-123.86500735532623,46.15285732112342],[-123.86500091440563,46.152859108357632],[-123.86499446719685,46.152860887502008],[-123.8649880163948,46.152862659800981],[-123.86498156110115,46.152864422765539],[-123.86497510041762,46.15286617826245],[-123.86496863703915,46.152867926291776],[-123.86496216737247,46.152869667475763],[-123.86495569411255,46.152871398702978],[-123.86494921636103,46.152873123084852],[-123.86494273501627,46.152874839376885],[-123.86493624917991,46.152876548201284],[-123.86492975885197,46.152878248313463],[-123.86492326403248,46.152879942202681],[-123.8649167647214,46.152881626757384],[-123.86491026091872,46.152883303222197],[-123.86490375352282,46.152884972841683],[-123.86489724253363,46.152886634371271],[-123.86489398434411,46.152887460157721],[-123.86489072615457,46.152888286566402],[-123.86488420708055,46.152889932538521],[-123.86487768171834,46.152891569798435],[-123.86487115366114,46.152893199590771],[-123.86486462201073,46.152894820048644],[-123.86486464446862,46.152949664179893],[-123.86486472621529,46.153141602651601],[-123.86486475855466,46.153223864103111],[-123.8643556994528,46.15322395371313],[-123.86432149789501,46.153223874059762],[-123.86427088501526,46.153223440322279],[-123.86423781623304,46.153222954312326],[-123.86419005909757,46.153221966735011],[-123.86413130748137,46.153220292769674],[-123.8640872648796,46.153218702813746],[-123.86404691345535,46.153216994622277],[-123.86398093309606,46.153213683406499],[-123.86392966444616,46.153210663423195],[-123.86388576018496,46.153207767898152],[-123.86384189634794,46.153204586740912],[-123.86379077861503,46.153200518194801],[-123.86362612550829,46.153164110979098],[-123.86344913673607,46.153117919425569],[-123.86137757228354,46.152774337881858],[-123.86141876093764,46.152654350800788],[-123.86001381918948,46.152420624378514],[-123.85892184689303,46.153791477274972],[-123.85809744139723,46.155083290081095],[-123.85772836676612,46.156265813586437],[-123.85761945591939,46.157553327102256],[-123.85762778509871,46.157694769588723],[-123.86238825962319,46.158721182598605],[-123.8624274028134,46.158769997122931],[-123.862695966744,46.15897290008968],[-123.86363606536692,46.159537572461069],[-123.86414955585803,46.15980611720272],[-123.86435480113755,46.159860902802315],[-123.86448112762267,46.159871829551498],[-123.86476534200216,46.159816846097698],[-123.86530225336938,46.159794594978266],[-123.86586290810786,46.159980876659709],[-123.86679502340287,46.160397345697284],[-123.86753745313743,46.16069320986729],[-123.86766382274169,46.160715110320666],[-123.86782965803137,46.160709530988406],[-123.86808209720262,46.160594206617994],[-123.86821637826959,46.160616138843388],[-123.86837443414888,46.160692873875234],[-123.86877716955202,46.160802404054905],[-123.86911665008441,46.160818626835081],[-123.86968513813216,46.160785407867372],[-123.87019839416301,46.160823616927217],[-123.8707669307198,46.160900099676638],[-123.87113814423961,46.160982141714364],[-123.87284436117112,46.161749326563616],[-123.87357112069385,46.162099991721249],[-123.87485869665186,46.162642469138426],[-123.87593331529362,46.163322109165968],[-123.87628099564793,46.163486483918078],[-123.8768817619605,46.163844395638144],[-123.87707119329772,46.163937798479772],[-123.87713432509926,46.163948832054828],[-123.87748158683864,46.164102590112016],[-123.87780522917426,46.164212419610138],[-123.87793153050659,46.164245470390007],[-123.87823133604611,46.164355307068917],[-123.8790366101213,46.164547740819707],[-123.87917867778519,46.164602713946294],[-123.87988908617314,46.164767615575798],[-123.88011016066621,46.164789669325472],[-123.88025225707619,46.164789742740474],[-123.88037868057935,46.164756910044048],[-123.88056825834198,46.164680208055522],[-123.88071039517614,46.164658315402122],[-123.88089987412408,46.164696723975013],[-123.88116832037535,46.164724352945811],[-123.88127881405364,46.164724402718718],[-123.88146042106473,46.164708060390765],[-123.88168947169925,46.164669748260977],[-123.88194221180611,46.164582025770493],[-123.88208434953859,46.164560137433149],[-123.88221077753334,46.164560240712355],[-123.8824316606853,46.164659061375104],[-123.88258954049479,46.164714003904457],[-123.88281066798851,46.164747035718143],[-123.88304758876323,46.164747182548311],[-123.88315803662742,46.164736247434917],[-123.88330025071669,46.164703376132564],[-123.88337929797012,46.164648585400258],[-123.88341093663442,46.164593709377051],[-123.88341103634738,46.164494976322111],[-123.88344273609714,46.164363326788475],[-123.88352955018452,46.164324944735952],[-123.88367955536225,46.164341515512731],[-123.8840268144067,46.164550147349487],[-123.88429522472536,46.164583169929138],[-123.88460316091655,46.164544872022113],[-123.88467426706286,46.164528478001209],[-123.88498224816981,46.164501164991577],[-123.8856692545463,46.164474051683236],[-123.88587455192807,46.16444122875307],[-123.88604833191808,46.164380927238007],[-123.88638008963397,46.164189078985828],[-123.88653012984599,46.164183596441909],[-123.88675104264236,46.164348290279932],[-123.88686952054684,46.164353854311187],[-123.88716178652624,46.164194889411654],[-123.88724075023634,46.164183925568778],[-123.88733557190615,46.164183998984591],[-123.88741450507354,46.16419499580234],[-123.88749340051166,46.164227952023296],[-123.88755653770311,46.164238890348521],[-123.88765128391442,46.164282881917728],[-123.88777759153497,46.16431583248648],[-123.88798290598473,46.164315941987773],[-123.88813289948435,46.164299473860815],[-123.88840930750401,46.164250255478329],[-123.88858305515468,46.164261321965576],[-123.88867775914518,46.164294245794082],[-123.88885137743847,46.16440953627793],[-123.88918270126808,46.164777222368677],[-123.88937998657583,46.164897997424383],[-123.88948251309584,46.164941928117059],[-123.88960882341131,46.164974875802436],[-123.88979051127079,46.164964007927516],[-123.88987744663073,46.164892770036701],[-123.89065131111202,46.164733911217589],[-123.89100653012817,46.164816366874796],[-123.89126716193483,46.164832966122901],[-123.89136188568826,46.164810983316976],[-123.89143298824133,46.164778115792259],[-123.89148823732623,46.164734218565513],[-123.8915199954665,46.164679425997448],[-123.89155177965787,46.164394143903259],[-123.89158336352493,46.164328287013653],[-123.89166239550703,46.164273485953117],[-123.89189922016199,46.164251657843231],[-123.89199403554359,46.164251637311693],[-123.89232562437623,46.164306646197623],[-123.89243613602079,46.164339624127493],[-123.89251499911957,46.164394536489773],[-123.89256239603058,46.164449426399329],[-123.8925858815854,46.164635907589158],[-123.89255433544758,46.164679804272183],[-123.89144055475097,46.165206017349391],[-123.89110879164518,46.165348556931569],[-123.88803607726638,46.166620107192017],[-123.88751479928005,46.166828375146451],[-123.88636154032167,46.167321635098205],[-123.88628248139017,46.16734357957295],[-123.88607709777011,46.167436708334954],[-123.88515294334516,46.167814862631189],[-123.88507388351533,46.167836805664891],[-123.88486849720033,46.167929932347626],[-123.88444982837902,46.168099856984249],[-123.8842366276194,46.168198442969505],[-123.88384946541001,46.168346430798344],[-123.88258550975411,46.1688725528115],[-123.88255399505732,46.168878018091],[-123.8813058245976,46.16940408898347],[-123.8812267611745,46.169426030139007],[-123.88103721575125,46.169513711933284],[-123.88002601727018,46.169930117518319],[-123.8799469601353,46.169952058463963],[-123.87892003484858,46.170390448158621],[-123.87860404436256,46.170510967028605],[-123.87775867308635,46.170872611635332],[-123.87628248685132,46.171485345519585],[-123.87573793980418,46.171743512217333],[-123.87530375707789,46.171935752783234],[-123.87516963950432,46.172023632130355],[-123.87508294309623,46.172111416158991],[-123.87507509451559,46.172221191720482],[-123.8751621745043,46.172352825558924],[-123.87520173271615,46.172413091585952],[-123.87537560972423,46.172511751332109],[-123.87628327647045,46.1721546829326],[-123.8773313507939,46.171722809930877],[-123.87745773387292,46.171662529461571],[-123.87753667243018,46.171640594174917],[-123.87823982961714,46.171344748442664],[-123.87832683235072,46.171300881961663],[-123.87840576282318,46.171278940931984],[-123.87851643257122,46.171224176655947],[-123.87860327450635,46.17120226794421],[-123.87868228942045,46.171169351360639],[-123.87932217556697,46.170895407581618],[-123.88068896676336,46.170347382179095],[-123.88091008796886,46.170248745300633],[-123.88098914959532,46.170226894677725],[-123.88187387516584,46.16986518796967],[-123.88195293769063,46.169843336572278],[-123.88236363935366,46.169667902352735],[-123.88255328179498,46.169602173709528],[-123.88352494362375,46.169202160763192],[-123.88365131412633,46.169141867577466],[-123.88371449174196,46.169130938314595],[-123.88481250880193,46.168687004850348],[-123.88570525632794,46.168319807750379],[-123.88627392942865,46.16810064770344],[-123.8870401860778,46.167771767883522],[-123.88710336189679,46.167760837726284],[-123.88730878144943,46.167662222338784],[-123.88738770383704,46.167640275502642],[-123.88816182074491,46.167333379091851],[-123.88967846260879,46.166714061513531],[-123.89037358346721,46.166418116491464],[-123.89043675030302,46.166407093988127],[-123.89072112458264,46.166281032153194],[-123.89169262740957,46.165886440722375],[-123.89194540075412,46.165793289426958],[-123.89218241495361,46.165694600209079],[-123.89226133195132,46.16567265009931],[-123.89232453112653,46.165639756336844],[-123.89241939052557,46.165617864687469],[-123.89252995427243,46.165574068919462],[-123.89286163024164,46.165530252585569],[-123.89298794415036,46.165563198674313],[-123.89313000013614,46.165640114073987],[-123.89325631494319,46.165673057608288],[-123.89355628936602,46.165695099796253],[-123.89371412695469,46.165739044783976],[-123.89390364542849,46.165826934031941],[-123.89401415527644,46.165859815861637],[-123.8941088278259,46.165914788921341],[-123.89421938438623,46.165958654098631],[-123.89497718968519,46.166222268108498],[-123.89518247808381,46.166332077199073],[-123.89554541183162,46.16661750788932],[-123.89579797946199,46.16679858654576],[-123.89598741529079,46.16689744984793],[-123.89609798173257,46.166941406940012],[-123.89647685698344,46.167051200908062],[-123.89684798965489,46.167122625132741],[-123.89778752683074,46.167249161593098],[-123.89821393463824,46.167326087700225],[-123.89829281480502,46.167381002058512],[-123.89834008146032,46.167435887743935],[-123.8983558675548,46.167562034652576],[-123.89864000737413,46.16780352436718],[-123.89871881118411,46.167885883348653],[-123.89879773716497,46.168023057628375],[-123.8988292662348,46.168105339137874],[-123.89893975631982,46.168160270137641],[-123.89902670515448,46.168138342163914],[-123.89931895945574,46.167836699281246],[-123.89947697041929,46.167716019019537],[-123.89957177232617,46.167666674913221],[-123.89975340808336,46.167628339336645],[-123.90025880924534,46.167584575031469],[-123.90066949473874,46.167491509355045],[-123.90081173667578,46.167436657942311],[-123.9009933571616,46.167294105728907],[-123.90104877602812,46.167189806311058],[-123.90106457469899,46.167030738866266],[-123.90103314444386,46.166899041897231],[-123.90095428763327,46.166805790285849],[-123.90079643656985,46.166690489270444],[-123.90063058870378,46.166624656904737],[-123.9005595607109,46.166558792108908],[-123.90057552646842,46.166394236782928],[-123.90054393092328,46.16633931584029],[-123.90048072456156,46.166284462656492],[-123.9003702371715,46.166229533516372],[-123.89957286377923,46.166042767186042],[-123.89934392812908,46.165976890494825],[-123.89920186855004,46.165900066399722],[-123.89919398673173,46.165861607028631],[-123.89921770495019,46.165806791319639],[-123.89928885241899,46.165784902847442],[-123.89939148853347,46.165779413618935],[-123.90018102771816,46.165867415411363],[-123.90031515517323,46.165894891367749],[-123.90097845051778,46.165993877612792],[-123.90150743425261,46.166054324186511],[-123.90217061820604,46.166098405759456],[-123.90240752820098,46.16615341093231],[-123.90258114739258,46.166274082801451],[-123.90266012906901,46.166350950546416],[-123.90271528472913,46.166444204173153],[-123.90272307491927,46.16654845336695],[-123.90264406359844,46.166691102700106],[-123.90248603556694,46.166850121978136],[-123.90243067239597,46.166965315651467],[-123.90240695327921,46.167091504078073],[-123.90250153869212,46.167464620865509],[-123.90261195062367,46.16767308968064],[-123.90266718174227,46.167738987359257],[-123.90296704746896,46.167974935029072],[-123.90303023855931,46.16806822074166],[-123.90307758965625,46.168112122773437],[-123.9032037400716,46.168331633650901],[-123.90334562537745,46.168792487182124],[-123.90344035901238,46.168913148907137],[-123.90362971129787,46.169044940592158],[-123.90374019689131,46.169154681214749],[-123.9037401627553,46.169231447885068],[-123.90366121341825,46.169275365163294],[-123.9034716626051,46.169242395169213],[-123.90340855146482,46.169209415201614],[-123.9032664227155,46.169176521687717],[-123.90318749942958,46.169198382681664],[-123.90317165584291,46.169275189728154],[-123.90328209113068,46.169373947797496],[-123.9033609793823,46.169428852646021],[-123.90364520813482,46.169571597779282],[-123.90389789434278,46.16961558881659],[-123.90422950832824,46.169637620093162],[-123.90432427879406,46.169681509052303],[-123.90459264509531,46.169851646014273],[-123.90525575538689,46.170362008329391],[-123.90539781855919,46.170477254369487],[-123.90555566602936,46.170630893400009],[-123.90580033657002,46.170872403856457],[-123.90588705274102,46.170993132559204],[-123.90593440922788,46.171037032256457],[-123.90610800416493,46.171344273168231],[-123.90622623952433,46.171711889267883],[-123.90624981491062,46.171892965461694],[-123.9062024638137,46.172046520911444],[-123.906091726692,46.172222002908981],[-123.90596528971405,46.172348198560577],[-123.90581517673853,46.172468823247797],[-123.90542810885226,46.1727156213285],[-123.90514379206483,46.17285269522943],[-123.90511213812918,46.172858164467961],[-123.90483565375271,46.17296782283416],[-123.90472517175253,46.173000737719285],[-123.90466197078074,46.173033637655102],[-123.90458291274751,46.173055503958771],[-123.90451971267402,46.173088404483863],[-123.90418800885705,46.173220008875774],[-123.90396684543073,46.173329670874971],[-123.90375347668612,46.1734174018098],[-123.90323210347839,46.173691532708524],[-123.90303461874464,46.173823149342461],[-123.90256061370181,46.174229025135048],[-123.90252891485039,46.174294881368361],[-123.90246565189481,46.174371616604354],[-123.90238660733635,46.174552693994038],[-123.90236288821959,46.174678790990242],[-123.90242586281593,46.174964139179288],[-123.9024732210994,46.17507932830069],[-123.90259950626204,46.1752274574811],[-123.90280469315103,46.175375690143426],[-123.90304156811166,46.175496489826081],[-123.90354688213706,46.175672130009886],[-123.90370479967584,46.175710570080845],[-123.90396537039702,46.17581488879744],[-123.90411542857535,46.175919183678857],[-123.90422581086253,46.176045389507777],[-123.90426529541251,46.176193491204721],[-123.90422572642089,46.176308735599889],[-123.90411502972337,46.176423916306582],[-123.90403607769136,46.176484212706001],[-123.90373588407961,46.176626808280297],[-123.90364109385084,46.176692629296852],[-123.90360157696149,46.1767639545401],[-123.90358568037421,46.176884590068852],[-123.90359346876771,46.177043740980814],[-123.90362495471842,46.177186323907804],[-123.90379859187632,46.177471695784526],[-123.90387750528076,46.177559453700603],[-123.90389326173084,46.177603338826252],[-123.9039406236076,46.177647245687425],[-123.90408259874501,46.177866804348021],[-123.90424832533849,46.178206958061054],[-123.90428772634516,46.178420936950815],[-123.90423232544495,46.1786293667273],[-123.90416116360312,46.178777442182742],[-123.90412152813613,46.178936611252283],[-123.90410567017643,46.179123037729887],[-123.90410549590325,46.17930961347669],[-123.90414491577457,46.179556536356465],[-123.90418430330651,46.179682675370003],[-123.90424739378554,46.179792426488568],[-123.90449992997486,46.180061328895952],[-123.90457891793946,46.180176532841642],[-123.90464205782582,46.180297267243205],[-123.90465777654667,46.180417924875591],[-123.90465744237336,46.181076287013958],[-123.90473621653895,46.181383556428294],[-123.9048150589765,46.181537192357403],[-123.90486247385384,46.181592076355699],[-123.90487822491401,46.181635961372699],[-123.90495716526794,46.181740186748286],[-123.90510717403893,46.181871930902965],[-123.90535194878416,46.182014625081493],[-123.90571511609396,46.182146381639804],[-123.90619691222524,46.182250739769984],[-123.906425935012,46.182278265384859],[-123.90650493734964,46.182275042370904],[-123.90986930326015,46.183008678066223],[-123.91009045949995,46.183030674745773],[-123.91028003187269,46.183030692160479],[-123.91048542717081,46.18299233557314],[-123.91062766910785,46.182943053062864],[-123.91076989757015,46.182877205942674],[-123.91097525873231,46.182751092294716],[-123.91110168762539,46.182701754213873],[-123.91141760444957,46.182701840666127],[-123.91154404412244,46.182668881208812],[-123.9116388154866,46.182625013809151],[-123.91182841930036,46.182509916995365],[-123.91190737223067,46.182449526445694],[-123.91195479609115,46.182394698036049],[-123.91197063069465,46.182317890030717],[-123.91193120902675,46.182175285580229],[-123.91186809519149,46.182049063965977],[-123.91183660025764,46.181774724075773],[-123.91189196073366,46.181549817137295],[-123.91199479807074,46.181335872192932],[-123.91212122965878,46.18102868025931],[-123.91256398860108,46.18018389779018],[-123.91265880488102,46.180041297134416],[-123.91272197710673,46.17997545027081],[-123.91283265853288,46.179898693620899],[-123.91295898771298,46.179843861423443],[-123.91307747729559,46.179816455878026],[-123.91330648930253,46.179789065868768],[-123.91338552847112,46.1797890627588],[-123.91359087795517,46.179811089338081],[-123.91411998925081,46.179948334638205],[-123.91449904775797,46.179975806048716],[-123.914838712445,46.179948427314656],[-123.91549430383765,46.179805917480927],[-123.91593664416503,46.179696255334242],[-123.91680549919941,46.179498927233304],[-123.91764270209474,46.179323450417712],[-123.91772166041495,46.179279613314634],[-123.91781652430559,46.179202799713501],[-123.91795084220351,46.178873664704284],[-123.91806942610921,46.178665257623983],[-123.91821171116536,46.178456750854714],[-123.91836966643336,46.178325157750749],[-123.91846440276323,46.178303153590491],[-123.9186856093087,46.178204442655094],[-123.91884354032214,46.178149621208291],[-123.91887515293533,46.178149638624546],[-123.9188909740641,46.178204500501984],[-123.91882778836364,46.178347123959689],[-123.91882773087146,46.178467815727835],[-123.91887506579873,46.178610447832654],[-123.9188907575701,46.17872021042146],[-123.91895395225373,46.178818972679153],[-123.91901707686874,46.178890287078353],[-123.9191750006957,46.179005479171657],[-123.91971205040345,46.179362144198706],[-123.91977521095107,46.179466401252455],[-123.91979090541741,46.179576162754607],[-123.91986988170392,46.17969684809308],[-123.91999615878174,46.179817601585739],[-123.92023303913226,46.179982195122946],[-123.92026465174543,46.180113881291355],[-123.92028037675448,46.180256502284394],[-123.92039096385754,46.180453970722773],[-123.9204382511741,46.180492467783402],[-123.92054891732889,46.180547290004277],[-123.92064361143792,46.18056929388846],[-123.92080955452541,46.180574799056501],[-123.92088055017896,46.180613194027444],[-123.92094372330301,46.180679017114016],[-123.920983125208,46.18082711006295],[-123.92103049606786,46.18094787289089],[-123.92108586822198,46.180997193886306],[-123.92121213990988,46.181063048855961],[-123.92127528877941,46.181074059092666],[-123.9213859019336,46.181117986817526],[-123.92148067778936,46.181128918674183],[-123.92174927046602,46.181205771256849],[-123.92184399781276,46.18126062821905],[-123.92197828247301,46.181386895803506],[-123.92203343184489,46.1814691610521],[-123.92208085480708,46.181732479925046],[-123.92204907600559,46.182094543959437],[-123.92201747417219,46.182149428645261],[-123.92200952498025,46.18236342764434],[-123.9220569461458,46.182495077011453],[-123.9221596307693,46.182599278989805],[-123.92226224981576,46.182676122675602],[-123.92251498453275,46.182818799217983],[-123.92289402417531,46.183021838011378],[-123.92309942037177,46.183076700003092],[-123.92314674811252,46.18310961567915],[-123.9231466951119,46.183438844124012],[-123.92313085871176,46.183669191595897],[-123.92313871447892,46.183751483904935],[-123.92313076349035,46.183833807809968],[-123.92309916794518,46.183943506484241],[-123.92306764336689,46.183987410148426],[-123.92302809773149,46.184009329937304],[-123.92281486642911,46.184020323413414],[-123.92253046789499,46.184053135903859],[-123.92238042139476,46.184107986293405],[-123.92232512380083,46.184140924363902],[-123.92221449088368,46.184250631754438],[-123.9221986859246,46.18434390851926],[-123.92223019523146,46.184492066851035],[-123.92229336386396,46.184557889025399],[-123.92243548632506,46.184656637687532],[-123.92257767705811,46.184744411501242],[-123.92264084119901,46.184755421000666],[-123.92271988126592,46.184793844770795],[-123.92300424746065,46.184898103341652],[-123.92317010071663,46.185013318920227],[-123.92313804792899,46.186719460638976],[-123.92307489816115,46.186856594785255],[-123.92301160017128,46.186922444602089],[-123.92297208418024,46.187015734868872],[-123.9229247025406,46.187235179624672],[-123.92303520071042,46.187619224651868],[-123.92308252126462,46.187860586495482],[-123.92315351422323,46.188392728951975],[-123.9231771524916,46.188442124736646],[-123.92328763179682,46.188848129563816],[-123.92335862655204,46.189380270544255],[-123.92334280272833,46.189665525650206],[-123.92335062705446,46.189714958847595],[-123.92328728774208,46.190598203003454],[-123.92321618339238,46.190724330364951],[-123.92320030387313,46.19082859385653],[-123.92320822791226,46.190845086377308],[-123.92328716646951,46.190899887703111],[-123.92343737197154,46.190861506756697],[-123.92351633657997,46.190856095276779],[-123.92358741218356,46.190828610025058],[-123.92368215120835,46.190921898015475],[-123.92341357739627,46.191081031926231],[-123.92358817305659,46.191215907159574],[-123.92378294218324,46.191107542591773],[-123.92385154472485,46.191179190538179],[-123.92376771753581,46.19130148341403],[-123.92401880564087,46.191403382742585],[-123.92417539007974,46.191228411562975],[-123.92445724727992,46.191259507765757],[-123.92457509726202,46.191328159388263],[-123.92469256725678,46.19186558388958],[-123.92496751461577,46.19184195340074],[-123.92494594247256,46.191668122237701],[-123.92500924854728,46.19160236019129],[-123.92520668117871,46.191574931280016],[-123.92541999961767,46.191613337846185],[-123.92546733544324,46.191646258360613],[-123.92553051755043,46.191712073212258],[-123.92556211848552,46.191772482192121],[-123.92559381284535,46.191799854415976],[-123.92567273792791,46.19179984135701],[-123.92576756858089,46.19176694705255],[-123.92629685504797,46.191651767394298],[-123.92641530690133,46.191651799109003],[-123.92636162178331,46.191798425391823],[-123.92625343228376,46.191963562628366],[-123.92649156937739,46.191962848740282],[-123.92669970363882,46.191585950604875],[-123.9267392510709,46.191564025131107],[-123.92684200576299,46.191547621129928],[-123.92703151615196,46.191580552255296],[-123.92717377515697,46.191624400693421],[-123.92755287947821,46.191810953915102],[-123.9277424419695,46.191893295599677],[-123.92810591380818,46.192035961279018],[-123.92818481822947,46.192057907085619],[-123.92827969828976,46.19211275943767],[-123.92900645960914,46.19246387960785],[-123.9299700761262,46.1929577018632],[-123.93072849946607,46.193363728057072],[-123.93100496318129,46.193495393365751],[-123.93116300378921,46.193583207787626],[-123.9313130359164,46.193649032134637],[-123.93158957778503,46.193808147578075],[-123.93177911422515,46.193895882527556],[-123.93260073853683,46.194312901913463],[-123.93275080120672,46.194411666630153],[-123.93282989786749,46.194444497790926],[-123.93324857567197,46.194669498725659],[-123.93374626659387,46.194921841426201],[-123.93379371830213,46.194938285460381],[-123.93414921220275,46.195135809359314],[-123.93482073611534,46.195481404675455],[-123.93470212256521,46.195602170755635],[-123.93456793671966,46.195530817096611],[-123.93442562381571,46.195667975895489],[-123.93477331764474,46.195848998073828],[-123.93505770629737,46.19559115969777],[-123.93604519644144,46.196117853034508],[-123.93639292979637,46.196315344090614],[-123.93682745118748,46.196578631024686],[-123.93698545316786,46.196655453925459],[-123.93723825885175,46.196743200496059],[-123.93771231869179,46.196869361012077],[-123.93807575190291,46.19700650465586],[-123.93815467518884,46.197028447855814],[-123.93829693688882,46.197094331499358],[-123.93858136057575,46.197204042261795],[-123.93918184841058,46.197500249407113],[-123.94052499505034,46.198196958163393],[-123.94107808777078,46.198449265390842],[-123.94120446096832,46.198509601678346],[-123.94035920916805,46.199327031281754],[-123.93994829640087,46.199727589862363],[-123.94099134015872,46.200320020737855],[-123.94126783351834,46.20007860790907],[-123.94048562548471,46.199617862998309],[-123.94061989756854,46.199480672399929],[-123.94091219498895,46.199617854915346],[-123.94117300645864,46.199376392990452],[-123.94103861669551,46.199294163244687],[-123.94093592488548,46.199398328404584],[-123.94075421905971,46.199316035892785],[-123.94143364724845,46.198624808001362],[-123.94235798942128,46.199052694301358],[-123.94268195784532,46.199222731062292],[-123.94281631796409,46.199310457367311],[-123.94304545214193,46.199475063424458],[-123.94311660230569,46.199535406046763],[-123.94325886580228,46.199683455037551],[-123.94363815337987,46.20004005181822],[-123.94373299840588,46.200144300123625],[-123.94398582025943,46.200374682046373],[-123.94423078814248,46.200555720429158],[-123.94473654863059,46.200879319487676],[-123.94490247285344,46.200978117790577],[-123.94546346086692,46.201279745510867],[-123.9444127508864,46.202261896371951],[-123.94439698365656,46.202294787503234],[-123.94457879458521,46.202382561129134],[-123.94488687360854,46.20210820893967],[-123.94491062326803,46.2024044779345],[-123.94512391924908,46.202393439018138],[-123.94507647113409,46.201932668131903],[-123.94566895587805,46.201372996486747],[-123.94616681208998,46.201597925530649],[-123.94676725590735,46.201894086607254],[-123.94697277966456,46.202003803329845],[-123.94744684938608,46.202300028744368],[-123.94754171597168,46.202343881686041],[-123.94761280504999,46.202354810565097],[-123.94768397946827,46.202332886900791],[-123.94772339664461,46.202310958253847],[-123.94792087239523,46.202118877356995],[-123.94817377509716,46.201915896668012],[-123.94852132789069,46.201707354977486],[-123.94878995919493,46.20159757051443],[-123.94888478535631,46.201586616614939],[-123.94911388180492,46.201537191608665],[-123.9495010395227,46.20149878016462],[-123.94988025254013,46.201487794536412],[-123.95038592140007,46.201526067960607],[-123.95061504928968,46.20155350123148],[-123.95105753244918,46.201641165992932],[-123.95153172973147,46.20177824736578],[-123.9516028125216,46.201811222721801],[-123.95180038079867,46.201909926709504],[-123.95190310584636,46.20198125281123],[-123.95206906330689,46.202118379965952],[-123.95236153589877,46.202398095196628],[-123.95256704348633,46.202655942667235],[-123.9526619100719,46.202842445384725]]]},"properties":{"OBJECTID":10,"NAME":"Warrenton","Shape__Area":72456655.466542944,"Shape__Length":63679.550475941302}},{"type":"Feature","id":11,"geometry":{"type":"Polygon","coordinates":[[[-123.68519991587995,46.171886442322268],[-123.68493700055585,46.169679145050267],[-123.68322118063395,46.163974333578707],[-123.67169124916505,46.162756771944558],[-123.67122679950188,46.14147077848137],[-123.56887057132656,46.141883115312666],[-123.56925135549737,46.15888361356798],[-123.56657272394892,46.158325412566207],[-123.56561355409249,46.165045380062352],[-123.55903224838602,46.164934877806274],[-123.55882357423711,46.184938627902454],[-123.57960019370886,46.184978052234293],[-123.57902361273867,46.188838635805865],[-123.58800832505518,46.188784160782681],[-123.58808116225507,46.188209560303328],[-123.5884049411346,46.188094222069005],[-123.58894995350906,46.187836263975264],[-123.58919457374407,46.187468610762195],[-123.58958146106897,46.187111922449695],[-123.59033160553517,46.1866015314923],[-123.59114507494071,46.186124013595844],[-123.59168985195654,46.185811147866922],[-123.59220331010833,46.185635414440455],[-123.5928823996322,46.185317079175718],[-123.59375912211182,46.185086357364455],[-123.5945172103801,46.184910608560457],[-123.59537820066416,46.18472388140971],[-123.595654500886,46.184619480084912],[-123.5965550134493,46.184553406721527],[-123.59671295254761,46.184575353028031],[-123.59743193715157,46.184750615928508],[-123.59808764083364,46.184920527777329],[-123.59871972241699,46.185134304533385],[-123.59932015994617,46.185381002859344],[-123.5997310295942,46.18554544602749],[-123.59996011346638,46.185638656537094],[-123.60025252227787,46.18576474428145],[-123.60090063609411,46.186247342018888],[-123.60218869265076,46.186899741744938],[-123.60274972557998,46.187129979563487],[-123.60292347323069,46.187151833420899],[-123.60368195316443,46.1873545626717],[-123.60449580884551,46.187666978687581],[-123.60553077405403,46.187875078010869],[-123.60657365252186,46.187989886847312],[-123.60731612447724,46.18798414547831],[-123.60762422685677,46.187896200217899],[-123.60761616807034,46.187764569381841],[-123.60748965653225,46.187643923519211],[-123.60730793453679,46.187616538653245],[-123.6070314708216,46.187600184469993],[-123.60694457768247,46.187534406362118],[-123.60726041994647,46.187479449314203],[-123.60745005879453,46.187484833762774],[-123.60750522164118,46.187375094890321],[-123.60753671477842,46.187210496743255],[-123.6075920024909,46.187183025216186],[-123.60766312031531,46.187298206154388],[-123.60781342014043,46.187484699431415],[-123.60823990430472,46.187462543460761],[-123.6087929763639,46.187462304027441],[-123.60915624967491,46.187489618073116],[-123.60915629998057,46.187506087963456],[-123.60925105607336,46.187462111858899],[-123.60936165575283,46.187385296629529],[-123.6094801372506,46.187412650515419],[-123.60981180693159,46.187335737577648],[-123.61021452526673,46.18720389581663],[-123.61049093867629,46.187099552063934],[-123.610719995599,46.186989694881319],[-123.61101194177814,46.186731725385044],[-123.61143018569631,46.186270663953991],[-123.61174575307584,46.185853623970495],[-123.61199834316407,46.185540777848196],[-123.6121323852792,46.185277350963553],[-123.61260592858794,46.184920570068776],[-123.6130401265856,46.184569223213472],[-123.61330838688562,46.184338730869037],[-123.61341096820287,46.184217943148163],[-123.61341886259757,46.184135637232714],[-123.61360827866345,46.184075219237528],[-123.61395578474458,46.183921436158492],[-123.61449263592468,46.183701738724501],[-123.61460325716369,46.183663344666492],[-123.61531387396079,46.183432547500075],[-123.61601675895822,46.183322471525614],[-123.61656173989162,46.183250951411296],[-123.6172250900334,46.183162869212047],[-123.61761214803819,46.183129729042591],[-123.6182912815795,46.182981244866454],[-123.61885186085952,46.182799923436001],[-123.61937292325017,46.182607654920069],[-123.61956247585995,46.182525266982857],[-123.61972039699195,46.182453848455047],[-123.62001256325834,46.182382425480753],[-123.62055736542702,46.182250412617101],[-123.62100747258832,46.182063644088601],[-123.62148124496748,46.181964683653845],[-123.62190764289353,46.181893152443642],[-123.62224723122375,46.181799684930034],[-123.62261841060756,46.181761127831756],[-123.6230529149307,46.181799261991323],[-123.62340841871283,46.181886878655504],[-123.62366122349839,46.18199097916213],[-123.62385083539699,46.182018298414249],[-123.6241433205653,46.182204715065154],[-123.62461765978139,46.182533594411495],[-123.62483884386896,46.182659653204006],[-123.62514710075871,46.18279666002541],[-123.62551049624059,46.182790981553715],[-123.62580743345943,46.182782705164577],[-123.62607108540207,46.182784302351642],[-123.62627006403413,46.182791235312365],[-123.62675973389887,46.182802504559156],[-123.62708351726998,46.182857521015038],[-123.62733634181851,46.182813744571661],[-123.62761290973829,46.182693248308574],[-123.62845866279849,46.182172448178228],[-123.62880639256014,46.181975145757292],[-123.62889337103923,46.181898346495352],[-123.62890927481301,46.181827070205912],[-123.6288856527143,46.181766716224303],[-123.62879081397648,46.181733761182166],[-123.62871189608045,46.181744631963376],[-123.6286485927007,46.181772072621875],[-123.62811131482084,46.181925413274811],[-123.62773998002849,46.182018442710451],[-123.62745562730846,46.182034761236359],[-123.62674481467864,46.18196854979967],[-123.62627096684099,46.181946389117833],[-123.62618032143894,46.181951086212848],[-123.62606041700977,46.181968236328416],[-123.62589660562445,46.181989750778186],[-123.62562009519682,46.181989913733403],[-123.6250434576328,46.181951843768687],[-123.62474328198736,46.181864202329322],[-123.62457716821994,46.181727137828922],[-123.62437951550126,46.18157359697021],[-123.62440313131177,46.181507768734882],[-123.62455330537274,46.1815076692194],[-123.62472709704089,46.181567916506253],[-123.62483782068784,46.181677653910135],[-123.62506699439156,46.181765235315872],[-123.6253592756423,46.18184193960262],[-123.62558046511975,46.18181985164005],[-123.62578569063629,46.181715493313995],[-123.62599085955901,46.181594669353018],[-123.62616464943048,46.181643943742422],[-123.62626743556362,46.181715197878404],[-123.62637397665461,46.181661158016709],[-123.6264372288304,46.181617248140981],[-123.62662688654309,46.181557081764446],[-123.62705345245405,46.181524320651825],[-123.627337727919,46.181557415763123],[-123.62759025871841,46.181716680032096],[-123.62782717679818,46.181733201409614],[-123.62811160677333,46.18170050197697],[-123.62880683542959,46.18152523059662],[-123.63065559164049,46.180983057573137],[-123.63127191318051,46.180774906036241],[-123.6319830060847,46.180550294803538],[-123.6325993204382,46.180331158612354],[-123.63365819790127,46.179837854235529],[-123.63509618417716,46.1792679110576],[-123.63560197700463,46.178960991202267],[-123.63635258589981,46.178615626644373],[-123.63692145124,46.178330572330317],[-123.63826482784849,46.177607038578437],[-123.63880213537274,46.177272563928675],[-123.6392525560461,46.177020387140381],[-123.63939476744042,46.176927162018785],[-123.63961600542689,46.176877865363522],[-123.64063508842118,46.1764613960611],[-123.64093544552632,46.176285921992346],[-123.64127527191009,46.175984316328162],[-123.64140956914676,46.175934962222435],[-123.64174131518455,46.175918702845586],[-123.64196247861088,46.175852931287601],[-123.64238908494605,46.175639123417838],[-123.64321083322524,46.17507982842465],[-123.64335317397695,46.174942767539257],[-123.64344795791753,46.174860511809385],[-123.64347166984777,46.174827531478229],[-123.64351124872086,46.17481110693128],[-123.64360596079622,46.174767282404105],[-123.64376396457324,46.174739936533349],[-123.64380340690239,46.174745380702262],[-123.64415884331089,46.1747839744448],[-123.64439574611929,46.174745645072861],[-123.64477491062767,46.174597622209319],[-123.64493298626991,46.174466049106364],[-123.64502000068157,46.174252073488276],[-123.64513862321486,46.17419182440571],[-123.64528068009892,46.174153405667127],[-123.64580208474771,46.174071351546921],[-123.64596007954157,46.174011058100326],[-123.64618117918752,46.173884974502478],[-123.64656039939143,46.173775370840083],[-123.64717650084421,46.17370421029878],[-123.64773714659955,46.173709948182619],[-123.64821896608704,46.173633325860585],[-123.64953802080919,46.173386889584798],[-123.65030407713405,46.173288308544677],[-123.65119656594524,46.173189901506291],[-123.65219173129509,46.17303104923058],[-123.65257870126496,46.172943433384262],[-123.65265766228012,46.172905094020471],[-123.65270514093783,46.172844701630332],[-123.65269735973085,46.172680132139362],[-123.65273680924653,46.172619784291378],[-123.65363736762393,46.172142767652744],[-123.65451421227445,46.171797370847131],[-123.65495661099229,46.171578024967289],[-123.65512248580781,46.171451886646636],[-123.65590436236315,46.171271096405199],[-123.65599906904859,46.171293049879786],[-123.65685195473216,46.171331720073503],[-123.65756266675066,46.171408639226932],[-123.6587470900629,46.171600996048923],[-123.6594420222751,46.171765741085764],[-123.660484350974,46.171990943719486],[-123.6609581152683,46.172023938815457],[-123.66139249382732,46.171969228157984],[-123.66190580106215,46.171799213453582],[-123.66228497814693,46.171722499511588],[-123.66304307988992,46.171623970231394],[-123.66427506450485,46.171492526872861],[-123.66474894647848,46.171481675837725],[-123.66538064537954,46.171547575174444],[-123.66546756726476,46.171525649795235],[-123.66580708193312,46.171640945030084],[-123.66586228700059,46.171695794116474],[-123.66664405665637,46.171937393208957],[-123.66740200748242,46.172233762652446],[-123.66770994008036,46.172425825457623],[-123.6680890219437,46.172683807961945],[-123.66818373132413,46.172716735458494],[-123.66838110287013,46.172914210445818],[-123.66838112442971,46.172980095624631],[-123.66854676298831,46.17322149561295],[-123.66965984120236,46.174648072944635],[-123.66989676467202,46.174911471137712],[-123.67025997599926,46.175279158566042],[-123.67039410884422,46.175410851643619],[-123.67076520648136,46.175723593058471],[-123.67093891730111,46.175827875050238],[-123.67121531274438,46.17593758410019],[-123.67182337966526,46.17605839623328],[-123.67253423092264,46.176118841699378],[-123.67324505073896,46.176091526358299],[-123.67392416721225,46.176014809073031],[-123.67454814689009,46.175910601457957],[-123.67502987654603,46.175828377033525],[-123.67668056321995,46.175488415123965],[-123.67935800180574,46.174961968860615],[-123.68034516675966,46.174737039030987],[-123.6812929181305,46.174457344114501],[-123.68176678034118,46.174254358914972],[-123.68219316119922,46.174045898247833],[-123.68274602035767,46.173683856482207],[-123.68327522777302,46.173305301491574],[-123.68442040548709,46.172433002333598],[-123.68519991587995,46.171886442322268]]]},"properties":{"OBJECTID":11,"NAME":"Svensen-Knappa","Shape__Area":78728298.792351723,"Shape__Length":43667.266505442298}},{"type":"Feature","id":12,"geometry":{"type":"Polygon","coordinates":[[[-123.36417344562452,46.127175375879936],[-123.36366845229763,46.127170135570076],[-123.36382385635021,46.141654362368108],[-123.36381747921001,46.143049864342409],[-123.3638174783117,46.143050009985593],[-123.36488658848415,46.143113405207984],[-123.36517864156282,46.143085819534861],[-123.36536804056068,46.143041826578582],[-123.36544693689713,46.143008903103933],[-123.36558895515367,46.142986844981095],[-123.36571529241859,46.143019736726131],[-123.36655227343006,46.143392404937018],[-123.3666628084308,46.143425252871573],[-123.36677332456695,46.143436142428101],[-123.3671916825712,46.143397530426057],[-123.36738897686209,46.143391941246726],[-123.3676890204552,46.143435696165454],[-123.36821787393433,46.143462875857026],[-123.36841512780103,46.143490228562875],[-123.36880204836359,46.143572316474184],[-123.36893617402204,46.143588713004583],[-123.3689993731972,46.143610558025273],[-123.36955986444231,46.143681651688212],[-123.37089396864044,46.14378527929],[-123.37123342761326,46.143856373972113],[-123.37146241356909,46.143883724615236],[-123.3717938901123,46.143883566526277],[-123.37292243282394,46.143745979781848],[-123.37326186215238,46.143696396337482],[-123.37391678250351,46.143580929881395],[-123.37409039989849,46.143558868875743],[-123.3745719400099,46.143520270030244],[-123.37488760979736,46.143520179781959],[-123.37509281734761,46.143498111905565],[-123.3752505677997,46.143465125841153],[-123.37532964110427,46.143497996138798],[-123.37545596309786,46.143585801413337],[-123.37583510425003,46.143815996520885],[-123.37625775440469,46.144040781424778],[-123.3765692416362,46.144172629580197],[-123.37701105465248,46.144326494559238],[-123.37768975161258,46.144469597348376],[-123.37780814058387,46.144513585429422],[-123.37797370098905,46.14460143763052],[-123.37820256118073,46.144629042460664],[-123.37884987729299,46.14461286905545],[-123.3791497852405,46.144635003703037],[-123.37931564747961,46.144596652078221],[-123.37954463343542,46.144454132799765],[-123.38014493801394,46.144136251246785],[-123.38053977902231,46.143955399243943],[-123.38085550181039,46.143867779411025],[-123.38098187949952,46.14386781364292],[-123.38125010296864,46.143933803318895],[-123.38155001720433,46.143955943841092],[-123.38172867953794,46.14394222621614],[-123.38294335451566,46.143204877684965],[-123.38411080865215,46.143168219251955],[-123.38208608954507,46.138135600319728],[-123.38362356334039,46.137558940573612],[-123.37959965614489,46.135214895837642],[-123.37969406638631,46.134000123530853],[-123.37731947593394,46.132364895083569],[-123.38365364971587,46.127093058691834],[-123.38591422958565,46.127121168501937],[-123.38611194249145,46.118654991541916],[-123.38077089668032,46.118780066556134],[-123.38025995830291,46.12664004548887],[-123.37116780927504,46.126741368578905],[-123.36761941539373,46.126181324943865],[-123.3678822121402,46.127073464620402],[-123.36417344562452,46.127175375879936]]]},"properties":{"OBJECTID":12,"NAME":"Westport","Shape__Area":6166853.8107650951,"Shape__Length":13782.886866846187}},{"type":"Feature","id":13,"geometry":{"type":"Polygon","coordinates":[[[-123.96401454913803,45.783152823168443],[-123.9640271848408,45.783246691113071],[-123.96447119244134,45.78925609131165],[-123.96260793023522,45.789777861973313],[-123.96155402404892,45.790352328467115],[-123.96039188434567,45.792058881460662],[-123.96120506629029,45.79403607620749],[-123.96253356410273,45.795345107467284],[-123.96580280381455,45.797371510815509],[-123.96671902252227,45.798673553253735],[-123.96552614426662,45.80106507970379],[-123.95616225217032,45.801024757177885],[-123.95623790469028,45.802959041947517],[-123.95484832323517,45.803833934190273],[-123.95515486344441,45.804337427878949],[-123.95608194008899,45.803793851010049],[-123.95594654600936,45.808319712180683],[-123.95994917481072,45.808405223956647],[-123.96010395812742,45.809981623782612],[-123.96065724668057,45.809976972652116],[-123.96060538604091,45.811912324106935],[-123.95928647145594,45.811953173475871],[-123.95943715845493,45.81329146463154],[-123.96096943190308,45.81327858712433],[-123.96100936561071,45.815600148123686],[-123.95781750408254,45.81565671924271],[-123.95784046861446,45.816996081533283],[-123.95579628032021,45.81695366501981],[-123.95474484629759,45.817706653032857],[-123.95575290606502,45.819394993974413],[-123.95941527549464,45.819453602804799],[-123.95942601126058,45.820078638579147],[-123.96048970728684,45.820039933752945],[-123.96059137411912,45.824797257965876],[-123.96293778801429,45.824853775295473],[-123.96293589975554,45.824834047696612],[-123.96301399928635,45.824263461715645],[-123.96304536486282,45.824208561375734],[-123.9630923485488,45.823961635628955],[-123.96313902950254,45.823182579872743],[-123.96293489184579,45.822908340863165],[-123.96290340230182,45.822568109858629],[-123.96296607506426,45.822282792214523],[-123.96299722504504,45.821931680786285],[-123.96305989690917,45.821624403727093],[-123.96312263165534,45.8215146967012],[-123.96334174332955,45.820395396227781],[-123.9633730370408,45.820000360569608],[-123.96345126413237,45.819572430491547],[-123.96341976830018,45.819440745504174],[-123.9633883191804,45.819363875850776],[-123.96356089991956,45.819226682938911],[-123.96363936686127,45.819029174461484],[-123.96367055726627,45.818732875685207],[-123.96370187343538,45.818645126559517],[-123.96370161472059,45.818085459682848],[-123.96377984720203,45.817613605686731],[-123.96381121367682,45.817558795831232],[-123.96384254601561,45.817405157029292],[-123.96401442247556,45.816011551674876],[-123.9640142374226,45.815418939839681],[-123.96404543770905,45.815078805820619],[-123.96401399577579,45.814980065913765],[-123.96385701158664,45.814826490120964],[-123.96399813512113,45.814694784518068],[-123.96410778707798,45.814447864787269],[-123.96424900224063,45.814239294709353],[-123.96432727694294,45.813986878157898],[-123.9643899937228,45.813712545643448],[-123.96442122275536,45.813471150220678],[-123.96448391438238,45.813262701083673],[-123.9644837329227,45.812856677592528],[-123.96465594625087,45.812088531565294],[-123.96474994236894,45.811792242818022],[-123.96479674100198,45.811364220230629],[-123.96495333622062,45.810705836632998],[-123.96504741947527,45.810519261922259],[-123.96507867545728,45.810376605911593],[-123.96526665511702,45.809784020523637],[-123.9653292560142,45.809526163051991],[-123.96548606772684,45.809185952967539],[-123.96561115004531,45.808439716422228],[-123.96565812564647,45.808231224658904],[-123.96576777041678,45.807858110007146],[-123.96579891051611,45.807463069316199],[-123.96595544644595,45.806519363921886],[-123.96609641816517,45.806179198092899],[-123.96615906307981,45.806058418121808],[-123.96626889290307,45.805904834008551],[-123.96639425010603,45.805674342761293],[-123.96644136404774,45.805630374641289],[-123.96667639836036,45.805103636833444],[-123.96673902800367,45.805026780578714],[-123.96683313820776,45.804812841704397],[-123.96683309149536,45.804757935962982],[-123.9669741000455,45.804450625503875],[-123.96703667758652,45.804132457694884],[-123.96706782577067,45.803649572113279],[-123.96713045541398,45.80336434540196],[-123.96706748171593,45.803079008264703],[-123.966957618655,45.802925398402465],[-123.9673026013685,45.80261806593591],[-123.96752223765886,45.802541226918159],[-123.96764771703268,45.802541154273705],[-123.96789887520634,45.802694733883129],[-123.96797731160537,45.802705679370803],[-123.96804001580884,45.802700199738553],[-123.96829100599751,45.8026726857141],[-123.96858903197452,45.802507958868382],[-123.96860457552386,45.802365344338504],[-123.96855751458274,45.802233703831398],[-123.96846334329319,45.802102012286973],[-123.96849456154595,45.801816689977109],[-123.96869837760585,45.801695969435762],[-123.96872967131706,45.801608122698291],[-123.9687140514109,45.801553262020157],[-123.96863550002752,45.801498485206444],[-123.96843152586416,45.801498509004247],[-123.96833734379481,45.801432699977539],[-123.9683137989512,45.801306530147798],[-123.96827447430135,45.801213251866088],[-123.96825869000351,45.801059653768704],[-123.96821943272727,45.800955395426122],[-123.96818023204487,45.800906048359003],[-123.96814880987459,45.800741418371231],[-123.96816441001781,45.80065371041244],[-123.96835252981471,45.800467053809058],[-123.96839959434907,45.800368274219714],[-123.96832087228577,45.799880019519122],[-123.96824229754617,45.799682577076538],[-123.96824224993549,45.799627671915495],[-123.96814798611945,45.799386263672218],[-123.96797530387069,45.799112033350845],[-123.96794381792,45.798980348206122],[-123.9679121217635,45.798420764286966],[-123.96786499165212,45.798300013214693],[-123.96792750900602,45.79792693851568],[-123.96800587713308,45.797800715653651],[-123.96822549096554,45.797597682369236],[-123.96830373602342,45.797345265556508],[-123.96836607730751,45.79662106877521],[-123.96836540626599,45.795408487277314],[-123.96844296051941,45.793861302965745],[-123.96855243460982,45.793235806965903],[-123.9687716217425,45.79253350248775],[-123.96880277890985,45.792215237811604],[-123.96880275106206,45.79205061158514],[-123.96875548171181,45.79174336758301],[-123.96851985091783,45.791079578233443],[-123.96850407380651,45.79090401400245],[-123.96855090298229,45.790673556531452],[-123.96858225149074,45.79061874521976],[-123.96872282795124,45.789598206441013],[-123.96873803553066,45.788753258119101],[-123.96870631691631,45.788029050533289],[-123.96876870042121,45.787485863299253],[-123.96883139204826,45.787249956271985],[-123.96883119980879,45.787112785734529],[-123.96895630907673,45.786410468622222],[-123.96900304572601,45.785773980282016],[-123.96890826448038,45.784676687102824],[-123.96893956717479,45.784501174119086],[-123.96896312728974,45.784457232515507],[-123.96901006336502,45.784270695186457],[-123.9691270949819,45.783310476846552],[-123.96915061826593,45.783250151690936],[-123.96914842547834,45.78315684694271],[-123.96778865192097,45.783151823959287],[-123.96401454913803,45.783152823168443]]]},"properties":{"OBJECTID":13,"NAME":"Arch Cape","Shape__Area":4317177.7054160414,"Shape__Length":18300.513299132956}},{"type":"Feature","id":23,"geometry":{"type":"Polygon","coordinates":[[[-123.95880178724101,45.904933965064792],[-123.95881389742934,45.905482361300407],[-123.95959941934808,45.905473891365887],[-123.95958729837996,45.904925506923405],[-123.95880178724101,45.904933965064792]]]},"properties":{"OBJECTID":23,"NAME":"Unincorp Clatsop Co","Shape__Area":7673.2050554318594,"Shape__Length":350.38779888518945}},{"type":"Feature","id":33,"geometry":{"type":"Polygon","coordinates":[[[-123.92118988325041,45.981866975033618],[-123.92183860342948,45.981862299575333],[-123.92182691455099,45.981131431332798],[-123.92117820155846,45.9811361056043],[-123.92118988325041,45.981866975033618]]]},"properties":{"OBJECTID":33,"NAME":"Unincorp Clatsop Co","Shape__Area":8456.1068189208381,"Shape__Length":378.61801773765785}},{"type":"Feature","id":34,"geometry":{"type":"Polygon","coordinates":[[[-123.92602116837547,45.980267130027954],[-123.92532560105437,45.980208170704564],[-123.92520082506138,45.980209044648134],[-123.92443278974798,45.981864391983436],[-123.92436174199217,45.98186490322513],[-123.92436132247893,45.981836579554162],[-123.92329284651703,45.981707746431653],[-123.92264413352451,45.981712430642148],[-123.92265123291021,45.982190768595288],[-123.92329995668254,45.982186266074201],[-123.92330565918793,45.982570156961103],[-123.92423353892639,45.982563713150242],[-123.92448768040511,45.982013244266895],[-123.92465736048416,45.982011910922139],[-123.92466621068635,45.982560321769142],[-123.92486287615655,45.982558776203128],[-123.92485402056451,45.982010365340855],[-123.92524734970829,45.98200727917191],[-123.92524114684123,45.98162339062435],[-123.92563447239175,45.981620302561147],[-123.92564067346215,45.9820041898817],[-123.92609628639784,45.982000601835352],[-123.92603180442843,45.982256165909504],[-123.92626866591436,45.982270269586827],[-123.92667117853529,45.982352275464073],[-123.92668916190894,45.982319729183452],[-123.92670294296374,45.982274495570699],[-123.92671050408349,45.982243936144492],[-123.92671552207267,45.982220110816549],[-123.92671669886566,45.98221452215023],[-123.92672654260457,45.982179433951877],[-123.92672892134345,45.982152917568826],[-123.92674092732722,45.98212054845056],[-123.9267567493543,45.982085283537216],[-123.92678138834593,45.982063677259134],[-123.92681380764621,45.98203308338416],[-123.92688912329795,45.981936913349813],[-123.9269196480513,45.981907869982834],[-123.92693805632811,45.981882270458541],[-123.92695154632871,45.981841505953838],[-123.92694917836963,45.98180260411381],[-123.9269463028624,45.981755365058326],[-123.92694435711151,45.981723408946813],[-123.92694317223365,45.981703957988742],[-123.92694328542137,45.981702990434478],[-123.92694580519574,45.981681608729573],[-123.92695616097433,45.981666569807338],[-123.92696047917589,45.98166029693008],[-123.92697647278123,45.981639789129716],[-123.92699288500147,45.981602269816705],[-123.92699708732039,45.981572916031858],[-123.92699781226079,45.981552016806738],[-123.92699906451233,45.981532316720475],[-123.9269998523348,45.981519942598268],[-123.92700231641365,45.981494816061598],[-123.92698957291302,45.981457626244527],[-123.92698489628366,45.98143826383393],[-123.92697756423428,45.981416210977649],[-123.92697255882153,45.981387804678505],[-123.9269714637752,45.981381593568628],[-123.92698122127581,45.98134511592491],[-123.92699131923793,45.9813141958033],[-123.92699577488175,45.981289009871112],[-123.92700031586551,45.981265212846999],[-123.92700375371811,45.981248896005333],[-123.92700651154603,45.981235799581256],[-123.92701262098825,45.981204997378846],[-123.92701300816213,45.981178540455602],[-123.92701704249609,45.981146407352675],[-123.92701873492209,45.981112048832635],[-123.92701904573917,45.981080929449696],[-123.92701709819164,45.981048972948898],[-123.92700917415252,45.981017193712788],[-123.92701070757668,45.980976783761818],[-123.92700997005984,45.980973184412626],[-123.92700503022411,45.980949114461204],[-123.92700401422952,45.980932441711133],[-123.92700160943951,45.980860134391172],[-123.92700364951352,45.98082806103033],[-123.92700976165072,45.980797258601086],[-123.92701803243953,45.980769175340207],[-123.92702630502498,45.980741092065138],[-123.92703067892211,45.980714517563165],[-123.92703376373677,45.980698961507613],[-123.92703678836435,45.980683715070747],[-123.92704489206652,45.980652853882589],[-123.92705316465197,45.980624771172721],[-123.92706343149734,45.98059662914573],[-123.92707222600399,45.980564097439071],[-123.92707772998175,45.980536354895911],[-123.92709750010451,45.98046756716213],[-123.92710293401366,45.9804256498876],[-123.92710332028923,45.980399192591946],[-123.92710258546734,45.980387117229064],[-123.9271015434216,45.98037001483015],[-123.92710349905398,45.980336551618407],[-123.92710121463821,45.980299038913216],[-123.92710401738191,45.980279468848259],[-123.92711012682416,45.980248666738028],[-123.92711441358469,45.980220702429769],[-123.92712175641383,45.980177336718192],[-123.92712379738613,45.980145262337565],[-123.92713304823694,45.980100448314758],[-123.92712927890599,45.980071329699022],[-123.92712750203839,45.98004215238872],[-123.92713291528626,45.980016763621698],[-123.92713526797399,45.980005733166031],[-123.92713705292647,45.979969491205885],[-123.92714142592527,45.979942916333563],[-123.92715194429896,45.979918942692755],[-123.92716170269786,45.979882464085385],[-123.92716166496861,45.979849060506865],[-123.927159888101,45.979819883703698],[-123.9271464933218,45.979796618533463],[-123.92712525984341,45.979742961718621],[-123.92711152370441,45.979714139434101],[-123.92710593169177,45.979687858461581],[-123.92709186048116,45.97965347781183],[-123.92709008361352,45.97962430028133],[-123.92708665294745,45.979600739757586],[-123.92708554352807,45.979582520952412],[-123.92708538362797,45.979579899716256],[-123.92709531001184,45.979546200059353],[-123.92709370382414,45.97951980102328],[-123.92707674452987,45.97950360040263],[-123.92707157562373,45.979484267272852],[-123.92706657560086,45.979467712689889],[-123.92705966575969,45.97945260699538],[-123.92704792567724,45.979423724007056],[-123.92704316640287,45.979411139039833],[-123.92703012196662,45.9793936293255],[-123.9270283459973,45.979364451658071],[-123.92701813574578,45.97932956079093],[-123.92704643896545,45.979164736541641],[-123.92705305595582,45.979141429270875],[-123.92705257535715,45.979056844196272],[-123.92703862182583,45.978904326424619],[-123.92704765438603,45.97882271371892],[-123.92707433345164,45.978724310116682],[-123.92709000186683,45.978675037708314],[-123.92712534967494,45.978604034648029],[-123.92714429334768,45.978531889717303],[-123.92716363048245,45.978466240795086],[-123.92719208911066,45.97839706906305],[-123.9272347204591,45.978330730166419],[-123.92725564042543,45.97829106487815],[-123.92730908569327,45.978172344769483],[-123.9273590562776,45.978073251442183],[-123.92742012464892,45.978003113473143],[-123.92746263831805,45.977960583171765],[-123.92732333566865,45.977908990915836],[-123.9273080463425,45.977929281603217],[-123.9272937882823,45.977948612154563],[-123.92727630077866,45.977972894413888],[-123.92725918787249,45.977997304637967],[-123.9272424486655,45.978021841578112],[-123.92722933236404,45.978041561641518],[-123.92721486319974,45.978063838081894],[-123.92719922981885,45.978088576631556],[-123.92718533827131,45.978111180170004],[-123.92717480911786,45.978128725873248],[-123.92716019532483,45.978153709731437],[-123.9269340246891,45.97810494497039],[-123.92692169531183,45.978126945458442],[-123.92691362844056,45.978141653855459],[-123.92690176079736,45.978163776685527],[-123.92689144454465,45.978183501068244],[-123.92688259793574,45.978200805781086],[-123.92687025328708,45.978225599829386],[-123.92685472321246,45.978257954369511],[-123.92684317806443,45.978282933175265],[-123.92682978238692,45.978313010356779],[-123.9268179452864,45.978340674107848],[-123.92680755267686,45.978365899461409],[-123.92679751310529,45.978391192848505],[-123.92678877968407,45.978414013507866],[-123.92678218425327,45.978431800705877],[-123.92677673866601,45.978446875465593],[-123.92677054298549,45.978464492228632],[-123.92676282735552,45.978487181762226],[-123.92675539289824,45.978509917482057],[-123.92674823961362,45.978532696891087],[-123.92674211939161,45.978552980482988],[-123.92673622285007,45.978573297153481],[-123.92673265025019,45.978586010909453],[-123.9267277966527,45.978603829265353],[-123.92672377220022,45.978619119349098],[-123.92671923840298,45.978636980144266],[-123.92671548793669,45.9786523045533],[-123.92671186323452,45.978667643940469],[-123.92670894101487,45.978680436956111],[-123.92670554897636,45.978695803178709],[-123.9267033588837,45.978706053567407],[-123.92670017884761,45.97872144038358],[-123.92669663050224,45.978739408518756],[-123.92665415096907,45.978959934238858],[-123.92619213753699,45.978876967594239],[-123.92609548060904,45.979084927077118],[-123.92605811967637,45.979165313979536],[-123.92660566889317,45.979211688152368],[-123.92643669129667,45.980164223185959],[-123.92604489198382,45.980131018912012],[-123.92602116837547,45.980267130027954],[-123.92641255356499,45.980300303008086],[-123.92636427001678,45.980572454782262],[-123.9259674203754,45.980575574115981],[-123.92602116837547,45.980267130027954]]]},"properties":{"OBJECTID":34,"NAME":"Unincorp Clatsop Co","Shape__Area":113982.73118083309,"Shape__Length":3093.5014159569637}},{"type":"Feature","id":35,"geometry":{"type":"Polygon","coordinates":[[[-123.91133989388928,45.983557836417916],[-123.91222454040803,45.98355005691753],[-123.91221830969322,45.983115028610712],[-123.91213294458841,45.983105596132745],[-123.91132982736819,45.982874588871546],[-123.91133989388928,45.983557836417916]]]},"properties":{"OBJECTID":35,"NAME":"Unincorp Clatsop Co","Shape__Area":8715.146552921291,"Shape__Length":384.02743664618345}},{"type":"Feature","id":40,"geometry":{"type":"Polygon","coordinates":[[[-123.91131702817205,45.997668828133015],[-123.91234531979632,45.99767961855499],[-123.91237534508637,45.997295796879044],[-123.91241371213215,45.996805269289936],[-123.91155090994616,45.996782360730464],[-123.91151421825838,45.997273433944933],[-123.91134514544044,45.997269041859873],[-123.91131702817205,45.997668828133015]]]},"properties":{"OBJECTID":40,"NAME":"Unincorp Clatsop Co","Shape__Area":14764.802638775518,"Shape__Length":512.68389053728288}},{"type":"Feature","id":41,"geometry":{"type":"Polygon","coordinates":[[[-123.91238552210021,45.998677076047407],[-123.91225738191652,45.998862063439219],[-123.91381158683397,45.998860860923642],[-123.91383376534002,45.998627268499739],[-123.91399132804422,45.998629061984097],[-123.9139799661525,45.998748717338081],[-123.91475486549302,45.998746223688812],[-123.91522588812909,45.998735523960164],[-123.91527674535057,45.998424621241824],[-123.91524913563032,45.998179838514801],[-123.91507922198929,45.997800338714221],[-123.91447038431387,45.996788740480369],[-123.91443371059241,45.996720787338305],[-123.91402258672115,45.996710710653282],[-123.91254238771175,45.996671476029441],[-123.91239060207313,45.998612139327342],[-123.91238552210021,45.998677076047407]]]},"properties":{"OBJECTID":41,"NAME":"Unincorp Clatsop Co","Shape__Area":94376.312680271483,"Shape__Length":1291.9584667931306}},{"type":"Feature","id":42,"geometry":{"type":"Polygon","coordinates":[[[-123.91258169888692,45.999382805769983],[-123.91256867780686,45.999519919790337],[-123.91277859612245,45.999519758167189],[-123.91277827362725,45.999245555371175],[-123.91259472086527,45.999245694530011],[-123.91258169888692,45.999382805769983]]]},"properties":{"OBJECTID":42,"NAME":"Unincorp Clatsop Co","Shape__Area":962.32968068334844,"Shape__Length":131.78156729436736}},{"type":"Feature","id":43,"geometry":{"type":"Polygon","coordinates":[[[-123.91122546109851,45.999575802061841],[-123.91201240505032,45.999575203619933],[-123.91206971127725,45.998971892877663],[-123.91128277181701,45.998972491326086],[-123.91122546109851,45.999575802061841]]]},"properties":{"OBJECTID":43,"NAME":"Unincorp Clatsop Co","Shape__Area":8468.7184466709714,"Shape__Length":368.98391158523498}},{"type":"Feature","id":44,"geometry":{"type":"Polygon","coordinates":[[[-123.91038119295344,46.000179702782653],[-123.91195510151834,46.000178511528027],[-123.91198368950396,45.99987752454151],[-123.9104097899222,45.999878716426601],[-123.91038119295344,46.000179702782653]]]},"properties":{"OBJECTID":44,"NAME":"Unincorp Clatsop Co","Shape__Area":8450.1741915728053,"Shape__Length":447.08911827802831}},{"type":"Feature","id":45,"geometry":{"type":"Polygon","coordinates":[[[-123.91211268937539,46.000178390468108],[-123.91250617033444,46.000178090938398],[-123.91253220979958,45.999903865195932],[-123.91213873692537,45.999904168471275],[-123.91211268937539,46.000178390468108]]]},"properties":{"OBJECTID":45,"NAME":"Unincorp Clatsop Co","Shape__Area":1924.7059594700531,"Shape__Length":175.6836107496396}},{"type":"Feature","id":46,"geometry":{"type":"Polygon","coordinates":[[[-123.91380773755299,46.000560972197846],[-123.91420121132552,46.00056002681378],[-123.91422724989233,46.000285803588255],[-123.91383377432315,46.000286748977054],[-123.91380773755299,46.000560972197846]]]},"properties":{"OBJECTID":46,"NAME":"Unincorp Clatsop Co","Shape__Area":1924.4046399736617,"Shape__Length":175.68389505928801}},{"type":"Feature","id":47,"geometry":{"type":"Polygon","coordinates":[[[-123.91112907097019,46.000590445709214],[-123.91191603019338,46.000589845406253],[-123.91194468465432,46.000288206685397],[-123.91115772722776,46.000288804495618],[-123.91112907097019,46.000590445709214]]]},"properties":{"OBJECTID":47,"NAME":"Unincorp Clatsop Co","Shape__Area":4234.3212954010733,"Shape__Length":272.09478125257885}},{"type":"Feature","id":48,"geometry":{"type":"Polygon","coordinates":[[[-123.91205017741137,46.000836533815068],[-123.91362410753585,46.000835320110163],[-123.9136501478993,46.000561095129015],[-123.91367618287289,46.000286871284757],[-123.913282708202,46.000287176430049],[-123.91325666514362,46.000561401520805],[-123.91207622585968,46.000562311960017],[-123.91205017741137,46.000836533815068]]]},"properties":{"OBJECTID":48,"NAME":"Unincorp Clatsop Co","Shape__Area":9623.6878831038994,"Shape__Length":526.57877489968757}},{"type":"Feature","id":49,"geometry":{"type":"Polygon","coordinates":[[[-123.91104309501098,46.00149542188381],[-123.91183006950554,46.001494824710655],[-123.91188737573245,46.000891514931268],[-123.91110041381434,46.000892113982957],[-123.91104309501098,46.00149542188381]]]},"properties":{"OBJECTID":49,"NAME":"Unincorp Clatsop Co","Shape__Area":8469.2711222411308,"Shape__Length":368.99595749206713}},{"type":"Feature","id":50,"geometry":{"type":"Polygon","coordinates":[[[-123.91272530895813,46.002152261008675],[-123.91310561792017,46.002151965233615],[-123.91349911145566,46.002151661970629],[-123.91352514912417,46.001877436649728],[-123.91313166097859,46.001877743658227],[-123.9127249918528,46.001878058154794],[-123.91272530895813,46.002152261008675]]]},"properties":{"OBJECTID":50,"NAME":"Unincorp Clatsop Co","Shape__Area":3849.6602092005292,"Shape__Length":263.19720542138396}},{"type":"Feature","id":51,"geometry":{"type":"Polygon","coordinates":[[[-123.91362024927172,46.002535457451202],[-123.9140137383156,46.00253451210083],[-123.91403977778074,46.002260289925559],[-123.91364628604192,46.002261234032602],[-123.91362024927172,46.002535457451202]]]},"properties":{"OBJECTID":51,"NAME":"Unincorp Clatsop Co","Shape__Area":1924.547530334477,"Shape__Length":175.69039442316551}},{"type":"Feature","id":52,"geometry":{"type":"Polygon","coordinates":[[[-123.9101310462828,46.002812323358448],[-123.91091803964197,46.002811732439419],[-123.91103267724864,46.001605116926278],[-123.91024570095746,46.001605707858189],[-123.9101310462828,46.002812323358448]]]},"properties":{"OBJECTID":52,"NAME":"Unincorp Clatsop Co","Shape__Area":16939.194763832067,"Shape__Length":562.79240321680322}},{"type":"Feature","id":53,"geometry":{"type":"Polygon","coordinates":[[[-123.91266280238402,46.002810403339595],[-123.91343661476303,46.002809804932681],[-123.91344963494474,46.002672691577224],[-123.91305613691769,46.002672997333363],[-123.91306915979438,46.002535886134829],[-123.91266248168546,46.002536199379641],[-123.91266280238402,46.002810403339595]]]},"properties":{"OBJECTID":53,"NAME":"Unincorp Clatsop Co","Shape__Area":2887.3419822679075,"Shape__Length":263.20154380702166}},{"type":"Feature","id":54,"geometry":{"type":"Polygon","coordinates":[[[-123.91054737768773,46.010511550309076],[-123.91064523745983,46.010574295641632],[-123.91075143090286,46.010671098468727],[-123.91091496470878,46.010930327840292],[-123.91098010334663,46.011078259073635],[-123.91107856409167,46.010953028398745],[-123.91124199279467,46.010807805181869],[-123.91176466586465,46.010505923945509],[-123.91175020209026,46.010118352340918],[-123.91054737768773,46.010511550309076]]]},"properties":{"OBJECTID":54,"NAME":"Unincorp Clatsop Co","Shape__Area":9268.8630968575217,"Shape__Length":442.70537081626941}},{"type":"Feature","id":55,"geometry":{"type":"Polygon","coordinates":[[[-123.90848347047471,46.018920479853776],[-123.90986757849481,46.018922124837538],[-123.90986903646052,46.018603240350458],[-123.91053328761252,46.018600196769754],[-123.91069751491781,46.017616415867444],[-123.91070982453216,46.017228618359162],[-123.9106597982523,46.016865401484033],[-123.910613625745,46.016711982269257],[-123.9084741253008,46.016735778401497],[-123.90848347047471,46.018920479853776]]]},"properties":{"OBJECTID":55,"NAME":"Unincorp Clatsop Co","Shape__Area":80639.037812935072,"Shape__Length":1172.1087897445818}},{"type":"Feature","id":61,"geometry":{"type":"Polygon","coordinates":[[[-123.75902038291085,46.212973815886997],[-123.75928120875359,46.212924565853861],[-123.75966066341782,46.212782088676278],[-123.76034060544289,46.212486139837438],[-123.7609018386964,46.212288900230327],[-123.76134455811285,46.212146447511905],[-123.76181884432833,46.212036899614567],[-123.76205604717406,46.211949185549464],[-123.76237223439112,46.211872556845115],[-123.76305206053352,46.211664340144026],[-123.76372394646712,46.211379312987376],[-123.76447512309761,46.211006637161226],[-123.76475964470093,46.210891507154244],[-123.76507587144387,46.210716047873206],[-123.76542379793655,46.2104803432835],[-123.76598501232547,46.210414659076449],[-123.7660086658652,46.210381739859422],[-123.765977238305,46.210294023150944],[-123.76574024476675,46.21004154279364],[-123.76571668824505,46.209904357709433],[-123.76575639737386,46.209767200878531],[-123.76588288555577,46.20962460112581],[-123.76649184899529,46.209087260163862],[-123.76665789538903,46.208862313293231],[-123.76672915694388,46.208719727354506],[-123.76676886786936,46.208461876017708],[-123.76690351994054,46.208105381767993],[-123.76703007369947,46.20799562936206],[-123.7671644697508,46.207946304615781],[-123.76725920428403,46.207962861005051],[-123.76756731474839,46.208100106888764],[-123.76815982734011,46.208374673470992],[-123.76827839866939,46.208232035911152],[-123.76738583080648,46.207765358970576],[-123.76740970982337,46.207562424632471],[-123.76784428331679,46.207611971661969],[-123.76859469458263,46.207979795366157],[-123.76894273965296,46.207634280523962],[-123.76789207368988,46.207162101595173],[-123.76726776343207,46.207200228701353],[-123.767283576476,46.207106970209196],[-123.76724439196332,46.206843623063691],[-123.76714965832839,46.206613231587291],[-123.76718175872675,46.206070040244555],[-123.76745041608216,46.206064726624788],[-123.76738734446775,46.205911065994783],[-123.76715019641927,46.205916441177273],[-123.76704795376686,46.205351293129752],[-123.76692944172638,46.205367750207117],[-123.76734084227874,46.204731561927346],[-123.76760974577252,46.204391441153447],[-123.76773634354888,46.204276291685183],[-123.76795750338196,46.204314763980399],[-123.76869225431743,46.204501607981875],[-123.76887398260111,46.204529095099275],[-123.7697194167594,46.204556784880772],[-123.77021730531065,46.204518598120657],[-123.7705175618045,46.20447480970779],[-123.77103121758563,46.204359738750149],[-123.77127969249153,46.204266822352331],[-123.76877268946797,46.202496749012965],[-123.7698044872168,46.201873724573971],[-123.76910599677772,46.201832968776003],[-123.76908560142752,46.199501144129506],[-123.76796806128146,46.199289816444981],[-123.76785926541909,46.199259630084732],[-123.76782835888174,46.199251157208337],[-123.76769960514872,46.199217407453688],[-123.76753674058769,46.199174451099047],[-123.76730784087013,46.199040870033222],[-123.7670360061736,46.198861289075488],[-123.76666426444439,46.198592842366885],[-123.76632137211057,46.198296986200312],[-123.76416837268259,46.198278289210492],[-123.76540818970851,46.201244425843292],[-123.76467253416949,46.201354732036343],[-123.76461095465679,46.201245328622406],[-123.7634311244306,46.201519446370405],[-123.76355840223162,46.201729134646946],[-123.76386660612077,46.201745702857906],[-123.76396904460589,46.202047419625181],[-123.75868974808907,46.203230228598493],[-123.758744963038,46.203361895758022],[-123.76408745873002,46.202266946121227],[-123.76433979908657,46.202815697283263],[-123.76375438498222,46.203561581571073],[-123.76327258885094,46.203413244602594],[-123.76323287972212,46.203550401756196],[-123.7636752802366,46.203737071166948],[-123.76365937376787,46.203786412127215],[-123.75935208403287,46.204750162221416],[-123.75943095521652,46.204876451076217],[-123.76351698181219,46.203978437456627],[-123.76316896908124,46.204439134609473],[-123.76173028122109,46.205080368305971],[-123.7594381264674,46.205622506950924],[-123.75949339441696,46.205710337430091],[-123.7620066326469,46.205201193489479],[-123.76303441582472,46.20466395535712],[-123.76291557050925,46.204993074595549],[-123.76310519498428,46.205075502218364],[-123.76296274284147,46.205272926885691],[-123.76278891973229,46.205311261086692],[-123.76250445382453,46.20531657975291],[-123.76231466136457,46.205371400841415],[-123.76213287199546,46.205508512074026],[-123.76190347640788,46.205793638082966],[-123.76137376234271,46.206128103955905],[-123.76116802837973,46.206352947632659],[-123.76098595244805,46.206703989871237],[-123.76093052549672,46.206895970188107],[-123.7608988769509,46.20695081270275],[-123.76078810299832,46.207049561543002],[-123.76067748984411,46.207093408206752],[-123.76038498401456,46.20713711930879],[-123.76011630509957,46.207131529765448],[-123.75999778946586,46.207147889948786],[-123.75991879611132,46.207191796215454],[-123.75987133272498,46.207246648381663],[-123.75990268123344,46.207433195195669],[-123.76008427476981,46.207713054326923],[-123.76010779535892,46.207839262391062],[-123.76007609830411,46.207938019580908],[-123.75999698277872,46.20804771988152],[-123.75979134403714,46.208261578887388],[-123.75966480824452,46.208354760197459],[-123.75943557884527,46.208371138666543],[-123.75916689993031,46.208338095756083],[-123.75902464631517,46.208381879846151],[-123.75901666119061,46.208508114348533],[-123.75914301821848,46.208617885002106],[-123.75946685279359,46.208815530683772],[-123.75951411585562,46.208952646374755],[-123.7594507379157,46.209122720257675],[-123.75940319907086,46.209210514057446],[-123.75932408803705,46.209292762531142],[-123.75918175806511,46.209396941060533],[-123.75910274135441,46.209429773214239],[-123.75897625137588,46.209451677883351],[-123.75851002215016,46.209429574905975],[-123.75840726027155,46.209517289265051],[-123.75843862674633,46.209714814218003],[-123.75863586534169,46.210104374080679],[-123.75864359175142,46.210241574206506],[-123.7585801653025,46.210428026305678],[-123.75851694187278,46.210515836046724],[-123.75807396643653,46.21092162247308],[-123.75763881532637,46.211387740478997],[-123.7573778475498,46.211557683117164],[-123.75720376213259,46.211777000040222],[-123.75710859281479,46.21217201122591],[-123.7569027798,46.212479111784532],[-123.75690255791613,46.212764411096984],[-123.75698937469846,46.212874177595666],[-123.75702097114194,46.212890615635537],[-123.75715521088642,46.212951018116875],[-123.75736860208893,46.212978582437998],[-123.75826960064076,46.212946048916578],[-123.75902038291085,46.212973815886997]]]},"properties":{"OBJECTID":61,"NAME":"Unincorp Clatsop Co","Shape__Area":1499192.9414549395,"Shape__Length":11200.796753466346}},{"type":"Feature","id":62,"geometry":{"type":"Polygon","coordinates":[[[-123.96444812100991,46.15000231768007],[-123.96424128750898,46.149613896923661],[-123.96419390317439,46.149548052836955],[-123.96416232918878,46.149460296279294],[-123.96403597036428,46.14930674499314],[-123.96398853392739,46.14920796147922],[-123.96389377424133,46.149076369340619],[-123.96377517506426,46.14884048686914],[-123.96349081695433,46.148352285201433],[-123.96330900692396,46.147929910368347],[-123.96325376951715,46.147836683861534],[-123.96317468633112,46.147661127185636],[-123.96315100853685,46.147573307251051],[-123.96308784619259,46.147441714316265],[-123.96307980537249,46.147381300816441],[-123.96303241564799,46.147337423317261],[-123.96281117047501,46.146843738983378],[-123.96263747402828,46.146514623177282],[-123.96236872773966,46.145955096771651],[-123.96220285651739,46.145554639905704],[-123.96212377872125,46.145401041626158],[-123.96194215284554,46.145099354989966],[-123.96150759103021,46.144282017127814],[-123.96131808962438,46.144040698023773],[-123.96130229814001,46.143996819106619],[-123.96122336856591,46.143903523076624],[-123.96114432580403,46.143766392600391],[-123.96108122544356,46.143689612803463],[-123.96104952030389,46.143623818890902],[-123.96100214405413,46.143579940263933],[-123.96097056288201,46.143514052237641],[-123.96092318663223,46.143470172900763],[-123.96079687452014,46.143250820504811],[-123.96052829801312,46.142877771043693],[-123.96049672223087,46.142811973048907],[-123.96044934598112,46.142768093774819],[-123.96029132244118,46.142526687120913],[-123.96027553993993,46.142482808864308],[-123.96022823196213,46.142428036462078],[-123.9601491487761,46.142296307366735],[-123.96011764306246,46.142219532988548],[-123.96007021021883,46.14216466945151],[-123.95991218757722,46.141901391431929],[-123.95943824361981,46.14090851501993],[-123.95937512259806,46.140793304138398],[-123.95932772119546,46.140732948075275],[-123.95928823664546,46.140606829284252],[-123.95923294713634,46.140524492334151],[-123.95920131565858,46.140425756548552],[-123.95915391515429,46.14036540070493],[-123.95913816589074,46.140316030824287],[-123.95909074023361,46.140239296010527],[-123.95905128263308,46.140129556220998],[-123.95902752938034,46.140118598164499],[-123.95899595090314,46.140074671305669],[-123.95886959836686,46.13982237688883],[-123.95873534424933,46.139592021920542],[-123.95830871815123,46.13861548071084],[-123.95810335429415,46.138204092315547],[-123.95800072806114,46.137968247288377],[-123.95794543406043,46.137885910127395],[-123.95787427850678,46.137732335269583],[-123.95784269104645,46.13762810804225],[-123.95769260412204,46.137260536211109],[-123.95755048615251,46.136942400858693],[-123.95750312786906,46.136876559666931],[-123.95748722229864,46.136810722753815],[-123.95742413451455,46.136733940726394],[-123.95725030242224,46.136415801086692],[-123.95720293335899,46.136371914225123],[-123.95702917313191,46.136042792461652],[-123.95679226762854,46.135543558170276],[-123.95670540413384,46.135252861203377],[-123.95657904530933,46.13498400429792],[-123.95650789065398,46.134770032602425],[-123.95629469079266,46.134248906920917],[-123.9562787879172,46.134183070601253],[-123.9562314224472,46.134139183205335],[-123.95622351637439,46.134078860933805],[-123.95619197921971,46.134029532104705],[-123.95615249826297,46.133925281061046],[-123.95610517681044,46.133853948206117],[-123.95607352467141,46.133760695372338],[-123.95586825244246,46.133360288004845],[-123.95548918225718,46.13270194488242],[-123.95544175839672,46.13264717457831],[-123.95507861713806,46.131928484608828],[-123.95503118878599,46.131873618910497],[-123.95461268884796,46.130984931163503],[-123.95398098276037,46.129564125160016],[-123.95379146608319,46.129092385613653],[-123.95378356270533,46.129032063417448],[-123.95361769597463,46.128587665726826],[-123.95341241925411,46.128214613418272],[-123.95323873358718,46.127984219852813],[-123.95314399096912,46.127797711582147],[-123.95309664436377,46.127731957202208],[-123.952978145798,46.127474100110902],[-123.95270185186436,46.126930993372049],[-123.95259131147372,46.126541488395638],[-123.95254391366439,46.12644270014345],[-123.95251225164387,46.126332982044076],[-123.95241774797768,46.126228312366166],[-123.95234324350464,46.126113065788935],[-123.95214374295139,46.125838763819864],[-123.95128149951751,46.124826933091327],[-123.95090257306268,46.124042480046356],[-123.95047612303439,46.122857550166046],[-123.94952882980434,46.120805822559745],[-123.94913407683083,46.119812869646992],[-123.94858146201413,46.118655350207185],[-123.94827357792522,46.117925740615348],[-123.94761838628284,46.116241569451041],[-123.94742107312732,46.115852054904828],[-123.94716848663239,46.115221164437664],[-123.9465529843559,46.114036262172561],[-123.94645028356271,46.113707074818208],[-123.9463238825174,46.112818354918424],[-123.94596879824853,46.112094166984399],[-123.94570041398096,46.111331646431395],[-123.94543217883376,46.110706276782764],[-123.9450138361009,46.10988334217361],[-123.94484020073965,46.109219569864251],[-123.94439036486955,46.108007181325505],[-123.94381438756724,46.10679474930383],[-123.94359347566922,46.106103554836608],[-123.94287541004178,46.104501595795661],[-123.94266245811548,46.10394200811588],[-123.94248095081738,46.103283698339439],[-123.94184966064979,46.10124288103777],[-123.94152619168901,46.099959145245684],[-123.94100554162509,46.098203613490185],[-123.94082397952972,46.097342255950274],[-123.94069773209634,46.096963753260468],[-123.93969603599437,46.094555344835179],[-123.93942790684838,46.093820157138687],[-123.93907290073292,46.092722978949936],[-123.93897820931882,46.092349885660681],[-123.93851296464665,46.091318503546098],[-123.9381659229945,46.090215851716415],[-123.93762970153344,46.088772922594657],[-123.93726689175311,46.087966510396605],[-123.9371881265707,46.087692195480727],[-123.93692787564972,46.086265807079826],[-123.93653360237658,46.084844841087836],[-123.93640742141849,46.084192001923455],[-123.93625764081962,46.083626933765935],[-123.93611564681758,46.083253867425029],[-123.93601315263695,46.082891817227853],[-123.9355243173071,46.080702816614632],[-123.93490154316838,46.078590599172742],[-123.93449160507332,46.076626490408799],[-123.93403444254378,46.075425096418584],[-123.93392408810436,46.075062928791766],[-123.93352206506528,46.073471990877295],[-123.93333294634178,46.072533817437339],[-123.93319890332835,46.07169446413549],[-123.93316745600518,46.071639550927188],[-123.93285220483264,46.070383165072641],[-123.93265518901946,46.069796155995888],[-123.93260783432923,46.069434101006124],[-123.932781263078,46.068331401895499],[-123.93285228568101,46.068172240154759],[-123.93292324630025,46.06781020505268],[-123.93267098858868,46.066630614972802],[-123.93260016810662,46.065988751867941],[-123.93233222131863,46.064973813527651],[-123.93203280205464,46.064101429476537],[-123.93198545994086,46.063893009776436],[-123.93208012889707,46.063311444213149],[-123.9320643320228,46.062910969985481],[-123.93200922756662,46.062510459193689],[-123.93196201031868,46.061802697692279],[-123.93191475983305,46.06159976581295],[-123.93187537409774,46.060727415088209],[-123.93170199116305,46.059997735732708],[-123.93154454613816,46.059108980415701],[-123.93131604527258,46.058329884949742],[-123.93126873190489,46.0577538910686],[-123.93126878310885,46.057227194048544],[-123.9310954774293,46.056700463952389],[-123.93096158353622,46.056042107696697],[-123.93095379604101,46.055241140649613],[-123.93092227415768,46.054911983791982],[-123.93081991113107,46.054313938560441],[-123.93059149740211,46.053392274950966],[-123.93048905173045,46.052788831220447],[-123.9303236458355,46.052223696477405],[-123.93026850724337,46.051889060952561],[-123.93019772898214,46.051077091571486],[-123.92993785265865,46.048750908483136],[-123.92989850824584,46.04854791180221],[-123.92976475179496,46.047033704107008],[-123.92970180863965,46.045733488799272],[-123.92964669070876,46.045321993723526],[-123.92942625312118,46.044318001137739],[-123.92934757597365,46.043511487968686],[-123.92932386404343,46.043462091795462],[-123.92925313788447,46.042798258311755],[-123.92917443378747,46.041882034435687],[-123.92911141607199,46.041377359054962],[-123.92906424643473,46.041262087235189],[-123.92902491370003,46.040697009151337],[-123.9289933864268,46.040543449669151],[-123.9289540707601,46.039879537466199],[-123.92904080759234,46.039095080425312],[-123.92900948693165,46.038091078816485],[-123.92897794169214,46.038036161492613],[-123.92897011107779,46.037723461711565],[-123.92864736346419,46.035863648836774],[-123.92867892667002,46.035534427012493],[-123.92874194528383,46.035369836879845],[-123.92876564463765,46.035210786541782],[-123.92879711082544,46.034744403500234],[-123.92874996095112,46.034283608038471],[-123.92862402074155,46.033685565834588],[-123.92858694547314,46.03296477729463],[-123.92853158769208,46.032964145536823],[-123.92792265569356,46.032973201562839],[-123.92673067844814,46.032985027217613],[-123.92669332829526,46.03301689074015],[-123.92647128002837,46.032890618982407],[-123.92593196297281,46.032894471275632],[-123.92432502065999,46.032910748567929],[-123.92435695666663,46.034435919564743],[-123.92436424469855,46.034790448597818],[-123.92435241747951,46.034826685839377],[-123.9243519638303,46.03482939114334],[-123.92435149940131,46.034832095823575],[-123.92435102778576,46.034834799256394],[-123.92435054269552,46.03483750206545],[-123.92435005041874,46.034840205498014],[-123.92434954736218,46.034842905812297],[-123.92434903442415,46.034845606750075],[-123.92434851070637,46.034848305816858],[-123.92434797710708,46.034851003636227],[-123.92434743362632,46.034853702079104],[-123.92434688116244,46.034856397403701],[-123.92434631881703,46.034859093351791],[-123.92434574659023,46.034861788052488],[-123.92434516448191,46.034864480882177],[-123.92434457069552,46.034867174335368],[-123.92434396882426,46.034869864670284],[-123.92434335527493,46.03487255562866],[-123.92434273364076,46.034875244092447],[-123.9243421012268,46.03487793255605],[-123.92434145982968,46.034880618525051],[-123.92434080855111,46.034883304493889],[-123.9243401455944,46.034885989215361],[-123.92433947455291,46.034888673313056],[-123.92433879362991,46.034891355539756],[-123.92433810102882,46.034894035895455],[-123.92433740034294,46.034896715627333],[-123.9243366888772,46.034899394111903],[-123.92433596842835,46.034902071349009],[-123.92433523809802,46.034904746715164],[-123.92433449698788,46.034907421457511],[-123.92433374689465,46.034910094328858],[-123.9243329860216,46.034912767200119],[-123.9243322152671,46.034915436953057],[-123.92433143552944,46.034918106082223],[-123.92433064591027,46.034920773964075],[-123.924329847308,46.03492343997484],[-123.92432903882424,46.034926105361876],[-123.92432821686576,46.034928768877926],[-123.92432738951737,46.034931430522924],[-123.92432654959258,46.034934091544208],[-123.92432570248128,46.034936750070806],[-123.92432484369185,46.034939407350045],[-123.92432397681762,46.034942063381877],[-123.92432309826526,46.034944718166351],[-123.92432221072978,46.034947370456194],[-123.92432131241448,46.03495002212226],[-123.92432040601435,46.034952671293702],[-123.92431948883447,46.034955318594101],[-123.92431856177308,46.034957965894414],[-123.92431762572856,46.034960610076418],[-123.92431667980256,46.034963253011099],[-123.92431572309681,46.034965894698338],[-123.92431475920446,46.034968533890996],[-123.9243137836341,46.034971171836247],[-123.92431279908055,46.034973807910447],[-123.92431180374719,46.034976441490073],[-123.92431080032902,46.034979073822285],[-123.92430978523277,46.034981704907111],[-123.92430876205165,46.034984334120935],[-123.92430772898906,46.034986960840136],[-123.92430668514672,46.034989586311966],[-123.92430563232119,46.034992209289136],[-123.92430457141087,46.034994831018949],[-123.92430349882238,46.034997450254124],[-123.92430241635249,46.035000068241906],[-123.92430132669605,46.035002683735051],[-123.92430022536152,46.035005297357216],[-123.92429911504382,46.035007909108337],[-123.92429799484465,46.035010518364878],[-123.92429686476403,46.035013125750382],[-123.92429572570025,46.035015731888485],[-123.92429457765331,46.035018336155652],[-123.92429341882659,46.035020937304502],[-123.92429225191505,46.035023537206008],[-123.92429107512203,46.035026133989241],[-123.9242898866509,46.035028730772353],[-123.92428869099325,46.035031323189926],[-123.92428748455583,46.035033914360163],[-123.92428626823694,46.035036503659398],[-123.92428504383321,46.035039089216731],[-123.92428380864968,46.035041674150314],[-123.92428256358471,46.035044256589266],[-123.92428131043489,46.035046836533596],[-123.9242800483019,46.035049414606945],[-123.92427877449083,46.035051990185664],[-123.92427749259491,46.035054563269725],[-123.92427620081753,46.035057134482834],[-123.92427490095533,46.035059703201277],[-123.92427358941502,46.035062268801461],[-123.92427226978985,46.035064833777938],[-123.92427094207987,46.035067395012518],[-123.92426960269179,46.035069953752433],[-123.92424986401005,46.035105545981239],[-123.92424837999319,46.03510807727988],[-123.92424688429827,46.035110606083904],[-123.92424538051847,46.035113133016907],[-123.92424386775552,46.035115656831707],[-123.92424234690773,46.035118177528197],[-123.92424081438186,46.035120695730129],[-123.92423927377115,46.035123211437401],[-123.92423772148236,46.035125723402821],[-123.92423616380366,46.035128233497275],[-123.92423459534515,46.035130739849841],[-123.92423301700519,46.035133244955013],[-123.92423143058042,46.035135746318346],[-123.92422983337583,46.035138245187028],[-123.92422822718811,46.035140740313871],[-123.92422661201721,46.035143232946098],[-123.9242249878632,46.035145724330995],[-123.92422335472602,46.035148211350318],[-123.92422171170735,46.035150694627852],[-123.92422006060386,46.035153176657957],[-123.92421839872058,46.035155654322644],[-123.92421673054912,46.03515812949265],[-123.92421504980121,46.035160602168069],[-123.9242133618668,46.03516307110165],[-123.92421166494921,46.035165536916942],[-123.92420995904851,46.035168000237668],[-123.92420824236798,46.035170459816513],[-123.92420651850094,46.035172916900763],[-123.92420478475243,46.03517537086676],[-123.92420304112248,46.035177821090883],[-123.9242012894077,46.035180268820397],[-123.92419952870972,46.035182713431716],[-123.92419775902862,46.035185154924747],[-123.92419598036435,46.03518759329959],[-123.92419419271693,46.035190027932551],[-123.92419239518806,46.03519246007091],[-123.92419058957434,46.035194887843765],[-123.92418877497748,46.035197313122055],[-123.92418695229577,46.035199734658427],[-123.92418511883426,46.03520215370024],[-123.92418327728794,46.035204569623822],[-123.92418142586013,46.035206981805523],[-123.9241795672458,46.035209390868999],[-123.92417769875,46.035211796190637],[-123.92417582216939,46.035214198394051],[-123.92417393570729,46.035216596231948],[-123.92417204116036,46.035218992198885],[-123.92417013583363,46.035221383176726],[-123.92416822421872,46.035223772283608],[-123.92416630272233,46.035226157648616],[-123.9241643731411,46.035228539271763],[-123.92416243367839,46.035230917776715],[-123.92416048613084,46.0352332925398],[-123.92415852870182,46.035235662937389],[-123.92415656408633,46.035238030216789],[-123.92415459048765,46.035240394377915],[-123.92415260700751,46.035242756044489],[-123.92415061634084,46.035245113345553],[-123.92414861489436,46.035247465657548],[-123.92414660626139,46.03524981609857],[-123.92414458864528,46.035252162174103],[-123.9241425629443,46.035254505131398],[-123.92414052915851,46.035256843099653],[-123.92413848369461,46.0352591798205],[-123.92413643284078,46.035261510305034],[-123.92413437210554,46.035263838918603],[-123.92413230328543,46.035266162543046],[-123.92413022458388,46.035268483672951],[-123.92412813779747,46.035270801060946],[-123.92412604292625,46.035273114083537],[-123.92412393997016,46.035275422117003],[-123.92412182803093,46.03527772827951],[-123.92411970710855,46.035280030700157],[-123.9241175781013,46.035282327508099],[-123.92411544100923,46.035284623068712],[-123.92411329403572,46.03528691301657],[-123.92411114077399,46.03528919922266],[-123.92410897673247,46.035291482310484],[-123.92410680640272,46.035293760409225],[-123.92410462619154,46.03529603476612],[-123.9241024378955,46.035298306004833],[-123.92410024241295,46.035300573501701],[-123.92409803704892,46.035302836009443],[-123.92409582360008,46.035305095399004],[-123.92409360206638,46.035307350423139],[-123.92409137154954,46.035309600458142],[-123.92408913384617,46.035311847998564],[-123.92408688715962,46.035314091173547],[-123.92408463238827,46.035316330606683],[-123.92408237043038,46.035318565050737],[-123.92408009859101,46.035320796376581],[-123.92407781956514,46.035323022713371],[-123.92407553155611,46.035325246555558],[-123.92407323636056,46.035327464785048],[-123.92407093128355,46.035329679896321],[-123.92406861902002,46.035331889394897],[-123.92406629867163,46.035334096398842],[-123.92406397023842,46.035336297790138],[-123.92406163372036,46.035338495439625],[-123.92405928821915,46.035340689970859],[-123.92405693642974,46.035342879513067],[-123.92405457565717,46.035345064066171],[-123.92405220590145,46.035347245501065],[-123.92404982985754,46.035349422570519],[-123.92404744393212,46.035351595274506],[-123.92404505082021,46.035353762989423],[-123.92404264962346,46.035355927586181],[-123.92404024034187,46.035358086570191],[-123.92403782387375,46.035360241812413],[-123.92403539752416,46.035362392689201],[-123.92403296398807,46.035364540447738],[-123.92403052506205,46.035366681970004],[-123.92402807535628,46.035368820997675],[-123.9240256193623,46.035370953789034],[-123.9240231561818,46.035373082838554],[-123.92403073886111,46.035756667752182],[-123.9240355691024,46.036001032253779],[-123.92404090599349,46.036248418952177],[-123.92404623030818,46.036495187792255],[-123.92405118272036,46.036741959895593],[-123.92405558626186,46.036961309110332],[-123.92405998800676,46.037180659325159],[-123.92406599863432,46.037479676043745],[-123.92406604983829,46.037482270217176],[-123.92407041385394,46.037674197554772],[-123.92407166161388,46.037729033547294],[-123.92407471947911,46.037863528823216],[-123.92407529709585,46.037893543692576],[-123.92408163021857,46.038222574362123],[-123.92408493062894,46.038393914456847],[-123.92408751687866,46.038526214956953],[-123.9240927217174,46.038792865976561],[-123.92409331999538,46.038823700354428],[-123.92406056472517,46.038823616794112],[-123.92389645060761,46.038823131021999],[-123.92385614589574,46.038823012540988],[-123.9237892052374,46.039193992780973],[-123.92377440728973,46.039275999732141],[-123.92372735802672,46.039536753091717],[-123.92363551786534,46.040045755404108],[-123.92362388647904,46.040110210724457],[-123.92363042351936,46.046099761338056],[-123.92316370381349,46.046101010836267],[-123.9186307033802,46.046112470180027],[-123.91840271724929,46.046112980204626],[-123.91586534128767,46.046118626638091],[-123.91570193234759,46.046118988892687],[-123.91389931091472,46.046122963093595],[-123.9137009682899,46.044112040142174],[-123.91368853111477,46.043935041194018],[-123.91367610202451,46.043787624982372],[-123.91361907068206,46.042882011432866],[-123.91342885152234,46.039787287348702],[-123.91342338168057,46.039667113408875],[-123.91340091212037,46.038794468588897],[-123.91344263527206,46.038794574598299],[-123.91341423503432,46.037793893789484],[-123.91340085462821,46.037322334832986],[-123.91335980072138,46.035875820604346],[-123.91585778196456,46.035847486536248],[-123.91585392190379,46.0356845362085],[-123.91582450746812,46.035684879822938],[-123.91547019844532,46.035687334389834],[-123.91500657433393,46.035692595868312],[-123.91464541745373,46.0356966936723],[-123.91464427569503,46.035696700532093],[-123.91464313303798,46.035696692425041],[-123.91464199038094,46.035696670598355],[-123.9146408486222,46.035696635675677],[-123.91463970955841,46.035696586409742],[-123.91463856869801,46.035696523424171],[-123.91463743232917,46.035696446095344],[-123.91431550038584,46.03570043538928],[-123.91340630919859,46.035710743194556],[-123.91335380985676,46.035664715701522],[-123.9133522952972,46.035611345663114],[-123.91335221624546,46.035608622936032],[-123.91335213988863,46.035605900832458],[-123.91335205993859,46.035603178105113],[-123.91335198088684,46.035600455377633],[-123.91335190003848,46.035597733273612],[-123.91335182008841,46.035595011169498],[-123.91335173834172,46.035592288441613],[-123.91335165569672,46.0355895657136],[-123.91335157395001,46.035586843609089],[-123.91335148950837,46.035584120880806],[-123.91335140506673,46.035581398152388],[-123.91335131972679,46.035578677294687],[-123.91335123348853,46.03557595394237],[-123.91335114725027,46.035573231213554],[-123.91335106101199,46.035570509731855],[-123.9133509738754,46.035567787002776],[-123.91335088494218,46.035565064897135],[-123.91335079600898,46.035562342167779],[-123.91335070797409,46.035559619438288],[-123.91335061724423,46.035556897332306],[-123.91335052471774,46.035554174602545],[-123.9133504330896,46.035551453743501],[-123.91335034056313,46.035548731013478],[-123.91335024803664,46.035546008906955],[-123.91335015551019,46.035543286176654],[-123.91335006028875,46.035540564693449],[-123.91334996596566,46.035537842586514],[-123.91334986984592,46.035535119855822],[-123.91334977462451,46.035532397748625],[-123.91334967670814,46.035529675017656],[-123.91334957969006,46.035526953533775],[-123.91334947997709,46.035524230802544],[-123.91334938026408,46.035521508071177],[-123.91334928144941,46.035518785963305],[-123.91334918083811,46.035516064478891],[-123.91334908022678,46.035513342370756],[-123.91334897871714,46.035510620262485],[-123.9133488763092,46.03550789815408],[-123.91334877300295,46.035505176669126],[-123.91334866969672,46.035502454560451],[-123.91334856549211,46.035499731828004],[-123.91334845859261,46.03549701034266],[-123.91334835348972,46.035494287609943],[-123.91334824748851,46.035491566124378],[-123.91334814058899,46.035488844014978],[-123.91334803279116,46.035486122529129],[-123.91334792409502,46.035483399795886],[-123.91334781450054,46.035480677686145],[-123.9133477058044,46.035477956199855],[-123.91334759620995,46.035475233466208],[-123.91334748392053,46.035472511979691],[-123.91334737342773,46.035469790492989],[-123.91334725844341,46.035467068382573],[-123.91334714615397,46.035464346895608],[-123.91334703206793,46.035461624161293],[-123.91334691708357,46.035458902674108],[-123.91334680299754,46.035456181186738],[-123.91334668711487,46.035453459075647],[-123.91334657033389,46.035450736340799],[-123.9133464535529,46.035448014853031],[-123.91334633677191,46.035445293988808],[-123.91334621819429,46.03544257250077],[-123.91334609782004,46.035439849765389],[-123.91334597654748,46.035437128277124],[-123.91334585707155,46.035434406788688],[-123.91334573579901,46.035431685300161],[-123.9133456136281,46.035428963187819],[-123.91334549145722,46.035426241699014],[-123.91334536928633,46.035423520210045],[-123.91334524531885,46.035420797473719],[-123.91334512045302,46.035418077231746],[-123.9133449955872,46.035415355742415],[-123.91334486892472,46.035412633005684],[-123.91334474316061,46.035409911516034],[-123.91334461559981,46.035407190649934],[-123.91334448624242,46.035404467912805],[-123.91334435778333,46.035401746422757],[-123.91334422842593,46.035399026179846],[-123.91334409906854,46.035396303442305],[-123.91334396881282,46.035393582575487],[-123.91334383676046,46.035390861084963],[-123.91334370560645,46.035388138970653],[-123.91334357265578,46.035385418103438],[-123.91334344060346,46.035382696612437],[-123.91334330585615,46.03537997512138],[-123.91334317110883,46.035377253630116],[-123.91334303546324,46.035374532138775],[-123.91334290071595,46.035371810647256],[-123.91334276237541,46.035369089779287],[-123.91334262493315,46.035366368287498],[-123.91334248659258,46.035363646795616],[-123.91334234915035,46.03536092655083],[-123.91334220991148,46.035358203811406],[-123.91334206887599,46.035355483566349],[-123.91334192873882,46.035352762073892],[-123.91334178680499,46.035350040581349],[-123.91334164487118,46.035347319712251],[-123.9133415038357,46.035344598219396],[-123.91334135920691,46.035341876726449],[-123.91334121637479,46.035339155856946],[-123.91334107084772,46.035336434987315],[-123.91334092442231,46.035333713493962],[-123.91334077799694,46.035330992000439],[-123.91334063246987,46.035328271754082],[-123.91334048424783,46.035325550260289],[-123.91334033692415,46.035322829389983],[-123.9133401878038,46.035320108519592],[-123.91334003778515,46.035317387025401],[-123.91333988866481,46.035314665531104],[-123.91333973774785,46.035311945283901],[-123.91333958683086,46.035309224412941],[-123.91333943501559,46.035306502918196],[-123.91333928140367,46.035303782670596],[-123.91333912779176,46.035301061175637],[-123.91333897507816,46.035298340927767],[-123.91333882056793,46.035295619432496],[-123.91333866426108,46.035292899184405],[-123.91333850705588,46.035290177688857],[-123.91333834985073,46.035287457440461],[-123.91333819264553,46.035284736568279],[-123.91333803544038,46.035282015696019],[-123.91333787554025,46.035279294823582],[-123.91333771653845,46.035276573327366],[-123.91333755663833,46.035273853078287],[-123.91333739583986,46.035271132205494],[-123.91333723504145,46.03526841133251],[-123.91333707244638,46.035265690459397],[-123.91333690985131,46.035262970833415],[-123.91333674635793,46.035260249336453],[-123.91333658106794,46.035257529086572],[-123.91333641757453,46.035254808836562],[-123.91333625138621,46.035252087339138],[-123.91333608519788,46.035249367712495],[-123.91333591811126,46.035246646838445],[-123.91333574922795,46.035243925964302],[-123.91333558214133,46.035241205089989],[-123.91333541325805,46.035238485462813],[-123.91333524257814,46.035235764588222],[-123.91333507279657,46.035233043713504],[-123.91333490301497,46.035230324709552],[-123.91333473143675,46.035227603210927],[-123.9133345580619,46.03522488295944],[-123.91333438558536,46.035222162707818],[-123.91333421131219,46.035219442456061],[-123.91333403793735,46.035216722204183],[-123.91333386366418,46.035214001952205],[-123.91333368669608,46.03521128170005],[-123.91333351152458,46.03520856144776],[-123.91333333455648,46.035205840571699],[-123.91333315669007,46.035203120319146],[-123.91333297882363,46.035200400066444],[-123.91333280005888,46.035197679813621],[-123.91333262039583,46.035194960807942],[-123.91333243983445,46.035192239307577],[-123.91333225837477,46.035189520301614],[-123.91333207781341,46.035186800048251],[-123.91333189365876,46.03518407979476],[-123.91333171040245,46.035181360164763],[-123.91333152714614,46.035178639287366],[-123.9133313429915,46.0351759196571],[-123.91333115704023,46.035173200650298],[-123.91333097288559,46.035170479148903],[-123.91333078603604,46.035167760141832],[-123.91333059918644,46.03516503988741],[-123.91333041054024,46.035162319632832],[-123.91333022279234,46.035159600625413],[-123.91333003414611,46.035156880370579],[-123.91332984460159,46.035154160739246],[-123.91332965415876,46.035151441731415],[-123.91332946281761,46.03514872085254],[-123.91332927057815,46.035146001220809],[-123.91329194198481,46.034617344924563],[-123.91320203769287,46.033344108820181],[-123.91320184455509,46.033341382239549],[-123.91320165231562,46.033338655658753],[-123.91320145738121,46.033335929701458],[-123.91320126154847,46.033333203120385],[-123.91320106661405,46.03333047653922],[-123.91320087078132,46.03332774995787],[-123.91320067405027,46.03332502400005],[-123.9132004755226,46.033322297418437],[-123.91320027789324,46.033319570836738],[-123.91320007936555,46.033316844254841],[-123.91319987993957,46.033314118296488],[-123.91319967781862,46.033311392337993],[-123.91319947839263,46.033308666379362],[-123.91319927717002,46.033305939796982],[-123.91319907415077,46.033303213214424],[-123.91319887023319,46.033300487255396],[-123.91319866631562,46.033297760672575],[-123.91319846329637,46.033295034089655],[-123.91319825937879,46.033292308130221],[-123.91319805096964,46.033289581546988],[-123.91319784615376,46.033286856834593],[-123.91319763954125,46.033284130874755],[-123.91319743203042,46.033281404291124],[-123.91319722272297,46.033278677707358],[-123.91319701431379,46.033275951747164],[-123.91319680410803,46.033273226410394],[-123.91319659480057,46.033270499826266],[-123.91319638189982,46.033267774489282],[-123.91319616989743,46.033265047904841],[-123.91319595879334,46.03326232256758],[-123.91319574589262,46.033259596606527],[-123.91319553119527,46.033256870021695],[-123.91319531739624,46.033254145931345],[-123.91319510180058,46.033251419346236],[-123.91319488620491,46.0332486940083],[-123.91319467060923,46.033245968046572],[-123.91319445321695,46.033243242084723],[-123.91319423492631,46.033240516746382],[-123.91319401663571,46.033237790784263],[-123.91319379744677,46.033235065445652],[-123.91319357646121,46.033232340106913],[-123.91319335637398,46.033229614768047],[-123.91319313538841,46.03322688880538],[-123.91319291530117,46.033224163466194],[-123.91319269072235,46.033221438126922],[-123.91319246883847,46.033218712787516],[-123.91319224425965,46.033215986200695],[-123.91319201968084,46.033213262108291],[-123.91319179510201,46.033210536768472],[-123.91319156782824,46.033207810181217],[-123.91319134235111,46.033205086088451],[-123.91319111507735,46.033202360748184],[-123.91319088780357,46.033199634784175],[-123.91319065783486,46.033196910067353],[-123.91319042876447,46.033194184726739],[-123.91319019879576,46.033191459385982],[-123.91318996882703,46.033188734668705],[-123.91318973796,46.033186009327686],[-123.91318950439802,46.033183284610189],[-123.91318927263268,46.033180558645235],[-123.91318903907072,46.033177834551083],[-123.91318880550877,46.033175109209523],[-123.91318857015014,46.033172384491486],[-123.91318833389322,46.033169659773321],[-123.91318809943293,46.033166933184042],[-123.9131878622777,46.033164209089207],[-123.91318762602077,46.03316148374698],[-123.91318738617059,46.033158759651933],[-123.91318714811703,46.033156035556708],[-123.91318690826685,46.033153310214075],[-123.91318666931498,46.033150586118573],[-123.91318642856649,46.033147860775678],[-123.91318618602138,46.033145136679948],[-123.91318594437458,46.033142411336733],[-123.91318570182943,46.033139687240741],[-123.91318545928431,46.033136961897306],[-123.91318521584085,46.033134237801001],[-123.91318496880417,46.033131513080946],[-123.9131847235641,46.033128788360713],[-123.91318447832403,46.03312606426406],[-123.9131842312873,46.033123339543558],[-123.91318398425062,46.033120615446627],[-123.91318373541726,46.033117891349519],[-123.91318348658395,46.033115167252326],[-123.91318323685229,46.033112441907676],[-123.91318298712065,46.033109717810163],[-123.91318273649068,46.033106993712522],[-123.91318248406408,46.033104269614775],[-123.91318223163749,46.033101545516864],[-123.91318197921092,46.033098820795203],[-123.91318172588599,46.033096096697015],[-123.91318147166275,46.033093372598742],[-123.91318121654123,46.033090648500291],[-123.91318096141967,46.033087924401705],[-123.91318070539984,46.033085200926692],[-123.91318044848165,46.033082476827836],[-123.91318019066514,46.033079752105245],[-123.91317993284869,46.033077028629776],[-123.91317967323556,46.033074304530516],[-123.91317941362246,46.033071580431162],[-123.91317915400933,46.033068856955303],[-123.9131788934979,46.033066132855645],[-123.91317863208816,46.033063410003166],[-123.91317836888177,46.033060685903287],[-123.9131781056754,46.033057962426881],[-123.91317784246901,46.033055238326682],[-123.91317757836433,46.033052514226405],[-123.91317731336132,46.033049790125929],[-123.91317704835832,46.033047067272648],[-123.91317677976205,46.033044343171916],[-123.91317651386071,46.033041619694757],[-123.91317624616276,46.033038897464685],[-123.91317597846481,46.033036173363591],[-123.9131757089702,46.033033450509642],[-123.91317544037393,46.033030726408242],[-123.91317516818441,46.033028002930358],[-123.9131748968932,46.033025280076011],[-123.91317462650029,46.033022557221514],[-123.91317435431077,46.033019833119624],[-123.91317408212122,46.0330171096412],[-123.91317380813508,46.033014386786313],[-123.91317353235226,46.033011663307626],[-123.91317325746782,46.033008940452468],[-123.91317298258333,46.033006217597176],[-123.91317270590223,46.033003494118091],[-123.91317242832281,46.033000771886194],[-123.91317215074335,46.032998048406839],[-123.91317187136733,46.032995324927349],[-123.91317159199127,46.032992602071381],[-123.91317131261522,46.032989879838944],[-123.91317103234084,46.032987156982713],[-123.91317075206649,46.032984433502683],[-123.91317046999549,46.032981711269848],[-123.91317018792446,46.032978988413213],[-123.91316990315853,46.032976265556435],[-123.9131696192909,46.032973543323159],[-123.91316933542326,46.032970820466112],[-123.91316904975902,46.032968098232608],[-123.91316876499307,46.032965375375305],[-123.91316847843049,46.032962653141524],[-123.91316819186794,46.032959930283951],[-123.91316790261038,46.032957206802585],[-123.91316761425119,46.032954485192022],[-123.91316732499367,46.032951762957701],[-123.91316703573614,46.032949040099588],[-123.91316674558028,46.032946317865012],[-123.91316645362784,46.032943595006628],[-123.91316616167538,46.03294087339539],[-123.91316586792627,46.032938150536744],[-123.9131655750755,46.032935428925285],[-123.91316528222471,46.032932706689991],[-123.91316498757729,46.03292998383094],[-123.91316469203157,46.032927262219083],[-123.91316439648583,46.032924540607034],[-123.9131641000418,46.032921817747592],[-123.91316380269944,46.032919095511666],[-123.91316350356044,46.032916374522884],[-123.91316320531978,46.032913652286695],[-123.91316290618077,46.032910930673978],[-123.91316260524516,46.032908208437519],[-123.91316230610619,46.032905486200924],[-123.91316200427225,46.03290276458781],[-123.91316170243827,46.032900043598268],[-123.91316139970607,46.032897321361233],[-123.91316109517716,46.032894600371421],[-123.91316079064829,46.032891878134109],[-123.91316048611941,46.032889157144041],[-123.91316018159054,46.032886435530116],[-123.91315987616332,46.032883713292449],[-123.91315956893951,46.032880991054654],[-123.91315926171568,46.032878271311276],[-123.91315895449183,46.032875549073196],[-123.91315864457306,46.032872828082276],[-123.91315833465431,46.032870106467612],[-123.91315802563383,46.032867385476415],[-123.91315771391844,46.032864663237802],[-123.91315740310135,46.032861942246342],[-123.91315709048763,46.032859221254796],[-123.91315677877223,46.032856499639401],[-123.9131564652602,46.032853779271193],[-123.91315615174817,46.032851058279199],[-123.9131558364395,46.032848336663456],[-123.91315552023252,46.032845615671185],[-123.91315520312723,46.032842895302458],[-123.91315488692024,46.032840174309918],[-123.91315456891664,46.032837452693634],[-123.91315425181133,46.032834731700838],[-123.91315393290941,46.032832011331557],[-123.91315361310916,46.032829290338547],[-123.91315329330892,46.032826570592619],[-123.91315297261036,46.03282384897566],[-123.9131526510135,46.032821127982189],[-123.91315232851832,46.032818407612254],[-123.91315200602313,46.032815686618513],[-123.91315168262965,46.032812966871965],[-123.91315135743947,46.032810245878004],[-123.91315103224936,46.032807526131144],[-123.91315070705923,46.032804805760534],[-123.91315038097078,46.032802084766168],[-123.913150053984,46.032799365018953],[-123.91314972699726,46.032796644024273],[-123.91314939821385,46.032793924276788],[-123.91314906853216,46.032791203905504],[-123.91314873974873,46.032788483534098],[-123.91314840916873,46.032785763162543],[-123.913148079487,46.032783043414526],[-123.91314774711036,46.032780323666323],[-123.91314741563201,46.032777603294377],[-123.91314708145875,46.03277488292229],[-123.91314674728544,46.032772162550124],[-123.91314641311217,46.032769442801381],[-123.91314607893887,46.032766723676218],[-123.91314574296896,46.032764003927262],[-123.91314540610075,46.032761284178179],[-123.9131450692325,46.032758563805288],[-123.91314473146596,46.032755844055878],[-123.91314439280109,46.032753124930053],[-123.91314405503455,46.032750405180423],[-123.91314371457304,46.032747685430664],[-123.91314337500988,46.032744965680727],[-123.91314303454837,46.032742246554371],[-123.91314269229028,46.032739526804193],[-123.91314235003213,46.032736807053901],[-123.9131420068757,46.032734087927089],[-123.91314166371927,46.032731368800192],[-123.91314131876618,46.032728649673111],[-123.9131409729148,46.032725929922279],[-123.91314062706343,46.032723210171319],[-123.91314028031373,46.032720492291162],[-123.9131399326657,46.032717772539932],[-123.91313958591603,46.032715053412225],[-123.91313923736968,46.032712334284348],[-123.91313888792503,46.032709615780043],[-123.91313853758207,46.032706896028223],[-123.91313818813744,46.032704177523648],[-123.91313783689615,46.032701457771616],[-123.91313748475658,46.032698739890392],[-123.91313713261698,46.03269602013809],[-123.91313678047739,46.032693302256604],[-123.91313642564283,46.032690583127646],[-123.9131360717066,46.032687864622268],[-123.91313571687209,46.032685146740377],[-123.9131353602409,46.032682426987407],[-123.91313500450805,46.032679709105253],[-123.91313464697859,46.032676991222957],[-123.9131342894491,46.032674272093246],[-123.91313393012298,46.032671552963357],[-123.91313357169518,46.032668835080663],[-123.91313321147075,46.032666117197834],[-123.91313285034801,46.032663398691255],[-123.91313248922525,46.032660679560827],[-123.91313212720419,46.0326579616776],[-123.91313176518315,46.032655243794288],[-123.91313140226377,46.032652525910791],[-123.91313103844608,46.032649808027159],[-123.91313067283174,46.032647089519735],[-123.91313030811577,46.032644371635833],[-123.91312994250143,46.032641653751845],[-123.91312957598879,46.032638935867688],[-123.91312920857786,46.032636217983388],[-123.91312884026858,46.03263350009896],[-123.91312847106099,46.03263078221439],[-123.91312810185342,46.03262806495335],[-123.91312773354414,46.032625347068524],[-123.91312736164161,46.032622629807221],[-123.91312699063741,46.032619911922126],[-123.91312661783658,46.032617194660553],[-123.91312624593404,46.03261447677518],[-123.91312587223487,46.032611758889686],[-123.91312549943405,46.032609042251373],[-123.91312512393824,46.032606324365602],[-123.91312474754415,46.032603606479704],[-123.91312437204837,46.032600889841],[-123.91312399565426,46.032598171954831],[-123.91312361836185,46.032595455939521],[-123.9131232401711,46.032592738053083],[-123.91312286108206,46.032590021413803],[-123.91312248199299,46.032587304150759],[-123.91312210200563,46.032584586887587],[-123.91312172201827,46.03258187087161],[-123.91312133933594,46.032579153608175],[-123.91312095755197,46.032576436344605],[-123.91312057576798,46.032573719080851],[-123.91312019218735,46.032571003064334],[-123.9131198077084,46.032568286424024],[-123.91311942322946,46.032565568536263],[-123.91311903695389,46.032562852519298],[-123.91311865247494,46.03256013587859],[-123.91311826530105,46.032557419237747],[-123.91311787812717,46.032554703220391],[-123.91311749005496,46.032551986579286],[-123.91311710108442,46.03254927056166],[-123.91311671121562,46.032546553920284],[-123.91311632134679,46.032543837902388],[-123.91311593057964,46.032541121260749],[-123.91311553981247,46.032538404618975],[-123.91311514724872,46.032535689224346],[-123.91311475378663,46.032532973829582],[-123.91311436122282,46.032530256563739],[-123.91311396686244,46.032527541168719],[-123.9131135716037,46.032524825149935],[-123.91311317634496,46.03252210913098],[-123.91311278018794,46.032519392488268],[-123.91311238313259,46.032516677716373],[-123.91311198517892,46.032513961697013],[-123.91311158632692,46.032511245053897],[-123.91311118927156,46.032508530281611],[-123.91311079041958,46.032505813638231],[-123.91311038887264,46.032503098242003],[-123.91310998912236,46.032500383469305],[-123.91310958757542,46.032497668072814],[-123.91310918513017,46.032494952052566],[-123.9131087817866,46.032492236032141],[-123.91310837844303,46.03248952125891],[-123.91310797420117,46.032486806485551],[-123.91310756906097,46.032484090464727],[-123.91310716212413,46.032481375067476],[-123.91310675698396,46.032478660293719],[-123.91310635094545,46.03247594551982],[-123.9131059431103,46.032473230122122],[-123.91310553527518,46.03247051534796],[-123.9131051256434,46.03246780057367],[-123.91310471690996,46.032465085175573],[-123.91310430637984,46.032462370401021],[-123.91310389495145,46.032459655626319],[-123.91310348262475,46.032456940851489],[-123.91310307119635,46.032454225452859],[-123.91310265707298,46.03245151067776],[-123.91310224384796,46.032448797149875],[-123.91310183062295,46.032446082374513],[-123.91310141560128,46.032443367599015],[-123.912943889728,46.031413644197244],[-123.91262771149408,46.031417338181768],[-123.91265619617343,46.03160353825735],[-123.91273315304718,46.032111424951026],[-123.91281429427353,46.032646927369704],[-123.91283200096611,46.032783310961378],[-123.91283233244442,46.032786008881558],[-123.91283266482107,46.032788706801597],[-123.91283299629944,46.032791404721507],[-123.91283332777776,46.032794102017675],[-123.91283365656118,46.032796799313665],[-123.91283398803949,46.032799496609563],[-123.91283431502629,46.032802194528948],[-123.91283464380965,46.032804892448205],[-123.91283497169474,46.032807590367327],[-123.91283529778319,46.032810288286328],[-123.91283562387164,46.03281298620518],[-123.91283594996007,46.032815685371233],[-123.9128362742519,46.032818383913494],[-123.91283659854372,46.032821081208297],[-123.91283692193723,46.032823779750288],[-123.91283724353407,46.032826477044829],[-123.91283756602927,46.032829175586564],[-123.91283788852446,46.032831874128163],[-123.9128382083247,46.032834571422356],[-123.91283852812495,46.032837271210965],[-123.91283884702688,46.032839969128503],[-123.9128391659288,46.032842667669584],[-123.91283948393242,46.032845365586859],[-123.91283980103772,46.03284806412767],[-123.91284011814298,46.032850763292011],[-123.91284043434996,46.032853461832552],[-123.91284074965866,46.032856160372972],[-123.912841064069,46.032858857665921],[-123.91284137758103,46.032861557453359],[-123.91284169109306,46.032864255993374],[-123.91284200370679,46.032866953909597],[-123.91284231632051,46.032869653696679],[-123.91284262623927,46.032872352236303],[-123.91284293705635,46.032875051399458],[-123.91284324787344,46.032877749938763],[-123.91284355689392,46.032880448477989],[-123.91284386501606,46.032883148264418],[-123.9128441731382,46.032885846803381],[-123.91284448036205,46.032888545965832],[-123.91284478668756,46.032891245751848],[-123.91284509391134,46.032893944914086],[-123.91284539754193,46.032896643452474],[-123.91284570207081,46.032899343238107],[-123.912846007498,46.032902041776275],[-123.91284631023026,46.032904742185259],[-123.91284661296251,46.032907441346822],[-123.91284691479643,46.032910139884606],[-123.91284721483376,46.032912839669535],[-123.91284751666768,46.032915538830707],[-123.91284781580666,46.032918238615359],[-123.91284811494567,46.032920937776275],[-123.91284841408465,46.032923637560678],[-123.91284871142702,46.032926336721324],[-123.91284900966768,46.032929036505465],[-123.91284930611171,46.032931736913163],[-123.91284960075915,46.032934435449754],[-123.91284989720317,46.032937135857154],[-123.91285019095228,46.032939835640761],[-123.91285048380307,46.032942535424276],[-123.91285077755217,46.032945234583956],[-123.91285107040295,46.032947934367215],[-123.91285136235541,46.032950634773947],[-123.91285165251125,46.032953335180558],[-123.9128519426671,46.032956034963412],[-123.91285223372125,46.032958735369753],[-123.91285252297877,46.032961435152309],[-123.91285281133798,46.032964134311101],[-123.91285309879885,46.032966834717058],[-123.91285338625975,46.032969534499259],[-123.912853671924,46.032972234904946],[-123.91285395848658,46.032974935310492],[-123.91285424325253,46.032977635092287],[-123.91285452801847,46.032980335497577],[-123.91285481188611,46.032983036526396],[-123.91285509485543,46.03298573568415],[-123.91285537692643,46.032988436712692],[-123.91285565809909,46.032991137117449],[-123.9128559401701,46.0329938387694],[-123.91285622044447,46.032996539173894],[-123.91285649982052,46.032999238954595],[-123.91285677829826,46.033001939358833],[-123.91289975549809,46.033529128082833],[-123.91294425444399,46.034159389693031],[-123.91301901134362,46.035220924812442],[-123.91303336732018,46.035497058985143],[-123.91307214130279,46.036840502923148],[-123.91310378266205,46.038116306245108],[-123.91312760149182,46.038794872671687],[-123.91308817802725,46.038793914222225],[-123.91311305058082,46.039557873612821],[-123.91317227830416,46.040741323891268],[-123.91318043860018,46.040878457604691],[-123.91328732554258,46.042667940923991],[-123.91331876028933,46.043181432525749],[-123.91332299764251,46.043249978314215],[-123.9133484819488,46.043644150956489],[-123.91337249301803,46.043961817911274],[-123.91338581503371,46.044098875666919],[-123.91344862074679,46.044748365719009],[-123.91349381948031,46.045209065810582],[-123.9135303243185,46.045578579080093],[-123.91293963081523,46.04557999070213],[-123.91264428810601,46.045580694019129],[-123.91234894090522,46.045581399206633],[-123.91205358831454,46.045582092547463],[-123.91175824291037,46.045582793993937],[-123.91126594457509,46.045583958083249],[-123.91100605028529,46.045584574732572],[-123.91042078709791,46.045585959543637],[-123.91030264785827,46.045586240122205],[-123.91030415882457,46.045220812154923],[-123.91030630489979,46.04475993944704],[-123.91030796768139,46.044402392311291],[-123.91030964214106,46.04404232257211],[-123.91030672081976,46.043655535362824],[-123.91030609469401,46.043572886440096],[-123.91031058806706,46.043192097468122],[-123.91031892533123,46.042811209846498],[-123.91032047312846,46.042503450605416],[-123.91032058092627,46.042482846256711],[-123.91032224370787,46.042155563192232],[-123.91031501586308,46.041659164848724],[-123.91030446155683,46.041280656750814],[-123.910286816848,46.040475707416569],[-123.91025678796471,46.039403358138038],[-123.91018368576182,46.036632813470277],[-123.91017276494291,46.036221516891935],[-123.91017057844353,46.03613925970334],[-123.91015443032795,46.035531340086749],[-123.91014716834721,46.035257904508491],[-123.9101398758237,46.034983380594426],[-123.91013258509686,46.034708986279043],[-123.91011765060529,46.034187483279325],[-123.91023259633411,46.034076183376392],[-123.91021767711388,46.033555274350356],[-123.91009960524786,46.033556915156851],[-123.91008709620752,46.033119816552784],[-123.91008451624603,46.033029605709885],[-123.90996723579582,46.033030768192774],[-123.90994314477651,46.032139164716078],[-123.91005901038017,46.032138016558612],[-123.91004049879712,46.031491943769097],[-123.91004147706245,46.03144752556635],[-123.90992704337334,46.031448860214724],[-123.90560705415518,46.031483101418161],[-123.90566680290135,46.02436462483103],[-123.89980828975732,46.024487762407766],[-123.89979589749798,46.023670168822491],[-123.90565326439172,46.023555568651993],[-123.90561818607817,46.019707447117305],[-123.90420129583842,46.019704504652978],[-123.90412858350437,46.016770359350623],[-123.90744794202251,46.01674516584653],[-123.90741961365003,46.012972559695513],[-123.90712997344623,46.012969414736958],[-123.90706037377464,46.010611935694506],[-123.90853646748323,46.0105944651729],[-123.90875124029459,46.010603614081823],[-123.90876318429461,46.010315156939427],[-123.90807292152525,46.010309616654908],[-123.90813199563665,46.009067654284834],[-123.91162481883616,46.009072981313203],[-123.91168113871291,46.008762932186457],[-123.91181114739238,46.008453766050138],[-123.91195727094977,46.00828928744901],[-123.91214157200839,46.008144280605244],[-123.91247591777062,46.008025933365623],[-123.91297462468712,46.007923400077402],[-123.91338042334537,46.007880631334871],[-123.91362769001721,46.007801024245921],[-123.91368650361717,46.007664867275807],[-123.91364714393302,46.007500274020074],[-123.91345265597906,46.00735581854201],[-123.91313463799543,46.007246224125325],[-123.91287864149565,46.0071861436139],[-123.91268857235457,46.007109059371075],[-123.91248392265813,46.00691303764593],[-123.91241408762795,46.006739174056726],[-123.91242786329282,46.006593895475689],[-123.91252926512209,46.006432358258635],[-123.91264335206149,46.00635139885631],[-123.91291772539702,46.006224633788385],[-123.91324550537284,46.006121838844628],[-123.91365197237766,46.005965177081237],[-123.91384773593931,46.005887062857759],[-123.91405526293961,46.005761958323951],[-123.91421506783878,46.005576224659436],[-123.9142900358425,46.005341365865831],[-123.91432025516866,46.005102315528475],[-123.91433458329743,46.00434649320804],[-123.91437017724394,46.004105091798216],[-123.91434080862236,46.003738529682956],[-123.91427818796222,46.003434945076357],[-123.9142938806319,46.003196589109436],[-123.91434203122945,46.003084916062278],[-123.91405813934516,46.003087134961611],[-123.91396126053334,46.003087209840068],[-123.91397728647803,46.002918433467336],[-123.91358379024759,46.002919378187151],[-123.91356782359175,46.003087519337853],[-123.9124739648332,46.003088364216779],[-123.91246706577182,46.002926865434326],[-123.91215227184173,46.002927101926247],[-123.91184558520712,46.002927334674204],[-123.9118560038678,46.002817641005336],[-123.91224949291168,46.002817343361876],[-123.9122625166867,46.002680235641044],[-123.91227554135996,46.002543125708456],[-123.9118820541127,46.002543421481384],[-123.91189507878602,46.002406313081707],[-123.91190810345931,46.00226920309423],[-123.91230158980825,46.002268906071869],[-123.91231201116388,46.002159212345433],[-123.91211526664192,46.002159362104948],[-123.91191852122166,46.002159510616444],[-123.91193154679328,46.002022402513326],[-123.91194457146659,46.001885290950462],[-123.91195759703821,46.001748182167816],[-123.91197062081318,46.001611073669359],[-123.91181303295619,46.001611163525922],[-123.91176234282132,46.002207826126856],[-123.91170503389945,46.002811135904459],[-123.9116946116455,46.002920831458233],[-123.91167864319303,46.003088972604466],[-123.91171996389946,46.003088940781126],[-123.91172532863834,46.003124178585978],[-123.91133390751622,46.003124851243946],[-123.91133419767206,46.003207143834643],[-123.91073732465793,46.003207142586653],[-123.91073690963628,46.003089685822083],[-123.91010464838986,46.003090158804483],[-123.91000985816109,46.003090229315085],[-123.90994689164957,46.003090276114143],[-123.91025733683531,45.99982310154337],[-123.90879464958408,45.999824264100504],[-123.90879460646495,45.999091564339217],[-123.90843365889222,45.999092376205439],[-123.90845426085494,46.000178283136627],[-123.9085769150272,46.004997606043858],[-123.90819779812954,46.008685167567833],[-123.90658388219514,46.008642415012396],[-123.90661256450385,46.009315490958343],[-123.90649477740378,46.009321369505514],[-123.90648763849221,46.010060787429637],[-123.90624442951051,46.010070017534986],[-123.90623353204781,46.010012710247992],[-123.90567518058971,46.010013492006316],[-123.90569025072689,46.010292935902967],[-123.90196273726951,46.010255797253869],[-123.90176604934143,46.010252697686035],[-123.901722953564,46.010256413049639],[-123.90167201010424,46.010260628162115],[-123.90162121396817,46.010267308952507],[-123.90157099005894,46.010276991355461],[-123.90152461453242,46.010291776061436],[-123.90147840249924,46.01030929971067],[-123.90143613586682,46.010326983698107],[-123.90139378928433,46.010349883530068],[-123.90137855206048,46.010358555191829],[-123.9013597107957,46.010372818915151],[-123.90133692323188,46.010386922915082],[-123.90131824366389,46.010403926197483],[-123.90129956499419,46.010420928850735],[-123.90128087105312,46.010437657604747],[-123.9012661243094,46.010454546697027],[-123.90125114669867,46.01047418657739],[-123.90123656255005,46.010493815220514],[-123.90123310313787,46.010501872938413],[-123.9012186815843,46.010524241132138],[-123.90120468223893,46.010560315846163],[-123.90113599345904,46.010742848384979],[-123.90094165193047,46.011295597630252],[-123.90092770199242,46.011325908304244],[-123.90090616578181,46.011367689254222],[-123.90088861000622,46.011403592471254],[-123.90086337273661,46.011442735542325],[-123.90083363221251,46.01147899058617],[-123.90080823055119,46.011515394716525],[-123.90077439460774,46.011549024999312],[-123.90074850516122,46.011577211183365],[-123.90070359388859,46.011616649232067],[-123.90066605688614,46.011647641642838],[-123.90063175022543,46.01167332722332],[-123.90058635026929,46.011704546698354],[-123.90054080388776,46.011733300542964],[-123.9004950787415,46.01175904223377],[-123.90044919010182,46.011782043790625],[-123.90039168624553,46.011808399365528],[-123.90034547241576,46.011825923158149],[-123.90029155822735,46.011846412287817],[-123.90024519707386,46.01186147108519],[-123.90017932541069,46.011879561351527],[-123.90013671562183,46.011891492588902],[-123.90007053493821,46.011904378996164],[-123.90001203754522,46.011914025550929],[-123.89996124140919,46.011920705517696],[-123.89989905822856,46.011927988783107],[-123.8995391715662,46.011961975054646],[-123.89954698421421,46.012398030011354],[-123.89405788975604,46.012427937677273],[-123.8940307866856,46.010385885984853],[-123.89540783304926,46.010922135422618],[-123.895337701575,46.00991357845885],[-123.89399822095993,46.009266763006579],[-123.89396563636961,46.007410902992632],[-123.8994801270992,46.007432112534921],[-123.89942271576939,46.000359668044943],[-123.90432561189397,46.000409537682962],[-123.90431838315087,46.000056601555912],[-123.90425511211043,45.997346872451104],[-123.90486278287432,45.997343294759972],[-123.9048468485578,45.99548857556583],[-123.90469881248717,45.985915386654781],[-123.90766549601801,45.985928023198973],[-123.90768579075691,45.984791980422656],[-123.90772916501209,45.982363840409732],[-123.90890923059689,45.982368608834534],[-123.91368246030008,45.982345512650802],[-123.91369492711958,45.983215710896388],[-123.91370935226644,45.984223320161945],[-123.91338485203971,45.984225955534889],[-123.91328027286927,45.984226807567985],[-123.91327864332536,45.984336398271303],[-123.91386605618121,45.984333734190493],[-123.91386236859698,45.984182297713481],[-123.91384793446701,45.983207023744249],[-123.91503138400543,45.983197106269486],[-123.91525977527654,45.983132286214811],[-123.91525332177955,45.982696407562294],[-123.91524794715919,45.982334003881228],[-123.92033381034423,45.982284918206332],[-123.92027403464857,45.978627767892576],[-123.92024617968823,45.976915736353241],[-123.92023161979411,45.976020868810025],[-123.9202170590017,45.975126003037545],[-123.92019941429287,45.97272439517301],[-123.92230554501921,45.972714416509206],[-123.92230480031586,45.973266921359908],[-123.92560854162278,45.973269037192765],[-123.92578509740703,45.973269143952102],[-123.92578259649727,45.973953866671117],[-123.92570393731606,45.973953730570223],[-123.92573701508144,45.974049155303774],[-123.92616731618737,45.974468402987341],[-123.92741830286552,45.975043777939902],[-123.92745126474824,45.975100116944084],[-123.92646026578467,45.977232473304639],[-123.92668476196069,45.977283193449729],[-123.92777544158145,45.974939174518681],[-123.92777173603091,45.97493999360659],[-123.92763361646271,45.974703919733514],[-123.92746220353345,45.974410933338],[-123.9272418485909,45.974179489615047],[-123.92720556024668,45.974117461549014],[-123.92672580418939,45.973297421435525],[-123.92651041693036,45.973139212061078],[-123.9263845944001,45.973139153998837],[-123.92604084058189,45.973138993547316],[-123.92604098970222,45.972987307935909],[-123.92604126548501,45.972704312353287],[-123.92618087086669,45.972704399759486],[-123.9263037325498,45.972704476552067],[-123.92642672808185,45.972704552720366],[-123.92642377711614,45.972696369002058],[-123.92642326687307,45.972696372123714],[-123.92635308239822,45.972500439511528],[-123.9262484852615,45.972210539411762],[-123.92614472176136,45.971863220443254],[-123.92602476882313,45.971865107197139],[-123.92590481768157,45.971866993951011],[-123.92558585377193,45.971872011142558],[-123.92476450973463,45.971884924976962],[-123.92474510702283,45.971638360373866],[-123.92474295016781,45.971610966112138],[-123.9247105479355,45.971199225797704],[-123.92544212422483,45.971179910996369],[-123.92569757454889,45.971173291042703],[-123.92581961427351,45.971178397578718],[-123.92594165130315,45.97118350536303],[-123.92608172111386,45.971182086846277],[-123.92606029719262,45.971029360704762],[-123.9260984234899,45.970835074228098],[-123.92616337707486,45.970711136029848],[-123.92608870551517,45.970074541338377],[-123.92586630151546,45.969547733503646],[-123.9256849325579,45.969358399309712],[-123.92557565699515,45.969138349209189],[-123.92549760597338,45.968977797797621],[-123.92541604343715,45.968804679771615],[-123.92531103038046,45.968662007639068],[-123.92525426763427,45.968512553153651],[-123.92522815181233,45.9683738894052],[-123.92520112689533,45.968265078800961],[-123.9252069964874,45.968126822778594],[-123.92515097305471,45.968013416855548],[-123.92512502072613,45.967848043806384],[-123.9250982221846,45.967677279309171],[-123.92508825178324,45.967551601992348],[-123.92508822483381,45.967355094223741],[-123.9250987710552,45.967026547811692],[-123.92511024972795,45.966913656010917],[-123.92511314948968,45.96688512800754],[-123.92512646521713,45.966800187662052],[-123.92514950161426,45.966577163376193],[-123.92525801181237,45.966423963729298],[-123.92525597443333,45.966326641412799],[-123.92525570583706,45.966313848040855],[-123.9253609865917,45.96620486792304],[-123.92536703135525,45.9661986101531],[-123.92505039138727,45.965456376927946],[-123.9250296915082,45.965410919736932],[-123.92481123380753,45.965413130156115],[-123.92434001983028,45.965418518208708],[-123.92432184421713,45.965357667339489],[-123.92425266316047,45.96512605590533],[-123.92367565638885,45.96339405777627],[-123.92384596618696,45.963392115783542],[-123.92382273395707,45.963328881090803],[-123.92381779412133,45.963247643821511],[-123.92380628939749,45.963147675802084],[-123.92378734662307,45.963059282824148],[-123.92378973075185,45.96296458036592],[-123.92376208599728,45.962866982213384],[-123.92379103420733,45.962807453606487],[-123.92380028236317,45.962691731350297],[-123.92376669255808,45.962630267404585],[-123.92380250299856,45.96254971787311],[-123.92387681523212,45.9624774945786],[-123.92397681568953,45.96247075306691],[-123.92417629378491,45.962493244959759],[-123.92452949249001,45.962499835353015],[-123.92482608206083,45.962557307370709],[-123.92489662855674,45.962557113792926],[-123.92498060666276,45.962554631001964],[-123.92509835693188,45.962571966825131],[-123.92526406376244,45.962574637572978],[-123.92530625763135,45.962554463650875],[-123.92532937397856,45.962532960903225],[-123.92541364852862,45.962490723450387],[-123.92552494440241,45.962491216762018],[-123.92558022403006,45.96246308550181],[-123.92567574458917,45.962382661865433],[-123.92569000803925,45.962360793125391],[-123.92576510719701,45.962245643179386],[-123.9257644837662,45.962190775413248],[-123.92577930866334,45.96212220218149],[-123.92580116287756,45.962079917581768],[-123.92582907263514,45.962003387463469],[-123.92581363957854,45.961928137989453],[-123.92575440466869,45.961846615164795],[-123.92567326973057,45.961761954342215],[-123.92561148989353,45.961727821087187],[-123.92549720622307,45.961678208215808],[-123.92541324608337,45.961591738713423],[-123.92530756827334,45.961460488051983],[-123.92524222661619,45.961367789243695],[-123.92518535697052,45.961280517451833],[-123.92514497141029,45.961196543294392],[-123.92513103494697,45.961145854626643],[-123.92512159544998,45.961079891597706],[-123.92513394279355,45.961015177413756],[-123.92514110146804,45.960954401639029],[-123.92513494531342,45.960897804080332],[-123.92515629018287,45.960802542778687],[-123.92518661371359,45.960765686267109],[-123.92521007142062,45.960748924386337],[-123.92523082609694,45.960734096468471],[-123.92524207210596,45.960695911049058],[-123.92524803422451,45.960570821752839],[-123.92524995661921,45.960468562726327],[-123.92524687180455,45.960328599304184],[-123.92523304852895,45.960279800113305],[-123.92519000395548,45.960241328997796],[-123.92513832297885,45.960150118138785],[-123.92513344961847,45.960025348589411],[-123.92515720646448,45.959969759855433],[-123.92520800170219,45.95986794871687],[-123.92520363678823,45.959796157810374],[-123.92520629580146,45.959792228610333],[-123.92525592592429,45.959718907014164],[-123.9253610620502,45.959662803403631],[-123.92541000136858,45.959619718220203],[-123.92546297951245,45.959553802083626],[-123.9255346237496,45.959527078779971],[-123.92562206216611,45.959492317795736],[-123.92574051312116,45.959432034938423],[-123.92587948159729,45.959352219517633],[-123.92594519964852,45.959272677504707],[-123.92605926592667,45.959229557046896],[-123.92621217266279,45.959200429954919],[-123.92638156348433,45.959174600115325],[-123.92648692688398,45.959122274076563],[-123.92665406742574,45.959104081007418],[-123.92676159935853,45.95917660345517],[-123.92684606614807,45.959316051468228],[-123.92689884845922,45.959380732041382],[-123.92696615922344,45.959416592180041],[-123.92703900360982,45.959454182727846],[-123.9270801446532,45.959505958287309],[-123.92715096872854,45.959554963613115],[-123.92727700415952,45.959619368512797],[-123.92736073433053,45.959702058638939],[-123.92744216301779,45.959746965355073],[-123.92755460424358,45.9597663484641],[-123.92769920695318,45.959779102132735],[-123.92782099065793,45.959773604872908],[-123.92790099012554,45.959750418083104],[-123.92805650556922,45.959630364935947],[-123.92807328160714,45.959593909183852],[-123.92818079198035,45.95944310071603],[-123.92818507245268,45.95933509438602],[-123.92819928200386,45.959122698725096],[-123.92817416061692,45.959066663204126],[-123.92815382275892,45.958920332110537],[-123.92814036599594,45.958823514311163],[-123.92814574690451,45.958688979154694],[-123.92813549892372,45.958609791523841],[-123.92810525444474,45.958514162835264],[-123.92805288176535,45.958411618367485],[-123.92803499630806,45.958392097396455],[-123.92795745193609,45.958140241344324],[-123.92794293246617,45.958047688733352],[-123.92792023653051,45.957918183887621],[-123.92793415951908,45.95780619341096],[-123.92791460409369,45.957728253516159],[-123.92785936399191,45.957696828102563],[-123.92778136058087,45.95758342580757],[-123.92777477772643,45.957426582299213],[-123.9277837626759,45.957306472907774],[-123.92777081795268,45.957191144465426],[-123.9276952714339,45.957069403977904],[-123.92763626739111,45.956976100794115],[-123.92756927193552,45.95689749962655],[-123.92747691434452,45.956840311510057],[-123.92735275549416,45.956771665458227],[-123.92726423460776,45.956728827206163],[-123.92717458543737,45.956667425966131],[-123.92709896974833,45.956593211554924],[-123.92690115982444,45.956555673398782],[-123.92681900260349,45.956471321119665],[-123.92676446318764,45.956402681480405],[-123.92668098184998,45.956345229308127],[-123.92659215643469,45.956248675550974],[-123.92654413339791,45.956165379486407],[-123.92650979349955,45.956087877568386],[-123.92646249450489,45.955992161466483],[-123.92642973204818,45.955891883084512],[-123.92641030508183,45.955816005785991],[-123.92640824434659,45.955733416029133],[-123.9264291400584,45.955687339453526],[-123.92643657721062,45.955614799323932],[-123.92643394155358,45.955571486164565],[-123.92645563586768,45.955465463896012],[-123.92647710560297,45.955380110717002],[-123.92656092740215,45.955297045046009],[-123.92659485317716,45.955221655313217],[-123.9266201569221,45.955150653410747],[-123.92666994245344,45.955043800337968],[-123.92672740049565,45.954965647964727],[-123.92688682181419,45.954834886853106],[-123.92703488932584,45.954687932541731],[-123.92709173831027,45.954628095370936],[-123.92713790183443,45.954579503501229],[-123.92719724094883,45.95453228868827],[-123.92728483926545,45.954413983553792],[-123.927323798301,45.954323981574326],[-123.92745654863873,45.954144418101535],[-123.92749540616467,45.954090804507942],[-123.92753307072789,45.954038839024562],[-123.92759676038324,45.953917110347973],[-123.92766699157045,45.953805518362614],[-123.92770707978831,45.953734077465086],[-123.92776824427938,45.953668212409646],[-123.92779838724876,45.953628061049457],[-123.92780745394489,45.953582334342407],[-123.92778386777881,45.953535508396627],[-123.92772976314755,45.953522645868972],[-123.92772802131422,45.953513293913268],[-123.92927362755779,45.953531403879751],[-123.92928275354275,45.952963792859336],[-123.92888092543805,45.952786632637036],[-123.9270391132043,45.951974572805263],[-123.92685495587612,45.951926588183561],[-123.92684346372867,45.95200279558042],[-123.92680436904753,45.951999925711817],[-123.92694280212774,45.951081948612618],[-123.92694320636963,45.951079249204973],[-123.92694360252665,45.951076549172654],[-123.92694398970055,45.951073849764747],[-123.92694436878962,45.951071147858364],[-123.92694474248876,45.951068446576485],[-123.92694510900138,45.951065745294471],[-123.92694546473426,45.951063042138571],[-123.92694581597553,45.95106034023172],[-123.92694615823365,45.951057636450976],[-123.92694649330524,45.951054933919302],[-123.92694682119033,45.951052228889175],[-123.92694714009225,45.951049524483444],[-123.92694745360428,45.951046819453055],[-123.92694775723487,45.951044113797991],[-123.92694805547553,45.951041407518161],[-123.92694834383472,45.951038701862785],[-123.92694862680403,45.951035994958147],[-123.92694890079019,45.951033288053388],[-123.92694916848818,45.951030579899324],[-123.92694942720297,45.951027872369714],[-123.92694967873126,45.951025164839962],[-123.92694992397134,45.95102245543633],[-123.92695016022823,45.951019747281734],[-123.92695038929864,45.951017039127009],[-123.92695061118251,45.951014329098435],[-123.92695082408325,45.951011619069739],[-123.92695103249237,45.951008909040908],[-123.92695122922342,45.951006199011942],[-123.92695142056459,45.951003488358253],[-123.92695160471922,45.951000777079848],[-123.92695177989069,45.950998066425903],[-123.92695194967229,45.950995355147235],[-123.92695210957241,45.950992643868489],[-123.92695226408263,45.950989932589557],[-123.92695240871139,45.950987220061364],[-123.92695254615361,45.950984508157582],[-123.92695267820596,45.950981796253714],[-123.92695280037687,45.950979083100542],[-123.92695291625952,45.95097637057178],[-123.92695302405737,45.950973658042926],[-123.92695312287206,45.950970944264768],[-123.92695321719515,45.950968231735658],[-123.92695330253511,45.950965519206399],[-123.92695337979022,45.950962806052431],[-123.92695344896049,45.950960092273746],[-123.92695351094424,45.95095737849492],[-123.9269535666398,45.950954665340554],[-123.92695361425051,45.950951950936883],[-123.92695365287807,45.950949238406835],[-123.92695368521741,45.950946524002937],[-123.92695370767531,45.950943810223457],[-123.92695372564161,45.950941096443842],[-123.92695373462473,45.950938382664091],[-123.92695373731971,45.950935669508794],[-123.9269537310315,45.950932954479654],[-123.92695371665845,45.950930241948626],[-123.9269536959972,45.950927526919223],[-123.9269536672511,45.950924813138812],[-123.92695363131848,45.950922099982847],[-123.92695358730106,45.950919386202166],[-123.92695353519876,45.9509166724214],[-123.92695347590994,45.950913958640449],[-123.92695340943462,45.950911245483965],[-123.92695333577277,45.950908532327333],[-123.92695325402606,45.950905819795118],[-123.92695316329623,45.950903106638222],[-123.92695306717651,45.950900393481199],[-123.9269529620736,45.950897680948628],[-123.92695285158082,45.950894967166754],[-123.92695273120658,45.950892254633914],[-123.9269526036458,45.950889542725491],[-123.92695246800021,45.950886830192388],[-123.9269523260664,45.95088411890827],[-123.92695217604773,45.950881406374904],[-123.92695201884256,45.95087869509053],[-123.92695185355257,45.950875983806071],[-123.92695167927938,45.950873272521434],[-123.926951498718,45.950870561861251],[-123.92695131276675,45.950867850576344],[-123.92695111693401,45.950865140540486],[-123.92695091301644,45.950862431129082],[-123.92695070101405,45.950859721092947],[-123.92695048452005,45.950857011681229],[-123.9269502581446,45.950854301644831],[-123.9269500236843,45.950851593482021],[-123.92694978383413,45.950848884694537],[-123.92694953410248,45.950846176531464],[-123.92694927898096,45.950843468368248],[-123.92694901577455,45.9508407608295],[-123.92694874358506,45.950838053915156],[-123.92694846510732,45.950835347000719],[-123.92694817854473,45.950832640086155],[-123.92694788479562,45.950829934420589],[-123.92694758296169,45.950827229379485],[-123.92694727394121,45.950824523713642],[-123.92694695683595,45.950821818672267],[-123.92694663344244,45.950819114255353],[-123.92694630196408,45.950816410462892],[-123.92694596060429,45.950813707919416],[-123.92694561565122,45.950811004126635],[-123.92694525902006,45.950808301582903],[-123.9269448978973,45.950805599663632],[-123.92694452779139,45.950802897744218],[-123.92694415139731,45.950800197073804],[-123.92694376602006,45.950797495778716],[-123.92694337435459,45.950794796357215],[-123.92694297460429,45.950792096310991],[-123.92694256766745,45.950789398138404],[-123.92694215174747,45.95078669996564],[-123.92694172864097,45.950784001792783],[-123.92694129924627,45.950781304868926],[-123.92694086266503,45.950778607320359],[-123.92694041710068,45.950775912269961],[-123.92693996434978,45.950773217219478],[-123.92693950531066,45.950770521544221],[-123.92693903639008,45.950767828367198],[-123.92693856118129,45.950765134565444],[-123.92693807968429,45.950762442012696],[-123.92693758920414,45.950759749459856],[-123.92693709153748,45.95075705753144],[-123.92693658488767,45.950754367476648],[-123.92693607284795,45.95075167679709],[-123.92693555182511,45.950748987991211],[-123.92693502451402,45.950746298560574],[-123.9269344891181,45.950743610378979],[-123.92693394653568,45.950740924070971],[-123.9269333958684,45.950738237138239],[-123.92693283891293,45.950735550830018],[-123.92693227297428,45.950732865770753],[-123.92693169984915,45.950730181960573],[-123.92693112043578,45.950727498150229],[-123.92693053114095,45.95072481558892],[-123.92692993645623,45.950722133652022],[-123.92692933278838,45.950719452964179],[-123.92692872283229,45.95071677290079],[-123.9269281056897,45.950714093461869],[-123.92692747866563,45.950711414647344],[-123.92692684625166,45.950708737081882],[-123.9269262066512,45.950706060140867],[-123.92692555896588,45.950703384448907],[-123.9269249031957,45.950700709381358],[-123.92692424023902,45.950698035562809],[-123.92692357009582,45.950695362368769],[-123.92692289186778,45.950692689799141],[-123.92692220735155,45.950690017853972],[-123.92692151385214,45.950687347782392],[-123.92692081406453,45.950684678335271],[-123.92692010619211,45.950682010137207],[-123.92691939203144,45.950679343188142],[-123.92691867068427,45.950676675614361],[-123.92691793945565,45.950674009914209],[-123.92691720193878,45.950671344838483],[-123.92691645723541,45.950668681636394],[-123.9269157044472,45.950666019058765],[-123.92691494537078,45.950663358354731],[-123.92691417820951,45.950660696401386],[-123.92691340386175,45.950658036946216],[-123.92691262142914,45.950655379364697],[-123.92691183091169,45.950652721158455],[-123.92691103410606,45.950650065450397],[-123.92691023011383,45.950647409742217],[-123.92690941803683,45.950644755907675],[-123.9269085987733,45.950642103946677],[-123.92690777232323,45.950639450736425],[-123.92690693868664,45.950636800648944],[-123.92690609696524,45.950634151185923],[-123.92690524895561,45.950631502971959],[-123.92690439196282,45.950628854757817],[-123.92690352868185,45.950626208417319],[-123.92690265731601,45.950623563950408],[-123.92690177876366,45.950620920732518],[-123.92690089302478,45.950618278139082],[-123.92690000009939,45.950615636794701],[-123.92689909908918,45.950612996699377],[-123.92689819179076,45.95061035722847],[-123.92689727550913,45.950607720255746],[-123.92689635293935,45.950605084532071],[-123.92689542408135,45.950602448183695],[-123.92689448624017,45.950599814958082],[-123.92689354121251,45.950597182356894],[-123.92689258899831,45.950594551004762],[-123.92689162959759,45.950591920901672],[-123.92689066301033,45.950589292047603],[-123.92688968833825,45.950586665067185],[-123.92688870647964,45.95058403871117],[-123.92688771833284,45.950581413604212],[-123.92688672120289,45.950578790995458],[-123.9268857177847,45.950576169011157],[-123.92688470718002,45.950573547651324],[-123.92688368849046,45.950570928789638],[-123.92688266261443,45.950568311177051],[-123.92688163045017,45.950565694188839],[-123.92688059109938,45.950563079074321],[-123.92687954276545,45.950560465833355],[-123.92687848814329,45.9505578532169],[-123.9268774254363,45.950555243098592],[-123.92687635644114,45.950552633604758],[-123.92687528115773,45.950550026609157],[-123.92687419599288,45.950547419613379],[-123.92687310453979,45.950544815115855],[-123.92687200769684,45.950542211867337],[-123.9268709009724,45.950539609867818],[-123.92686978795976,45.95053700849278],[-123.9268686668623,45.950534409615983],[-123.92686753947663,45.950531813237326],[-123.92686640490443,45.950529217483144],[-123.926865264044,45.950526622978032],[-123.92686411330212,45.9505240303465],[-123.92686295806865,45.950521439588627],[-123.92686179385205,45.950518849455179],[-123.92686062244893,45.950516261195347],[-123.92685944385927,45.95051367543374],[-123.9268582580831,45.950511090921147],[-123.92685706601874,45.950508507657631],[-123.9268558658695,45.950505926267702],[-123.92685465763543,45.950503345502256],[-123.92685344401148,45.950500767859552],[-123.9268522223027,45.950498190841351],[-123.92685099340738,45.950495616945908],[-123.92684975822387,45.950493043050344],[-123.9268485140572,45.950490471653019],[-123.92684726360234,45.950487901504708],[-123.92684600685925,45.950485333854587],[-123.92684474203134,45.950482767453494],[-123.92684346822026,45.95048020230147],[-123.9268421890193,45.95047763964768],[-123.92684090263182,45.950475077618329],[-123.92683961085443,45.950472518711706],[-123.9268383100939,45.950469960429608],[-123.92683700214685,45.950467405270317],[-123.92683568701328,45.950464850735436],[-123.92683436469319,45.95046229869876],[-123.92683303698318,45.950459747911147],[-123.92683170029004,45.950457198997142],[-123.92683035730869,45.950454651956804],[-123.9268290053442,45.950452106790067],[-123.92682764888811,45.950449563496953],[-123.92682628344886,45.950447022077434],[-123.92682491172143,45.950444483780764],[-123.92682353280748,45.950441945483924],[-123.92682214670698,45.950439409685302],[-123.9268207543183,45.950436875760332],[-123.92681935474307,45.950434343708963],[-123.92681794708304,45.950431814155813],[-123.92681653223647,45.950429285851726],[-123.92681511020336,45.950426759421248],[-123.92681368098374,45.950424235488981],[-123.92681224727257,45.950421713430373],[-123.92681080367991,45.950419193245331],[-123.92680935379903,45.950416674933955],[-123.92680789762996,45.950414157871641],[-123.92680643427435,45.95041164330754],[-123.92680496373225,45.950409131241592],[-123.92680348600359,45.950406620424765],[-123.92680200019012,45.950404112106099],[-123.92680050988507,45.950401606285688],[-123.92679901149518,45.950399101089701],[-123.92679750502043,45.950396598391933],[-123.92679599225748,45.950394098817007],[-123.92679447320633,45.950391600491116],[-123.92679294517204,45.950389104663365],[-123.92679141174787,45.950386610084756],[-123.92678987203547,45.950384118004294],[-123.92678832423823,45.950381627797498],[-123.92678676925446,45.950379140713508],[-123.92678520708419,45.950376654878553],[-123.92678363952403,45.950374171541846],[-123.92678206387902,45.9503716907033],[-123.9267804819458,45.950369211113838],[-123.92677889282605,45.950366733397992],[-123.9267772965198,45.950364258804946],[-123.92677569302701,45.950361786085573],[-123.92677408234773,45.950359315864411],[-123.92677246627851,45.950356847516822],[-123.92677084302278,45.950354381667495],[-123.92676921168224,45.950351917067245],[-123.9267675740535,45.950349455589745],[-123.92676592923819,45.950346996610513],[-123.92676427903302,45.950344538880309],[-123.92676261984468,45.950342083648323],[-123.92676095616477,45.950339630914549],[-123.92675928440005,45.950337180054447],[-123.92675760455047,45.950334732317103],[-123.92675591841268,45.950332287078027],[-123.92675422598667,45.95032984246339],[-123.92675252727246,45.95032740097156],[-123.92675082137175,45.950324962602537],[-123.9267491082845,45.950322526107144],[-123.92674738801074,45.950320092110005],[-123.92674566234706,45.950317659986453],[-123.92674392859855,45.95031523036117],[-123.92674218856187,45.950312802609503],[-123.92674044313527,45.950310377356118],[-123.92673868782718,45.950307956474624],[-123.92673692712924,45.95030553621767],[-123.92673516104139,45.950303118458883],[-123.92673338597039,45.95030070257377],[-123.9267316055095,45.950298289811478],[-123.92672981786207,45.950295879547355],[-123.92672802482478,45.950293471156904],[-123.92672622280432,45.95029106651387],[-123.92672441629229,45.950288662495318],[-123.92672260079711,45.950286262224125],[-123.92672078081033,45.950283864451166],[-123.92671895363706,45.950281468551829],[-123.92671711748061,45.950279075150767],[-123.92671527773088,45.950276684247925],[-123.92671342899806,45.950274295843307],[-123.92671157487528,45.950271910561462],[-123.92670971356603,45.950269527153296],[-123.92670784507023,45.950267146243348],[-123.92670597118456,45.950264768456222],[-123.92670409011234,45.950262393167314],[-123.92670220185363,45.950260019752101],[-123.92670030910332,45.950257650084247],[-123.92669840736987,45.950255282290023],[-123.92669649844987,45.950252916994025],[-123.92669458593664,45.950250554196302],[-123.92669266533858,45.950248194521357],[-123.92669073665566,45.950245836720093],[-123.92668880348117,45.95024348204165],[-123.92668686222183,45.950241129861382],[-123.92668491647092,45.950238780179397],[-123.92668296263516,45.950236433620233],[-123.92668100161291,45.950234089559252],[-123.92667903430245,45.950231747996554],[-123.9266770625004,45.950229408932074],[-123.9266750817152,45.950227072990423],[-123.9266730955401,45.950224740171549],[-123.92667110128018,45.950222409850959],[-123.92666910252865,45.950220081404005],[-123.92666709748896,45.950217755455277],[-123.9266650852627,45.950215432629378],[-123.92666306405333,45.950213112301711],[-123.9266610410473,45.95021079572146],[-123.92665900905814,45.950208482264003],[-123.92665696898413,45.950206170680218],[-123.92665492441853,45.950203862219261],[-123.92665287446304,45.950201555631956],[-123.92665081552443,45.950199252167472],[-123.92664875299253,45.950196952450369],[-123.92664668057918,45.950194655231542],[-123.92664460367425,45.95019235926177],[-123.92664252048108,45.95019006766401],[-123.92664043099974,45.950187778564434],[-123.92663833433188,45.95018549258775],[-123.92663623227411,45.950183209109291],[-123.9266341230298,45.95018092937822],[-123.92663200839563,45.950178650271646],[-123.92662988657494,45.950176376161636],[-123.92662775846603,45.950174104549866],[-123.92662562317062,45.950171834811798],[-123.92662348248527,45.950169569445691],[-123.92662133641007,45.950167306577832],[-123.92661918314832,45.950165046832801],[-123.92661702270006,45.950162788961478],[-123.92661485776023,45.950160534837515],[-123.92661268473557,45.950158283211806],[-123.92661050542269,45.950156034708925],[-123.92660832161822,45.950153788704291],[-123.92660612972894,45.950151547696223],[-123.92660393244975,45.950149307312678],[-123.92660172978069,45.950147071301096],[-123.92659951902677,45.950144837163222],[-123.92659730198464,45.950142606772715],[-123.92659508045094,45.950140379505065],[-123.92659285083241,45.950138155360243],[-123.92659061672228,45.950135933089122],[-123.92658837632396,45.950133715814523],[-123.92658612873915,45.950131499789038],[-123.9265838748661,45.950129288135578],[-123.92658161560314,45.950127078980358],[-123.92657935005198,45.950124872323336],[-123.92657707821265,45.950122669413801],[-123.9265748009834,45.950120469002471],[-123.92657251656763,45.950118272963167],[-123.92657022586368,45.950116080046712],[-123.92656792887146,45.950113889003902],[-123.92656562469277,45.950111701708487],[-123.92656331781912,45.950109516911354],[-123.926561001064,45.950107335237085],[-123.92655868161394,45.9501051579348],[-123.92655635497735,45.950102983130748],[-123.92655402205256,45.950100810824964],[-123.92655168283954,45.950098642266617],[-123.92654933823667,45.950096476831064],[-123.92654698644726,45.950094315143005],[-123.92654462926794,45.950092155953143],[-123.92654226490211,45.950090001135315],[-123.92653989694304,45.950087847566557],[-123.92653752000079,45.950085698369833],[-123.92653513856699,45.950083552295958],[-123.92653275174325,45.950081409969478],[-123.92653035863135,45.950079270765855],[-123.92652795923122,45.950077133435926],[-123.9265255535429,45.950075000477995],[-123.92652314246467,45.950072871267466],[-123.92652072509826,45.950070745179829],[-123.92651830144361,45.950068622214999],[-123.92651587419572,45.950066502373019],[-123.92651343796464,45.950064385029293],[-123.92651099724202,45.950062272682196],[-123.92650855112953,45.950060162208729],[-123.92650609783048,45.950058055482749],[-123.92650363914153,45.950055951879584],[-123.92650117506273,45.950053852648452],[-123.92649870379736,45.950051755915538],[-123.92649622893876,45.950049663554665],[-123.92649374509699,45.950047573067501],[-123.92649125766197,45.95004548570315],[-123.92648876483707,45.950043403959995],[-123.92648626572394,45.950041324090535],[-123.92648376032263,45.95003924796849],[-123.92648124863307,45.950037174969303],[-123.92647873155367,45.950035105717554],[-123.92647620818602,45.950033038964087],[-123.92647368032682,45.950030977207206],[-123.92484359651394,45.948704024939211],[-123.92296241561283,45.948732176926136],[-123.92193205966007,45.948747583312311],[-123.92197271830814,45.948693962624112],[-123.92200529661022,45.948653160573507],[-123.92202535688884,45.948629691182902],[-123.9220747013474,45.948585633660265],[-123.92210975360977,45.948548309939987],[-123.92220963189632,45.94849842043643],[-123.92222564616289,45.948476914107793],[-123.92223786235243,45.948460508905782],[-123.92225415419844,45.948430838994177],[-123.92229694814192,45.948323286524449],[-123.92229830190306,45.94831988180357],[-123.92231853375991,45.948280629123296],[-123.92237982311678,45.948209791344148],[-123.92241292962827,45.948159114531485],[-123.92241815872156,45.948146237639314],[-123.92244145652843,45.94808884936203],[-123.92246553047973,45.947963891505914],[-123.92249295604536,45.947875517403361],[-123.92250868464767,45.947830928987102],[-123.92342255156599,45.947519725377532],[-123.92345914354077,45.947568298452552],[-123.92294108781138,45.947744713329335],[-123.92305779423812,45.948004023234482],[-123.92363843559339,45.9478062949742],[-123.92367245928476,45.947851463673075],[-123.92367429544122,45.947853884661804],[-123.92367613159765,45.947856305025866],[-123.92367797314397,45.947858725389764],[-123.92367981469032,45.947861144504365],[-123.9236816589316,45.947863562369676],[-123.9236835049695,45.947865978985632],[-123.92368535549899,45.947868396226056],[-123.92368720692679,45.947870810343368],[-123.92368906015122,45.947873225709813],[-123.92369091696891,45.947875638577671],[-123.92369277468489,45.947878051445429],[-123.92369463689252,45.947880462439265],[-123.9236964999984,45.947882875306853],[-123.92369836579925,45.947885284426626],[-123.92370023429503,45.947887693546321],[-123.92370210458746,45.947890102041306],[-123.92370397667649,45.947892509286945],[-123.92370585325715,45.947894915907895],[-123.92370772893945,45.947897321904136],[-123.92370960911336,45.947899726026407],[-123.92371149108386,45.947902128899372],[-123.92371337574933,45.947904532396855],[-123.92371526400805,45.947906935269621],[-123.92371715226678,45.947909336268467],[-123.92371904411877,45.947911736642581],[-123.92372093776738,45.947914135142732],[-123.92372283411096,45.947916534267414],[-123.92372473225116,45.947918931518167],[-123.9237266339846,45.947921328144247],[-123.92372853661638,45.947923724145554],[-123.92373044373973,45.94792611889757],[-123.92373234996478,45.947928511775665],[-123.92373426157968,45.947930905278234],[-123.92373617409291,45.947933296906875],[-123.9237380893011,45.947935688535424],[-123.92374000630592,45.947938078914675],[-123.92374192600568,45.947940468044578],[-123.92374384840041,45.947942856549773],[-123.92374577349005,45.947945243181032],[-123.92374769947803,45.947947629812155],[-123.92374962905926,45.947950016443222],[-123.92375156043711,45.947952400575751],[-123.92375349361161,45.94795478470818],[-123.92375542948102,45.947957167591262],[-123.92375736714709,45.947959549225054],[-123.92375931020307,45.947961930858739],[-123.92376125236072,45.947964310618474],[-123.92376319811163,45.947966690378088],[-123.92376514565915,45.947969068263809],[-123.92376709590162,45.947971444900226],[-123.92376904794075,45.947973821536493],[-123.92377100177647,45.94797619692347],[-123.92377295830718,45.947978571685724],[-123.92377491843112,45.947980945823304],[-123.92377688035172,45.947983318711543],[-123.92377884406891,45.947985689725826],[-123.92378081048109,45.947988060740052],[-123.92378277958819,45.947990430504937],[-123.92378475049193,45.9479927996451],[-123.92378672409058,45.947995168160595],[-123.9237886985876,45.947997534802134],[-123.92379067757615,45.947999900818942],[-123.92379265656473,45.94800226558646],[-123.9237946409432,45.948004630353886],[-123.92379662442333,45.948006993247347],[-123.92379861149674,45.948009355516135],[-123.92380060036677,45.94801171778483],[-123.92380259372841,45.948014077554937],[-123.92380458709002,45.948016437949612],[-123.92380658404488,45.948018795845719],[-123.92380858279641,45.948021153117146],[-123.92381058334455,45.948023510388431],[-123.9238125856893,45.948025865785809],[-123.92381459252564,45.948028220558498],[-123.92381660115862,45.948030574706436],[-123.92381861158823,45.948032926355893],[-123.92382062291615,45.948035279254441],[-123.92382263783733,45.948037630279067],[-123.92382465455516,45.948039980054368],[-123.92382667396789,45.948042329204995],[-123.9238286960756,45.948044675857055],[-123.92383071997995,45.948047024382859],[-123.92383274657922,45.948049369785515],[-123.92383477587346,45.948051714563469],[-123.92383680696433,45.948054059341317],[-123.92383883985181,45.948056402869874],[-123.92384087543424,45.948058744524474],[-123.92384291281329,45.948061086178988],[-123.92384495288729,45.948063425959582],[-123.92384699565628,45.948065765740083],[-123.92384903932354,45.948068103646627],[-123.92385108658408,45.948070440928504],[-123.92385313743787,45.948072777585658],[-123.92385518739331,45.948075112993521],[-123.92385724184041,45.948077447152059],[-123.92385929718576,45.948079780685873],[-123.92386135612439,45.948082114219602],[-123.92386341685966,45.948084444630183],[-123.92386548028988,45.948086775665281],[-123.92386754461839,45.948089105451089],[-123.92386961254019,45.948091433987571],[-123.92387168225858,45.948093760650139],[-123.92387375467193,45.948096087312571],[-123.92387582798362,45.948098413974947],[-123.92387790668519,45.948100738138805],[-123.92387998448844,45.948103061677891],[-123.92388206588494,45.94810538396775],[-123.92388414907808,45.948107705632843],[-123.92388623406788,45.948110026048639],[-123.9238883217526,45.948112346464349],[-123.92389041303058,45.948114665006152],[-123.92389250610518,45.948116982923239],[-123.92389459917979,45.948119298966382],[-123.9238966976443,45.948121615009477],[-123.92389879610879,45.948123929178614],[-123.92390089816655,45.948126242098468],[-123.92390300202096,45.948128555642796],[-123.9239051085703,45.948130866688601],[-123.92390721691628,45.948133178358965],[-123.92390932705889,45.948135486906168],[-123.92391143989643,45.948137796702497],[-123.92391355542891,45.948140104000259],[-123.92391567275806,45.948142410048796],[-123.92391779188381,45.948144716097175],[-123.92391991460282,45.948147020271655],[-123.92392203911847,45.948149325070617],[-123.92392416453242,45.948151627371104],[-123.92392629443796,45.948153928422258],[-123.92392842434349,45.948156228848703],[-123.92393055784231,45.948158528650431],[-123.92393269223943,45.948160827202877],[-123.92393483022978,45.948163124506046],[-123.92393697091512,45.948165421184441],[-123.92393911429539,45.948167715988994],[-123.92394125767568,45.948170010793412],[-123.92394340375085,45.948172304348489],[-123.92394555431765,45.948174597278907],[-123.92394770488445,45.948176887710808],[-123.9239498590445,45.948179178767226],[-123.92395201410288,45.948181467949702],[-123.92395417185617,45.948183755882901],[-123.92395633230444,45.948186043816001],[-123.92395849365101,45.948188329875151],[-123.92396065859086,45.948190614685025],[-123.92396282532732,45.948192899494799],[-123.92396499475873,45.948195182430688],[-123.92396716508846,45.94819746474181],[-123.92396933901142,45.948199745803691],[-123.92397151562936,45.948202025616212],[-123.92397369404394,45.948204305428682],[-123.92397587245851,45.948206581493402],[-123.92397805626297,45.94820885943188],[-123.92398024096573,45.948211136120982],[-123.92398242656681,45.948213409687],[-123.92398461665945,45.948215684502159],[-123.92398680765045,45.948217956194192],[-123.92398900223471,45.948220228510699],[-123.92399119681893,45.94822249832869],[-123.92399339589474,45.948224769395829],[-123.92399559586887,45.948227036715267],[-123.92399779763963,45.948229304659172],[-123.92400000390197,45.948231570729149],[-123.9240022101643,45.948233836174452],[-123.92400441822328,45.948236100995096],[-123.92400662987551,45.948238364566372],[-123.92400884332437,45.948240625639194],[-123.92401105946819,45.948242887961094],[-123.92401327830692,45.948245147784483],[-123.92401549894231,45.948247406983171],[-123.92401772047599,45.948249665557142],[-123.92401994470465,45.948251922881845],[-123.92402217162822,45.948254178332647],[-123.92402440124678,45.948256433783321],[-123.92402663266193,45.948258686110904],[-123.92402886497543,45.948260940312203],[-123.92403110088216,45.9482631907658],[-123.92403333948386,45.948265441843887],[-123.92403557898388,45.948267691048066],[-123.9240378211788,45.948269939002934],[-123.9240400651704,45.948272187582326],[-123.92404231275522,45.948274433663201],[-123.92404456034006,45.948276679119381],[-123.92404681241648,45.948278922701654],[-123.92404906539122,45.948281166283849],[-123.9240513210609,45.948283407992157],[-123.92405357942553,45.948285649075693],[-123.92405583868846,45.948287888910016],[-123.92405810064635,45.948290128119581],[-123.92406036440086,45.948292366079869],[-123.92406263085033,45.948294602166264],[-123.92406489909641,45.948296838877148],[-123.92435247317505,45.948292533474039],[-123.92576862859291,45.948271325626926],[-123.92780084863263,45.94824086236477],[-123.92774148616201,45.948276973308488],[-123.92767915835267,45.948278819017197],[-123.92762049566966,45.948280554795268],[-123.92756611974721,45.948292413549872],[-123.92750901294627,45.948319726276978],[-123.92745955080841,45.948351937139137],[-123.92742568701716,45.948399060403766],[-123.92741366666031,45.94844297379133],[-123.92740593396236,45.94849701070784],[-123.92740904662483,45.948548163158478],[-123.92741122593772,45.948583970970148],[-123.92742564838957,45.94863991215837],[-123.92745747031022,45.948679965947001],[-123.92752228914786,45.948719044080967],[-123.92759686548611,45.948737334874281],[-123.92767783782919,45.948740061878397],[-123.92773587977634,45.948728094539142],[-123.92780140918137,45.948718468199473],[-123.92786725030177,45.94871395608638],[-123.9279334022393,45.948714560699557],[-123.92799331088561,45.94873328434231],[-123.92802037802346,45.948755543214382],[-123.92804073474611,45.948788250379913],[-123.92804431363416,45.948847076384375],[-123.92803747296328,45.948870308335486],[-123.9279954668423,45.948930735722001],[-123.92797362250954,45.948983859626289],[-123.92793509107206,45.949037478160278],[-123.92782748547744,45.949192268009249],[-123.92780776566033,45.949280315848171],[-123.92783740197987,45.949355240221706],[-123.92787361037401,45.949400815517407],[-123.92793414424774,45.949434008859562],[-123.92800160413231,45.949443674424323],[-123.92809374073774,45.949446777398144],[-123.92827660000034,45.949429701046419],[-123.92828873534151,45.949429341905848],[-123.92840175867563,45.949425995964603],[-123.92849354044651,45.949423277738539],[-123.92857768833412,45.949432448003435],[-123.92865561808335,45.949476787793067],[-123.92867541515557,45.949506901853951],[-123.92868490136499,45.949545891962181],[-123.92868702677895,45.949580814708987],[-123.92869056973443,45.949639018405279],[-123.92869375875368,45.949691402116905],[-123.92868796551841,45.949731895480902],[-123.92869392763694,45.949804059189212],[-123.92869766373022,45.949865442425718],[-123.92873073341079,45.949925956169501],[-123.92879508871772,45.949957359757249],[-123.92889026342546,45.949951979569867],[-123.92896172710125,45.949919116944287],[-123.92898515336722,45.949889059944823],[-123.92898522074088,45.949889299786257],[-123.92902842431614,45.95004555753048],[-123.92905634934506,45.95015355573436],[-123.92928723254278,45.950119391594129],[-123.92929048085082,45.95011891066401],[-123.92929392050006,45.950118422238894],[-123.92929737092905,45.95011796754131],[-123.92930083213784,45.950117548445036],[-123.92930430053318,45.95011716619927],[-123.929307776115,45.950116818930269],[-123.92931125978167,45.950116509136329],[-123.92931474883825,45.950116233694516],[-123.92931824328467,45.950115995727764],[-123.92932174312104,45.950115794611506],[-123.92932524744896,45.950115628472034],[-123.92932875447181,45.950115499807609],[-123.92933226239302,45.950115406744516],[-123.92933577390747,45.95011535115647],[-123.92933928542189,45.95011533054516],[-123.92934279873297,45.950115348033542],[-123.92934630755246,45.950115401123249],[-123.92934981727029,45.950115490438826],[-123.92935332519147,45.950115615980316],[-123.92935682862108,45.950115778372314],[-123.92936032845742,45.950115978239417],[-123.92936382380221,45.950116213083199],[-123.92936731465539,45.950116485402084],[-123.92937079832208,45.950116792697685],[-123.92937427570055,45.950117136843808],[-123.92937774319752,45.950117516591241],[-123.92938120440631,45.950117931939985],[-123.92938465573364,45.95011838476379],[-123.9293880971795,45.950118871315169],[-123.92939152784555,45.950119394092461],[-123.92939494683354,45.9501199543448],[-123.9293983541434,45.950120547700102],[-123.92940174708023,45.950121176656779],[-123.92940512744065,45.950121842463851],[-123.9294084925297,45.950122541373958],[-123.92941184324572,45.950123276509949],[-123.92941517689376,45.950124045998059],[-123.92941849347376,45.950124850462885],[-123.9294217938841,45.95012568865527],[-123.92942507542988,45.950126560575214],[-123.92942833900929,45.950127466847313],[-123.92943158102914,45.950128407471482],[-123.92943480238775,45.95012938119865],[-123.92943800488173,45.950130388028775],[-123.92944118401952,45.950131429211005],[-123.92944434069943,45.950132501622456],[-123.92944747312484,45.950133608386011],[-123.92945058399066,45.950134745754212],[-123.92945366880534,45.950135916849931],[-123.92945672756889,45.950137118550259],[-123.92945976207793,45.950138352104339],[-123.92946276784087,45.950139617512221],[-123.92946574755265,45.95014091352467],[-123.92946869941667,45.950142241390907],[-123.92947162253462,45.950143599237158],[-123.92947451690645,45.950144987063425],[-123.92947738073559,45.950146404869727],[-123.92948021402199,45.950147851406804],[-123.92948301496905,45.950149327923938],[-123.92948578447508,45.950150833796506],[-123.92948852254005,45.950152369024437],[-123.92949122646905,45.950153931109476],[-123.92949389805872,45.950155521300722],[-123.92949653551237,45.950157139598268],[-123.92949913703343,45.950158784128234],[-123.92950170262192,45.950160456764486],[-123.92950423317605,45.950162155008606],[-123.9295067277976,45.950163878860636],[-123.92950918558823,45.950165629569717],[-123.92951160564959,45.950167405262107],[-123.92963042581222,45.950255922487607],[-123.92963287821294,45.950257755638738],[-123.92963532163051,45.950259593161917],[-123.92963775606493,45.950261437555419],[-123.92964018421117,45.950263286945514],[-123.92964260157757,45.950265141956848],[-123.92964501085918,45.950267002589321],[-123.9296474111576,45.950268868842969],[-123.92964980337121,45.950270739468621],[-123.92965218660166,45.950272616340094],[-123.92965455995065,45.950274498832712],[-123.92965692611308,45.950276386946513],[-123.92965928239407,45.950278279432354],[-123.92966163059023,45.950280178163915],[-123.92966396980324,45.950282081892084],[-123.92966629823647,45.950283990616875],[-123.92966861948315,45.950285906211981],[-123.92967093084837,45.950287824929944],[-123.92967323412877,45.950289750518273],[-123.92967552752771,45.9502916804786],[-123.9296778137401,45.950293616060108],[-123.9296800882744,45.950295556638196],[-123.92968235562216,45.950297501588267],[-123.92968461219019,45.95029945215957],[-123.92968686157164,45.950301408352004],[-123.92968910017332,45.950303370790195],[-123.92969133069016,45.950305336351249],[-123.92969355042723,45.950307306908876],[-123.92969576297779,45.950309283712272],[-123.92969796564685,45.950311264887702],[-123.92970015843449,45.950313251059661],[-123.9297023413406,45.95031524222825],[-123.92970451706023,45.950317239018005],[-123.92970668200006,45.950319240179759],[-123.92970883795674,45.950321245713482],[-123.92971098223533,45.950323258117571],[-123.92971312022568,45.950325273019907],[-123.92971524743628,45.950327294167998],[-123.92971736656203,45.950329319063492],[-123.9297194740097,45.95033135082933],[-123.92972157337253,45.950333384468834],[-123.92972366195556,45.95033542497869],[-123.92972574245375,45.950337469235969],[-123.9297278130705,45.950339519114372],[-123.92972987290743,45.950341573364803],[-123.92973192555786,45.950343633236351],[-123.92973396653019,45.950345696230777],[-123.92973599851936,45.950347764221789],[-123.92973801972873,45.950349837209366],[-123.92974003105668,45.950351913944317],[-123.92974203519807,45.950353996925038],[-123.92974402766137,45.95035608302863],[-123.92974601114152,45.950358172879568],[-123.92974798384189,45.950360269600893],[-123.92974994666078,45.950362368820414],[-123.92975190049654,45.950364473036551],[-123.92975384445079,45.950366582249202],[-123.92975577762529,45.950368695209328],[-123.92975770361325,45.95037081379057],[-123.9297596161265,45.950372935494642],[-123.9297615214532,45.950375062195327],[-123.92976341510183,45.950377192643387],[-123.92976529797066,45.950379327463416],[-123.92976717275467,45.950381466655465],[-123.9297690367589,45.950383610219482],[-123.92977089088164,45.950385757530917],[-123.92977273602123,45.950387909838923],[-123.92977456948272,45.950390067143488],[-123.92977639306275,45.950392226321746],[-123.92977820676128,45.950394391121101],[-123.9297800105784,45.950396560292468],[-123.92978180451401,45.950398731962075],[-123.92978358677153,45.950400909252842],[-123.92978536094422,45.950403090291005],[-123.92978712254049,45.950405274451974],[-123.92978887695024,45.95040746360953],[-123.92979061788525,45.950409657139055],[-123.92979235073545,45.950411853791401],[-123.92979407190754,45.950414054815717],[-123.92979578409647,45.950416258338301],[-123.9297974855056,45.950418466857457],[-123.92979917523665,45.950420679748554],[-123.92980085778119,45.950422896387032],[-123.92980252685098,45.950425116148381],[-123.92980418603931,45.950427339657089],[-123.92980583624448,45.95042956753781],[-123.92980747477155,45.950431799165891],[-123.92980910251887,45.9504340339168],[-123.92981071948637,45.950436271790522],[-123.92981232836904,45.950438515285398],[-123.9298139246753,45.9504407612785],[-123.92981551199843,45.950443011018962],[-123.92981708674512,45.950445263882287],[-123.92981865250864,45.950447521742113],[-123.92982020749241,45.950449781475619],[-123.92982175079806,45.950452046205719],[-123.9298232860189,45.950454312809413],[-123.9298248086633,45.9504565844097],[-123.92982632052792,45.950458858508206],[-123.92982782161275,45.950461136978674],[-123.92982931371445,45.950463417322766],[-123.92983079323972,45.950465701414274],[-123.92983226288352,45.950467989877765],[-123.92983372174756,45.95047028083944],[-123.9298351707301,45.950472574923985],[-123.92983660713622,45.950474872755876],[-123.92983803455921,45.950477175584318],[-123.92983944940579,45.950479479037298],[-123.92984085616754,45.950481786862177],[-123.92984224945452,45.950484097809863],[-123.92984363286007,45.950486411880426],[-123.92984500548582,45.950488728449145],[-123.92984636643348,45.950491048140684],[-123.92984771839799,45.95049337282876],[-123.9298490586844,45.95049569876592],[-123.92985038639438,45.950498029075064],[-123.92985170601952,45.950500360008668],[-123.93002346210523,45.950805731449329],[-123.93002455984649,45.950807690746785],[-123.9300256521979,45.950809651293341],[-123.93002674095601,45.95081161246442],[-123.93002782342592,45.950813574884549],[-123.93002890050595,45.950815539802917],[-123.9300299721961,45.950817505970392],[-123.93003103849634,45.950819473386922],[-123.930032100305,45.950821442677146],[-123.93003315762208,45.950823411967292],[-123.93003420685433,45.950825384380217],[-123.93003525159502,45.950827356793113],[-123.93003629094581,45.950829331704206],[-123.930037325805,45.950831307864398],[-123.93003835437599,45.950833284024561],[-123.93003937755714,45.950835262682915],[-123.93004039534834,45.95083724259036],[-123.93004140774967,45.950839224371464],[-123.93004241476109,45.950841207401623],[-123.93004341728093,45.950843191056336],[-123.93004441261429,45.950845175335516],[-123.93004540525267,45.950847162737531],[-123.93004639070453,45.950849150139462],[-123.93004736986821,45.950851139415036],[-123.93004834364194,45.950853130564298],[-123.93004931382247,45.950855121713495],[-123.93005027681646,45.950857114736337],[-123.93005123531886,45.950859109008221],[-123.93005218753306,45.950861103904671],[-123.930053136154,45.950863101923893],[-123.93005407758842,45.950865099318456],[-123.93005501273466,45.950867098586706],[-123.93005594428759,45.950869099104018],[-123.93005686955232,45.950871101495011],[-123.93005779122379,45.950873104510464],[-123.93005870481043,45.95087510877503],[-123.93005961300722,45.950877114913233],[-123.93006051761067,45.950879121051408],[-123.93006141592598,45.950881129063184],[-123.93006230705474,45.95088313894864],[-123.93006319548856,45.950885148209437],[-123.93006407673585,45.950887159343871],[-123.93006495259326,45.950889172351999],[-123.93006582216245,45.950891185984645],[-123.93006668813838,45.950893201490913],[-123.9300675478261,45.950895217621664],[-123.93006840122564,45.95089723437696],[-123.93006925013357,45.950899253005858],[-123.93007009454995,45.950901272259323],[-123.93007093177977,45.950903293386361],[-123.93007176361974,45.950905314513378],[-123.93007258917147,45.950907338138627],[-123.93007341023167,45.950909361139217],[-123.93007422590193,45.950911386638019],[-123.93007503528402,45.950913412761345],[-123.9300758401745,45.950915440133763],[-123.93007663877677,45.950917467506059],[-123.93007743109088,45.950919497376631],[-123.93007821891335,45.950921527247125],[-123.93007900224428,45.950923559615802],[-123.9300797783887,45.950925591359855],[-123.93008054914321,45.950927624977552],[-123.93008131540616,45.950929659219767],[-123.93008207538087,45.950931694711059],[-123.93008282996574,45.950933731451421],[-123.93008357826234,45.950935768816286],[-123.9300843220674,45.950937807430201],[-123.93008505958426,45.950939847293213],[-123.9300857908129,45.950941887780729],[-123.93008651844828,45.950943928892777],[-123.9300872379988,45.950945971253851],[-123.93008795485441,45.950948014239401],[-123.93008866362517,45.950950058474092],[-123.93008936790437,45.950952103957832],[-123.93009006769198,45.950954149441493],[-123.93009075849642,45.950956196798799],[-123.93009144750425,45.950958244156027],[-123.93009212932553,45.950960293386927],[-123.93009280485863,45.950962343866891],[-123.93009347500183,45.950964394971344],[-123.93009414065345,45.950966446075732],[-123.93009480091521,45.95096849842917],[-123.93009545488873,45.950970551407117],[-123.93009610257403,45.950972606258745],[-123.93009674397118,45.950974661110251],[-123.93009738087669,45.95097671721085],[-123.93009801239234,45.950978773935965],[-123.93009863761976,45.950980830660995],[-123.93009925835565,45.950982889884244],[-123.93009987190499,45.950984949107415],[-123.93010048186105,45.950987008955046],[-123.93010108463061,45.950989068802663],[-123.93019333442378,45.951313614385192],[-123.93021191248215,45.951363313983698],[-123.93021257723545,45.951365089637768],[-123.9302132419888,45.951366866540845],[-123.93021390494546,45.951368641570163],[-123.93026127131377,45.951495354284582],[-123.93054111988096,45.952243968313802],[-123.9305420810783,45.952246540254393],[-123.93054304586893,45.952249112194814],[-123.93054401425279,45.952251683510596],[-123.93054498263668,45.952254254201691],[-123.9305459528172,45.952256826141756],[-123.93054692479433,45.952259395583468],[-123.93054790216135,45.952261965649626],[-123.93054887863006,45.952264535091153],[-123.93054985779372,45.952267103907921],[-123.93055083875402,45.952269672724633],[-123.93055182240927,45.952272241541174],[-123.9305528078611,45.952274809733076],[-123.93055379690624,45.952277377300284],[-123.93055478505306,45.952279944867378],[-123.93055577769145,45.952282511809784],[-123.93055677032984,45.952285077502964],[-123.93055776745979,45.952287643820561],[-123.93055876458976,45.952290209513514],[-123.93055976531301,45.952292774581771],[-123.93056076693453,45.952295339649908],[-123.93056177125104,45.952297904093371],[-123.93056277646585,45.952300469161266],[-123.93056378617221,45.952303032355346],[-123.93056479587858,45.95230559554934],[-123.93056580917825,45.952308158743186],[-123.9305668233762,45.952310720687812],[-123.93056783937077,45.952313283256885],[-123.93056885895862,45.952315844576702],[-123.93056987944477,45.952318405896449],[-123.93057090172759,45.952320967216025],[-123.93057192670531,45.952323527286389],[-123.93057295437799,45.95232608798117],[-123.930573982949,45.952328647426732],[-123.93057501241829,45.952331206872174],[-123.93057604637919,45.952333766317501],[-123.93057708123841,45.952336323889035],[-123.93057811969088,45.95233888208498],[-123.93057915994,45.952341439656294],[-123.93058020018907,45.95234399722743],[-123.93058124403142,45.952346554173928],[-123.93058228967043,45.952349109871179],[-123.93058333710606,45.952351666192868],[-123.93058438813493,45.952354221889927],[-123.9305854382655,45.952356776962247],[-123.93058649288763,45.952359331409923],[-123.93058754840808,45.952361885857485],[-123.93058860572519,45.952364439680359],[-123.93058966663554,45.952366993503105],[-123.93059072844422,45.952369546701178],[-123.93059179204951,45.952372099274555],[-123.93059285745143,45.952374651223295],[-123.93059392734494,45.952377204421005],[-123.93059499634013,45.952379755120376],[-123.9305960698269,45.952382306444193],[-123.93059714331365,45.952384857143322],[-123.93059821949537,45.95238740721782],[-123.93059930016867,45.952389956667574],[-123.9306003790453,45.952392506741823],[-123.93060146241352,45.952395054942251],[-123.93060254668009,45.952397603767082],[-123.93060363453989,45.952400151967282],[-123.93060472239971,45.952402699542837],[-123.93060581385278,45.952405246493662],[-123.93060690530586,45.952407794068932],[-123.9306080012505,45.952410339770424],[-123.93060909809346,45.952412885471801],[-123.93061019763137,45.952415430548506],[-123.93061129896587,45.952417976249642],[-123.93061240119876,45.95242052070158],[-123.93061350702487,45.952423065153347],[-123.9306146146476,45.952425608355924],[-123.930615724067,45.952428152182932],[-123.93061683528299,45.952430694760686],[-123.93061795009226,45.952433237962914],[-123.93061906490153,45.952435778666732],[-123.93062018240576,45.952438321244138],[-123.93062130170659,45.952440861947778],[-123.93062242370236,45.952443402651298],[-123.9306235474948,45.952445943354697],[-123.93062467218554,45.952448482184273],[-123.93062580136785,45.952451022887445],[-123.93062693144847,45.95245356109222],[-123.93062806332573,45.952456099921498],[-123.93062919699963,45.952458638750606],[-123.93063033247014,45.952461175705949],[-123.9306314706356,45.952463712661213],[-123.93063261239433,45.952466249616322],[-123.93063375415306,45.952468785322175],[-123.93063489860673,45.952471321652517],[-123.93063604395871,45.952473856733569],[-123.93063719290394,45.95247639181455],[-123.93063834364584,45.952478925646282],[-123.93063949528606,45.952481460102469],[-123.93064065051949,45.952483993934003],[-123.93064180575296,45.952486526516246],[-123.93064296457969,45.952489058473859],[-123.93064412610131,45.952491591680484],[-123.9306452885213,45.952494122388721],[-123.93064645363624,45.952496654345985],[-123.93064762054779,45.952499185053988],[-123.93064878925595,45.952501715137359],[-123.93064995976077,45.952504244596049],[-123.93065113385886,45.952506775303704],[-123.93065230885524,45.952509303513068],[-123.93065348385166,45.952511832346843],[-123.93065466333961,45.952514359931357],[-123.9306558446242,45.952516888764904],[-123.93065702770544,45.952519415100106],[-123.93065821348161,45.952521942059754],[-123.9306594001561,45.952524467770154],[-123.93066058952554,45.952526993480447],[-123.93066178158993,45.952529519190655],[-123.93066297545093,45.952532043651573],[-123.93066416931195,45.952534566863299],[-123.93066536676623,45.952537091948599],[-123.93066656601712,45.952539614535517],[-123.9306677688613,45.952542137746889],[-123.93066897170546,45.952544659709055],[-123.93067017724455,45.952547182295625],[-123.93067138547863,45.952549702383862],[-123.930672594611,45.952552224970255],[-123.93067380643834,45.952554745058258],[-123.93067501916396,45.952557265146154],[-123.93067623548285,45.952559783984839],[-123.93067745359838,45.952562303447927],[-123.93067867351053,45.952564822910958],[-123.93067989611762,45.952567339875593],[-123.93068111962305,45.952569858089255],[-123.93068234582339,45.952572374429145],[-123.93068357292206,45.952574891393446],[-123.93068480181738,45.952577407733109],[-123.93068603520427,45.952579922823524],[-123.93068726948948,45.952582438538393],[-123.9306885055713,45.952584954253147],[-123.93068974344978,45.952587467469506],[-123.93069098402319,45.952589981934949],[-123.93069222639319,45.952592495151094],[-123.93069346966156,45.952595007742602],[-123.93069471652319,45.952597520333995],[-123.93069596428312,45.952600031051617],[-123.9306972156363,45.952602543018209],[-123.93069846609116,45.952605053735603],[-123.93069972103761,45.95260756445284],[-123.93070097778072,45.952610073296356],[-123.93070223632043,45.952612584013366],[-123.93070349665678,45.952615092232087],[-123.93070476058638,45.952617600450694],[-123.93070602451598,45.952620108669144],[-123.93070729114052,45.95262261626295],[-123.93070855866341,45.952625123232082],[-123.93070982888121,45.95262762957654],[-123.93071110179397,45.952630134671793],[-123.93071237740166,45.952632640391442],[-123.930713654806,45.952635145486468],[-123.93071493221035,45.95263764995682],[-123.93071621320793,45.952640153802477],[-123.93071749600215,45.95264265639895],[-123.93071878059301,45.95264515961982],[-123.9307200669805,45.952647662216059],[-123.93072135606295,45.952650163563042],[-123.930722646942,45.952652665534494],[-123.93072393961769,45.952655166881264],[-123.93072523409,45.952657666354213],[-123.93072653125731,45.952660166451672],[-123.9307278302212,45.95266266592445],[-123.93072913008339,45.952665163523413],[-123.93073043443719,45.952667662995964],[-123.93073173879098,45.952670159970175],[-123.93073304583973,45.952672656944237],[-123.93073435468507,45.952675153918236],[-123.9307356662254,45.952677649642979],[-123.93073697866404,45.952680145992183],[-123.93073829379762,45.952682641716699],[-123.93073961072784,45.952685136816548],[-123.93074092945466,45.952687630042625],[-123.93074224997814,45.952690123268596],[-123.93074357319652,45.95269261711902],[-123.9307448991099,45.952695109095686],[-123.93074622681988,45.952697601696741],[-123.9307475554282,45.952700093048612],[-123.93074888583314,45.952702584400321],[-123.93075021983132,45.95270507450283],[-123.93075155382952,45.952707563980717],[-123.93075289231929,45.952710054083006],[-123.93075423080907,45.952712542936098],[-123.93075557199379,45.952715031164459],[-123.93075691587346,45.952717518768203],[-123.93075826065143,45.95272000637182],[-123.93075960812435,45.952722493975379],[-123.93076095649559,45.952724979705096],[-123.9307623084601,45.952727465434727],[-123.93076366222124,45.952729950539684],[-123.93076501688067,45.952732435019968],[-123.9307663751334,45.952734918875628],[-123.93076773428443,45.952737402731117],[-123.93076909433377,45.952739885961989],[-123.93077045887468,45.952742368568181],[-123.93077182251729,45.952744850549685],[-123.93077319065145,45.952747332531089],[-123.93077455968394,45.952749813887813],[-123.93077593051309,45.952752292746212],[-123.93077730403715,45.95275477347819],[-123.93077868115448,45.952757253585496],[-123.93078005827181,45.952759731819],[-123.93078143628746,45.952762210052434],[-123.93078281699805,45.952764687036634],[-123.93078420040356,45.95276716464523],[-123.93078558650406,45.952769641004643],[-123.93078697350286,45.952772116739418],[-123.93078836409492,45.952774593098603],[-123.93078975468698,45.95277706758403],[-123.93079114707569,45.952779542069344],[-123.93079254215931,45.952782015929984],[-123.93079393993789,45.952784489790517],[-123.93079534041142,45.952786962401802],[-123.93079673998665,45.952789433763904],[-123.93079814405343,45.952791905750452],[-123.93079954901852,45.952794376487759],[-123.93080095757688,45.95279684784952],[-123.93080236613527,45.952799317337536],[-123.93080377649024,45.952801787449943],[-123.93080519133683,45.952804256313179],[-123.93080660708172,45.952806724551714],[-123.93080802372492,45.952809192790149],[-123.93080944306307,45.952811659154833],[-123.93081086329953,45.952814126143963],[-123.93081228712923,45.952816593132937],[-123.93081371275559,45.95281905824816],[-123.93081514017858,45.952821522738752],[-123.9308165693982,45.952823988478322],[-123.93081799951615,45.952826451719567],[-123.93081943232902,45.952828914336138],[-123.93082086873517,45.952831377577162],[-123.93082230603963,45.952833840193513],[-123.9308237451407,45.952836301560673],[-123.9308251860384,45.952838762303152],[-123.93082662963108,45.952841223045482],[-123.93082807412205,45.952843683163181],[-123.930829521308,45.952846142656256],[-123.93083097029054,45.952848601524614],[-123.93083242196803,45.952851059143782],[-123.93083387454385,45.952853516138269],[-123.93083532981461,45.952855973132692],[-123.930836786882,45.952858430126973],[-123.93083824574602,45.952860886496566],[-123.93083970640667,45.952863341616982],[-123.93084116976227,45.952865796737278],[-123.93084263401619,45.95286825060834],[-123.93084410186334,45.952870705103862],[-123.93084557060884,45.952873157101067],[-123.93084704204929,45.952875610347277],[-123.93084851438802,45.952878061719701],[-123.93084998942173,45.952880512467488],[-123.93085146715039,45.952882963215131],[-123.93085294577733,45.952885414587222],[-123.93085442620091,45.952887864085568],[-123.93085590842112,45.952890312334709],[-123.93085739423462,45.952892761208275],[-123.9308588809464,45.952895208832594],[-123.93086036945482,45.952897655832295],[-123.9308618597599,45.952900102207323],[-123.93086335186159,45.952902549206804],[-123.93086484845485,45.952904993083401],[-123.93086634504812,45.952907438833542],[-123.93086784253968,45.952909883334499],[-123.93086934272621,45.952912327210768],[-123.93087084560767,45.952914770462378],[-123.93087235028577,45.952917212464797],[-123.93087385676051,45.952919654467117],[-123.93087536593019,45.952922095844706],[-123.93087687509988,45.95292453597316],[-123.93087838876112,45.952926977350586],[-123.9308799033207,45.952929415605126],[-123.93088141967688,45.952931855733212],[-123.93088293782972,45.952934293362979],[-123.93088445777917,45.95293673099269],[-123.93088598132189,45.952939168622244],[-123.93088750306799,45.952941605002565],[-123.9308890311023,45.952944040758261],[-123.93089055913659,45.952946476513844],[-123.93089208896754,45.952948909771123],[-123.93126611690911,45.953543601263917],[-123.93142410182149,45.953543495715628],[-123.93540317499945,45.953540759579695],[-123.93542415515293,45.954494765998469],[-123.93545778178894,45.956023825163683],[-123.93548122063136,45.957089515573131],[-123.9355325225189,45.959422030774192],[-123.93553597294792,45.959578897360366],[-123.93555997054239,45.960669882077624],[-123.93559034797204,45.962050824459546],[-123.93563344015624,45.96400985961634],[-123.93563843029763,45.964236635795714],[-123.93564505177959,45.964537575578277],[-123.93569815029774,45.966951135325075],[-123.93571690262928,45.96780345834663],[-123.93563826231269,45.967804660288195],[-123.93565755273511,45.969361090958927],[-123.93572786387239,45.969360497185249],[-123.93573620113654,45.969360427256042],[-123.93589482385276,45.969359087987293],[-123.935904352283,45.969907496159024],[-123.93590673551344,45.970044592046484],[-123.93591626484198,45.970593000298827],[-123.93591863998759,45.970730105103513],[-123.93592816931611,45.971278510314448],[-123.93593054895332,45.97141560905181],[-123.93593781362901,45.971833551822776],[-123.935947452552,45.972388594012088],[-123.93537908757341,45.972393390142351],[-123.93535758010889,45.972393571199071],[-123.93534794298253,45.971838527186634],[-123.93515131524158,45.971840186681703],[-123.93515091459295,45.971817144794151],[-123.93514833283481,45.971668318169073],[-123.93514795644073,45.971646703455704],[-123.93514695841243,45.971589189047307],[-123.93514287197621,45.971353690272309],[-123.93494625052345,45.971355348533237],[-123.93485008048241,45.971356159557679],[-123.93479363573985,45.971356635308723],[-123.93406146476583,45.971362808209335],[-123.93307834672224,45.971371088898195],[-123.93117223397876,45.971387135811966],[-123.93117384825135,45.97139893530418],[-123.93117968370741,45.971440343703712],[-123.93118474212078,45.971523354580711],[-123.93119901814728,45.971594543408976],[-123.93120196911296,45.971642966769146],[-123.93120850705162,45.971695905323934],[-123.93120910353298,45.971705683133344],[-123.9312123015354,45.971758163986507],[-123.93121468925742,45.971797363826127],[-123.93121707697942,45.971836563638],[-123.9312121497201,45.971864429164491],[-123.93121024978326,45.971887586535118],[-123.93120933260337,45.971896947252141],[-123.931208206116,45.971908437587913],[-123.93120961826762,45.971917790809357],[-123.93121310642587,45.971940893840227],[-123.93121376129771,45.971945233617767],[-123.93121971263646,45.971962763793179],[-123.93123171682362,45.971998118814952],[-123.93123394913709,45.972004696839377],[-123.93125618064376,45.972043309002977],[-123.93128157691514,45.972079517442033],[-123.93130957740254,45.972104098210593],[-123.93135840532982,45.972144233685505],[-123.93141127926914,45.972166925808814],[-123.93148427636912,45.972198256232332],[-123.93154492792215,45.972214939104383],[-123.93160571691742,45.972233928266093],[-123.93166911192536,45.97224129042759],[-123.93173855888332,45.972239233242945],[-123.9318052605898,45.972246498007472],[-123.93184937595511,45.972263672216606],[-123.93193605978676,45.972272653898791],[-123.93197919149678,45.97227368530001],[-123.93203280564791,45.972283647186181],[-123.93212005182494,45.972301852784476],[-123.93217451039239,45.972325649290504],[-123.93226302139733,45.972364608359968],[-123.93233070855568,45.972388012757513],[-123.93239192065744,45.972413919473084],[-123.93244586449028,45.972425176825311],[-123.93247916683447,45.972432125652865],[-123.93254572840378,45.972437082857262],[-123.93259036030034,45.972439027030276],[-123.93269387137393,45.972448082979646],[-123.93288615037058,45.972502768895346],[-123.93306357931729,45.972572130919424],[-123.93309944635165,45.972589103992938],[-123.9331270614618,45.972602169996961],[-123.93359517894623,45.972408424091292],[-123.93407950473336,45.972404345945741],[-123.93465739904047,45.972399475520746],[-123.93486931161598,45.972397689302731],[-123.93611005480496,45.974073119623981],[-123.93805913576512,45.97554465260724],[-123.93811162073391,45.975626720886929],[-123.93814773749989,45.975618784822096],[-123.93832610967766,45.975894014901826],[-123.93833983054532,45.975889844617392],[-123.93809957163099,45.97551416875244],[-123.93925627383187,45.975161833006929],[-123.93939665895121,45.975116812052349],[-123.93912272129857,45.974693840288566],[-123.93887854842458,45.974355079971268],[-123.93853792164187,45.97388278326337],[-123.9395797293179,45.973857643271913],[-123.93961196805681,45.974507075864217],[-123.93962135814648,45.974506851737019],[-123.93961939622591,45.973866513567209],[-123.93982337667748,45.973858826976922],[-123.94017584684887,45.973528977476597],[-123.94026181741819,45.973410337060557],[-123.94024956978761,45.972988112693173],[-123.94021217112569,45.972813247843114],[-123.94011020245948,45.972647111208495],[-123.94044874784566,45.972507551904698],[-123.940653485577,45.97248184751669],[-123.9413020485509,45.972027221697331],[-123.94177929471527,45.971843923979314],[-123.94225871749757,45.971995987949398],[-123.94246617353096,45.972318806586408],[-123.94248199196478,45.972307050369288],[-123.94250222112669,45.972298124882769],[-123.94251741073981,45.972294603635618],[-123.94253747910327,45.972293414278148],[-123.94257768679708,45.972293914994488],[-123.94261404161662,45.972291137953988],[-123.94265024102762,45.972285815500719],[-123.94267371849756,45.972271533217693],[-123.94269228487786,45.972256547929767],[-123.94270958283697,45.972240750377587],[-123.94272571568115,45.972225836255568],[-123.94275066459154,45.972215753862251],[-123.942785497665,45.972207927816029],[-123.94280742374444,45.972208125106071],[-123.94283928069937,45.972211423470959],[-123.94286025186969,45.972215894962055],[-123.94288339606467,45.97221605479195],[-123.94290093028069,45.972214654407402],[-123.94291087912246,45.972207595669495],[-123.94292965211528,45.972196001131714],[-123.94293239018026,45.972192695898229],[-123.94294552354972,45.972176848380997],[-123.9429529984312,45.972159644801117],[-123.94295850240893,45.972150143652833],[-123.94296537991073,45.972143145467285],[-123.94297990926216,45.972141865577797],[-123.9429946515143,45.972143973961614],[-123.94301435606005,45.972147631948019],[-123.94303918190124,45.972155386204101],[-123.94306627778515,45.972160522617749],[-123.94309620156557,45.97216811392029],[-123.94311424692299,45.972168436077709],[-123.94313891645733,45.972173644913141],[-123.94316393723294,45.972181459726158],[-123.94319347833108,45.972189852673019],[-123.94321434619512,45.972192629718634],[-123.94323035237686,45.972195549736966],[-123.94324620315005,45.972195926835759],[-123.94326068668737,45.972193799099514],[-123.9432713092656,45.972188389229878],[-123.94328299634745,45.972180400852444],[-123.94329204687394,45.972169092254887],[-123.94330500058032,45.972161913014311],[-123.94332038422958,45.972154665720119],[-123.94334078586799,45.972149812754594],[-123.94336746673025,45.972148171374577],[-123.94339785314305,45.972147267959947],[-123.94341610870624,45.972147586995796],[-123.94354066640859,45.972157752438228],[-123.94356696099526,45.972165160186357],[-123.94359974770653,45.972183714203027],[-123.94361158211207,45.97219202348856],[-123.94361536581604,45.972201668851227],[-123.9436197424081,45.972211988494628],[-123.9436306039382,45.972230343332647],[-123.94364575941538,45.972239233242945],[-123.94365558428962,45.972240637372956],[-123.94368353716634,45.972239805758385],[-123.94371012011221,45.97223646868644],[-123.94372798580659,45.972229994953494],[-123.9437413051273,45.972228750653116],[-123.94378071152389,45.972236068487497],[-123.94381350182839,45.972254621231748],[-123.94383905261,45.972274239085053],[-123.94386080172134,45.972291420777594],[-123.94388909146627,45.97231605202321],[-123.94391871251445,45.9723269703818],[-123.9439385814519,45.97232952703056],[-123.94395129710475,45.972329066896215],[-123.94396142920284,45.972328459418989],[-123.94396695923173,45.972326822414587],[-123.94397352052655,45.972322880992238],[-123.94398145624379,45.972313304327471],[-123.94398569449531,45.972302990322014],[-123.94399226207832,45.972290906950164],[-123.94400157131965,45.972283839481278],[-123.94401103327451,45.972279311805522],[-123.94402688584434,45.972279689528051],[-123.94405054387565,45.972288325326275],[-123.94407076674933,45.9723004598941],[-123.94409093841904,45.972311746613094],[-123.94411095557851,45.972320492289157],[-123.94413794905448,45.972323932371232],[-123.94417208323866,45.972324616641608],[-123.94421810033739,45.972323509072574],[-123.94423786596859,45.972325206637493],[-123.9442571797472,45.97233157734415],[-123.9442614763892,45.972332994582771],[-123.94426452167802,45.972334954367774],[-123.94420831948058,45.972138030903842],[-123.94473812337726,45.972113891556347],[-123.94517242288453,45.972143056187214],[-123.94556650930809,45.972415349820594],[-123.945576353047,45.972736858042659],[-123.94558306436048,45.972956187732649],[-123.9456225039947,45.972955739465739],[-123.94563723097546,45.973447698352288],[-123.94513507452828,45.973751618534941],[-123.94514590461735,45.974105640785034],[-123.94603056461082,45.97409072841382],[-123.94604315988944,45.974501970883658],[-123.94612968292266,45.9745005124961],[-123.9482454004697,45.974564863187076],[-123.9504685960506,45.974204685648608],[-123.95127657944468,45.973897649491171],[-123.95205103591576,45.973603349006993],[-123.95318106893247,45.973683192593583],[-123.95320294560459,45.973684541122537],[-123.95322173027549,45.973685397063797],[-123.9532374004873,45.97368589714327],[-123.95326249312812,45.973686296083081],[-123.95329072897415,45.97368615373837],[-123.95331894505723,45.973685384577436],[-123.95334085586533,45.973684352578182],[-123.95337208130459,45.97368222552349],[-123.95340938025349,45.973678658164694],[-123.9534464258775,45.973673992004116],[-123.9534740086483,45.973669774728613],[-123.95349531848349,45.973666073140407],[-123.95347536151112,45.973613022218252],[-123.95417256107112,45.973485511627345],[-123.95421247681246,45.973591612416463],[-123.95463596868852,45.973514158598228],[-123.95619534161382,45.973228945611332],[-123.95621109087737,45.973883809640078],[-123.9565540586697,45.973783545534246],[-123.95661489078412,45.973884701164309],[-123.95621393314694,45.97400191899802],[-123.95622080525885,45.974287698625453],[-123.95650498011247,45.974195500753588],[-123.95701638112223,45.974080148157029],[-123.95912500557182,45.9736901743522],[-123.9593374391702,45.973635282334925],[-123.95975437873459,45.973492539610639],[-123.96003763640832,45.973382776356893],[-123.96077716278785,45.973031467178394],[-123.96249999316225,45.972147761185632],[-123.96506437966785,45.970885188993499],[-123.96560704384613,45.970588799021911],[-123.96586672074362,45.970468065087985],[-123.96614987690771,45.970369179620619],[-123.96710955341396,45.970056200146196],[-123.96756593710417,45.969935323945656],[-123.96773891849189,45.969869501873511],[-123.96803004989908,45.969732201385781],[-123.96905252942344,45.969150363339409],[-123.96968967301342,45.968848468973704],[-123.97013012418374,45.968606932066621],[-123.9705390795219,45.968343426578471],[-123.97067268505579,45.968233655617361],[-123.97075137208481,45.968134881047042],[-123.97172647985097,45.967393932535927],[-123.97205676073655,45.967075555227069],[-123.97215099939974,45.966943885475892],[-123.97239447338444,45.966164701294815],[-123.97261417884506,45.96530327283871],[-123.97285758276119,45.96470518519299],[-123.97318772710281,45.964255216820909],[-123.97327413155844,45.964052241402619],[-123.97349390169775,45.963240134346385],[-123.97357252135311,45.963086540816782],[-123.97378466749059,45.962812102573778],[-123.97425640518566,45.962378568619428],[-123.97461803727461,45.961988904578135],[-123.9747751921437,45.961758407447064],[-123.97485371208604,45.961577278200934],[-123.97490078380694,45.961281025136806],[-123.97488498693265,45.961160377073305],[-123.97465656601717,45.960792852967444],[-123.97440467032666,45.960529576331538],[-123.97398731394397,45.959970158894045],[-123.97375094383651,45.959465444587444],[-123.97364051034538,45.958944263009457],[-123.97360085242055,45.958477921797915],[-123.97361616420456,45.957819580147046],[-123.97373378870955,45.957336773812443],[-123.97389872927718,45.95690325134656],[-123.97398512115636,45.956744195147998],[-123.974212986913,45.956447838802248],[-123.97493616934428,45.955734306596497],[-123.97554142004674,45.955081268946536],[-123.97582439475113,45.954845194743214],[-123.97619395716745,45.954609186359377],[-123.97751496842031,45.953977734583631],[-123.9782305169683,45.953582506717012],[-123.97897737629552,45.953082866789323],[-123.97929965768347,45.952940139177265],[-123.98084098525132,45.952418366598799],[-123.98226427958075,45.952039162642379],[-123.98448975957743,45.951506043158346],[-123.98502449612334,45.951324750486812],[-123.98575562954319,45.950984329529192],[-123.98636101858621,45.950676765553666],[-123.98660471175985,45.950528579787026],[-123.98673038067821,45.950418764158059],[-123.98687187881019,45.950270560213376],[-123.98702101172375,45.949985215678417],[-123.98713051635691,45.949321283579032],[-123.98722484754656,45.949162148780673],[-123.9883252119044,45.948442923198428],[-123.98865536792412,45.948289120631458],[-123.98940236110033,45.948030898253464],[-123.98944951456789,45.947997998261592],[-123.99015705643177,45.947734348528144],[-123.99042433756814,45.947608000109298],[-123.99091961920847,45.947322433245525],[-123.99116332226356,45.947212576910367],[-123.99272788385794,45.946778464927917],[-123.99304244332774,45.946663042119582],[-123.99338822464352,45.946481819180761],[-123.9935139250029,45.946361012720303],[-123.99354538849573,45.946295217605709],[-123.99351378396743,45.946180011786673],[-123.99344289431508,45.946053812859383],[-123.99330899862537,45.945889368676141],[-123.99292338780648,45.945609749481875],[-123.99257689592331,45.945236810926069],[-123.99204177310183,45.944885940395636],[-123.99199461334604,45.944831179119539],[-123.99186064129948,45.944567906602224],[-123.9916715701867,45.944260736782134],[-123.9916319437029,45.94401383809528],[-123.99141927474589,45.943569525379033],[-123.99134036942628,45.943355636945498],[-123.99115066949281,45.94236820937703],[-123.9911030102737,45.941901856110626],[-123.99118100380332,45.941232522369042],[-123.99125931803145,45.940914207746737],[-123.99138509295105,45.940826440847779],[-123.99172306970362,45.9406726546299],[-123.9919116458447,45.940518902968286],[-123.99214745450512,45.940409023780056],[-123.9922732186449,45.940321256706106],[-123.99238325777561,45.940277276289258],[-123.99261911135177,45.940249752200536],[-123.99269773370206,45.940216758259041],[-123.99304341710149,45.939953270796394],[-123.9930827839722,45.939903875191192],[-123.99304326798116,45.939728258093893],[-123.99306667897577,45.939536248839602],[-123.99304288799381,45.939432051270202],[-123.9929484552945,45.939294895247947],[-123.99276742590011,45.939141387150194],[-123.99272013319367,45.939064577342847],[-123.99268863466656,45.938954949529695],[-123.99269622363408,45.938707996602972],[-123.99260157713574,45.938450233115802],[-123.99238107936104,45.93813758496956],[-123.99234153552224,45.937967542915196],[-123.99223923807263,45.937808493595853],[-123.99208182808202,45.937676926718531],[-123.9918930255655,45.937644093049862],[-123.99178291636619,45.937589245905144],[-123.99175136214353,45.937534437439204],[-123.99177473540888,45.937325873401036],[-123.9915781355157,45.937304090356093],[-123.99149956257274,45.937260220622058],[-123.99105089451251,45.936898335536526],[-123.9908934827253,45.936700878158092],[-123.99051598638837,45.936640700454184],[-123.99016991761171,45.936498259740624],[-123.98920994645803,45.935906246697762],[-123.98898190283496,45.935856920582509],[-123.98836847297184,45.93577492957877],[-123.9874796771348,45.935506492362308],[-123.98703933466062,45.935407966825771],[-123.98632340253201,45.935095535808948],[-123.98589874554101,45.93502990288053],[-123.98558417888469,45.934953236694398],[-123.98514370705311,45.934788819561426],[-123.98482911075241,45.934629886076515],[-123.98419965224967,45.93420220747133],[-123.98397931527343,45.933938951955746],[-123.98356199661997,45.93325886281086],[-123.98335707293735,45.932787110426801],[-123.98316825065788,45.932584154696904],[-123.98292419186991,45.93212344656326],[-123.98284523714297,45.931772383705194],[-123.9828608435744,45.931684579843534],[-123.98293932309257,45.931563839232027],[-123.98312803038768,45.931454023521624],[-123.98325376398473,45.931349704549582],[-123.98341859944946,45.93108627367058],[-123.98352861702064,45.930976505748994],[-123.98398437728004,45.930702019077948],[-123.98421222417207,45.930449566717108],[-123.98420425342054,45.930422090233897],[-123.98399201206163,45.930411234220166],[-123.98356751856403,45.930455309935155],[-123.98337097526469,45.930493815472808],[-123.98296219599634,45.930631086984732],[-123.98272644482812,45.930779378423786],[-123.98267939915837,45.930861689214083],[-123.9826086837792,45.930911082252507],[-123.98251432833503,45.930922066252613],[-123.98238849682163,45.930911176597427],[-123.9817986719892,45.930730394514029],[-123.98146043831844,45.930670120984296],[-123.98092591826648,45.930714231482575],[-123.98083950033616,45.930802102484634],[-123.98078461057736,45.931010574846056],[-123.98059590148561,45.931098423510676],[-123.98040725886922,45.931131457866485],[-123.98021071467159,45.931126036489715],[-123.97994332663566,45.93101636861482],[-123.97969945200236,45.930835478158748],[-123.97960497079404,45.930714785058164],[-123.97947118200382,45.930610625895255],[-123.97943971401941,45.930544740236179],[-123.97927451473697,45.930341844404481],[-123.97904635523123,45.930144436158486],[-123.97876317391432,45.929936073632476],[-123.97863715644962,45.929804398104373],[-123.97840116632956,45.929513718508311],[-123.97826729579266,45.929294354921815],[-123.97810982202166,45.928921277878132],[-123.97796784868092,45.928394701091314],[-123.97796766093303,45.928186156414583],[-123.97792037541308,45.927895395857057],[-123.97769974109447,45.927215221980696],[-123.97773096024551,45.927039619684734],[-123.97782513063675,45.926820184453817],[-123.97780934454227,45.92663364917231],[-123.97791921838301,45.9263537779023],[-123.97796629369712,45.926287938424643],[-123.97821774382327,45.926123230663954],[-123.97831196811343,45.925980576104514],[-123.97846133099571,45.925870744965763],[-123.97868916710794,45.925771945493914],[-123.97875204648291,45.925717042242383],[-123.97875183627713,45.925426236249521],[-123.9787753397982,45.925376887691037],[-123.97897964005001,45.925157321534392],[-123.97898741676545,45.9250859699385],[-123.97882224443246,45.924883071635136],[-123.97871192143411,45.924652703871367],[-123.97866472035582,45.924608825379089],[-123.97858604680155,45.924564944977448],[-123.97835022376812,45.924510175503926],[-123.97809866135256,45.924499281465579],[-123.97784704144485,45.924433575384597],[-123.97756392750161,45.924263548173975],[-123.97753239483849,45.924208735911314],[-123.97747727511097,45.924044134455265],[-123.97751633565618,45.923786292185753],[-123.97775961021487,45.923215639585017],[-123.97770443389348,45.922908380221457],[-123.97771214593021,45.922826137615047],[-123.97779858991169,45.922754744277462],[-123.97803434916476,45.922688819292148],[-123.97811299217631,45.922628470785305],[-123.97797928692941,45.922513240786259],[-123.97767248441212,45.922337832946653],[-123.97754665559363,45.922244586905919],[-123.97745219953815,45.922102017982176],[-123.97738125419026,45.921844124817895],[-123.97725536967623,45.921586344812575],[-123.97720810212262,45.921531486161321],[-123.97716078965321,45.921377894522386],[-123.97727050718709,45.920884080989744],[-123.97726261638563,45.920757866981262],[-123.97733332996816,45.920664555168607],[-123.97745894408931,45.920598675193311],[-123.97755331749978,45.920516407915805],[-123.9776555215246,45.920505363737796],[-123.9779935270233,45.92054918048413],[-123.97815863288093,45.920543626215412],[-123.97828428562961,45.920384405066393],[-123.97847276924423,45.920263709223029],[-123.97853570880628,45.920197827521925],[-123.97856711390862,45.92012095960586],[-123.97855909285143,45.919972881518071],[-123.97845674419786,45.91981381621256],[-123.97836234024466,45.919748021467043],[-123.97819724337019,45.919709654702871],[-123.97773340635804,45.919660436043635],[-123.97762334387113,45.919605574238254],[-123.97757621286142,45.919550807367848],[-123.97756825558464,45.919435577850983],[-123.97761526532177,45.919336796290374],[-123.97766219960043,45.919013092780872],[-123.97777214530635,45.918870393065738],[-123.97786648368255,45.918771564878504],[-123.97825930887146,45.918486206334919],[-123.97869913840761,45.918123846902525],[-123.97883268644932,45.917981211769806],[-123.97883261817738,45.917926310807275],[-123.97869115957124,45.917882518862342],[-123.9784159930233,45.917877141186871],[-123.97788931167057,45.917751147194956],[-123.97765332604205,45.917663436754161],[-123.97743332862895,45.917641557868443],[-123.97694572219443,45.917471661705818],[-123.97681999219064,45.917471751074025],[-123.97648999157946,45.91755963242953],[-123.97629336204184,45.917576166140371],[-123.97583750656101,45.917510489982092],[-123.97549945165498,45.917521571628441],[-123.97505142858513,45.917483283943568],[-123.97468188413512,45.917390220979819],[-123.97441445028517,45.917236616626987],[-123.9744144592683,45.917170820700306],[-123.97457153778056,45.917061025241807],[-123.9745951140652,45.916978735845198],[-123.97458722506036,45.916874485268828],[-123.97465007568923,45.916781242545461],[-123.97461072049663,45.916720911361395],[-123.97446133156321,45.916666024775942],[-123.97406822160835,45.916589370078924],[-123.97375372771559,45.916435891001903],[-123.97341567191123,45.91644696723813],[-123.97310912721044,45.916386668813757],[-123.97280251333932,45.916381365364117],[-123.97259029713325,45.916332052507656],[-123.97231512519539,45.916200466555736],[-123.97208703306329,45.916068844043643],[-123.97192193169724,45.915948202559761],[-123.97181170302197,45.9157946010899],[-123.97171741764639,45.915712325439664],[-123.97143426597388,45.915558847686725],[-123.97126130165414,45.915416220960104],[-123.97107243805219,45.915174901768602],[-123.97089943869813,45.914889614726107],[-123.9704982196512,45.914346600699034],[-123.97027778206363,45.91389133352498],[-123.96999468339173,45.913540286527265],[-123.96965630868546,45.912843631534443],[-123.96943589804735,45.91244867042488],[-123.96924688532505,45.911620235537249],[-123.96897142412969,45.911099097870263],[-123.96873513217567,45.91013911814288],[-123.96863400253594,45.909608292811505],[-123.96863108929946,45.909622772507376],[-123.96862820211415,45.909644679556251],[-123.96862602908946,45.909673869565054],[-123.96862586829103,45.909712728298949],[-123.96862704957563,45.909734890328451],[-123.9686294283145,45.909760169419648],[-123.96863336024053,45.909788986219475],[-123.96648987307309,45.909759736892511],[-123.96750175696867,45.910381414281119],[-123.96848029989251,45.91040194095995],[-123.96849891029025,45.911105277483436],[-123.96616659186022,45.91107445878886],[-123.96616746592099,45.911381234292378],[-123.96537338036264,45.911355799684152],[-123.96527858743892,45.911270506096152],[-123.96488698665374,45.910782331615628],[-123.96474921742849,45.910629974031735],[-123.96452071476631,45.910329359074538],[-123.96435405751818,45.910076317097356],[-123.96433604180515,45.910038429298979],[-123.96419419872011,45.909812097652164],[-123.96411264696364,45.909614175071219],[-123.96405223256586,45.909369251650702],[-123.96402220997075,45.909178316752659],[-123.96400611216087,45.909022647014396],[-123.9639479327715,45.908892640106124],[-123.96002607149734,45.908919861607146],[-123.96001193740467,45.9083478116222],[-123.95804841782292,45.908382320903875],[-123.95803806473927,45.907447570581695],[-123.95475370009302,45.90750527594988],[-123.95475248467245,45.907395589506734],[-123.95476791683073,45.907369742403667],[-123.95493745497599,45.907268437845282],[-123.95508167230831,45.907208942661455],[-123.95558604489933,45.907108215373476],[-123.95569771806554,45.907042775604452],[-123.95574367048559,45.90697806709079],[-123.95574933795672,45.906899089998234],[-123.9557112745415,45.906824062625127],[-123.9555995313067,45.906695679509518],[-123.95537621821188,45.906485713102938],[-123.95491103462517,45.906287988062132],[-123.95471605169948,45.906162580336314],[-123.95465423682815,45.906079066498521],[-123.95462799524205,45.90530691087455],[-123.95458796810965,45.904628516013375],[-123.95455563684426,45.904288034017341],[-123.95451498987427,45.903523475440785],[-123.95368012529362,45.903532613914805],[-123.95353444101241,45.903157774593531],[-123.95349942647927,45.902788092463247],[-123.95355585954374,45.902371604351949],[-123.95373219793571,45.901727099417954],[-123.95404601000713,45.90067492309759],[-123.95483437419544,45.900680828809072],[-123.95489920740614,45.897057797187344],[-123.95488383543497,45.894997279622245],[-123.9511464764421,45.894951934704643],[-123.94899790301355,45.894939271782135],[-123.94901073365074,45.891325812583254],[-123.95250450996276,45.89124167994094],[-123.95291997090018,45.891038542217089],[-123.95320186672792,45.890989464447706],[-123.9533513931036,45.890951460456087],[-123.95354301633013,45.89073732409004],[-123.95326290455654,45.890673767047232],[-123.9536478919446,45.889388656175768],[-123.95304064518558,45.889403466910345],[-123.95263199078306,45.88973174998258],[-123.95213108389243,45.889967687490014],[-123.95178608950081,45.890055372919846],[-123.9515262419234,45.889970760027651],[-123.95105980608515,45.889742690863315],[-123.95097313123667,45.889312028209631],[-123.95096059075532,45.888900658802889],[-123.95171478572513,45.888880334891148],[-123.95341192428239,45.888897249183344],[-123.95482009906728,45.888849948428252],[-123.95481501280611,45.888740322045521],[-123.95340930030346,45.888787539732348],[-123.95171702881839,45.888770672927699],[-123.95079725278214,45.888353727014632],[-123.95221968922047,45.887514334505681],[-123.95485205932846,45.887505784294106],[-123.9548824187918,45.885816523311412],[-123.95563035789397,45.885823582421736],[-123.95576194491341,45.885637316405301],[-123.9557429482401,45.884913797715342],[-123.95749571586967,45.88491766656346],[-123.95750244425112,45.885836785188012],[-123.9584557624818,45.885843579790269],[-123.95917374995577,45.885845758990243],[-123.95967910889695,45.8844021875436],[-123.95974751560584,45.884075530093263],[-123.95975865202044,45.883727057259982],[-123.95971300502757,45.88326201757139],[-123.95953327729204,45.882589233484296],[-123.95921471043779,45.881905603261529],[-123.95919713939081,45.881866018415288],[-123.95917787322291,45.881823124794359],[-123.95916328637935,45.881790987857045],[-123.95914366358029,45.881748195485635],[-123.95913069550085,45.88172018709809],[-123.95912186236664,45.881701215078287],[-123.95911386286905,45.881684110988381],[-123.95909634841594,45.881646902336051],[-123.95908121449837,45.881615008560289],[-123.95906852759158,45.88158843779992],[-123.95905618653623,45.881562715635802],[-123.95904043817096,45.881530117659715],[-123.959022453899,45.88149311964974],[-123.95900443099946,45.881456244185252],[-123.9589838101721,45.881414274527621],[-123.95896824057159,45.881382710807699],[-123.95895008202642,45.881346038511623],[-123.95892932106192,45.881304243871405],[-123.95891109604142,45.881267659073977],[-123.95889806507989,45.881241550914055],[-123.95888240834282,45.881210239741733],[-123.95886674441923,45.881178943560414],[-123.95885770736746,45.88116089251286],[-123.95884331545831,45.881132177796083],[-123.95878193806649,45.881009724374337],[-123.95876895651232,45.880983814958718],[-123.95875334469102,45.880952650601557],[-123.95873780653153,45.880921606922186],[-123.95872229442321,45.880890576983425],[-123.95870679848456,45.880859520762051],[-123.95869210743641,45.880830027935595],[-123.9586784826885,45.880802624438715],[-123.95866056668845,45.880766492075665],[-123.95864020816917,45.880725267333325],[-123.9586173873677,45.880678825752433],[-123.95859478395852,45.880632547978891],[-123.95856989613358,45.880581176547103],[-123.95854284965699,45.880524717071197],[-123.9585209981377,45.880478576125064],[-123.958504111607,45.880442566123634],[-123.95848269666895,45.880396412601904],[-123.95846856257626,45.880365635019409],[-123.95845585860152,45.880337737250805],[-123.95844293992943,45.88030914593206],[-123.95842916067129,45.880278374554905],[-123.95841329732167,45.880242627705158],[-123.95845076245891,45.880234570417947],[-123.95844180535723,45.880213933151097],[-123.95842853724045,45.880183379350733],[-123.95841765055752,45.880157980479098],[-123.95840684921457,45.880132488415271],[-123.95839829186316,45.88011209750745],[-123.95839142873439,45.880095608295512],[-123.95838141251899,45.880071294406662],[-123.95837308154303,45.880050859700226],[-123.95836276798526,45.880025270028938],[-123.95835259905624,45.879999729125053],[-123.9583425981122,45.879974286393214],[-123.95833629283722,45.879958065426102],[-123.95832871195452,45.879938384880212],[-123.95832092715425,45.879917945121896],[-123.9583165909864,45.879906474489317],[-123.95830934068371,45.879887110365196],[-123.95829612916086,45.879851293221606],[-123.9582779239033,45.87980051454975],[-123.95826383292976,45.879759816283475],[-123.95824852653563,45.879714041798728],[-123.95823787700793,45.879681170073262],[-123.95821667766553,45.879612863137162],[-123.95819803942003,45.879550670450861],[-123.95817226855115,45.879464675101516],[-123.95815813266184,45.879410769172019],[-123.95814208066602,45.879345000952966],[-123.95813076907999,45.879294909113412],[-123.95812019501076,45.879244737805109],[-123.95811035845841,45.879194493907072],[-123.95809989488197,45.879136231916256],[-123.95809332819725,45.87909645998311],[-123.95808644350892,45.879051340980681],[-123.95806315558349,45.878859318709317],[-123.95804994675555,45.878654098808866],[-123.95804493056299,45.87831100662563],[-123.95802073803411,45.878311334957054],[-123.95802144590655,45.878286903964252],[-123.95802251130847,45.878254880679414],[-123.95802505443901,45.878190303719691],[-123.95802892527958,45.878109587730371],[-123.95803285900223,45.87803947521931],[-123.9580372903915,45.87796930570866],[-123.95804377892283,45.877877441052284],[-123.95805049562618,45.877790483751049],[-123.9580571790919,45.877708827830141],[-123.95806349784161,45.877634500237086],[-123.95807325624054,45.877522955501945],[-123.95808578414548,45.877382110386698],[-123.95812782979236,45.876909718440608],[-123.95815174384354,45.876641038945323],[-123.95736364645489,45.876656210814261],[-123.95651569970876,45.876666249924874],[-123.95656444139779,45.87611883744102],[-123.95741238005905,45.876108797606079],[-123.95742460253682,45.875971515674486],[-123.95624693545383,45.875985455649939],[-123.95623363589607,45.875437065799076],[-123.9566883873474,45.875431682760627],[-123.95674950512607,45.874745273230474],[-123.95648972941392,45.874748347860923],[-123.95651595752526,45.874453717935559],[-123.95651275233631,45.874179492674784],[-123.956512269941,45.874138387507941],[-123.95584632726133,45.8741483313811],[-123.95466106492263,45.874166023828025],[-123.95466185364346,45.873364495541459],[-123.95765820403658,45.873347401394149],[-123.95854248853428,45.873341094364854],[-123.9590120693743,45.872793980617026],[-123.95937775106857,45.872367911294837],[-123.95932132249568,45.872118176382088],[-123.95863038958312,45.871079916944183],[-123.95864213146221,45.870981907483831],[-123.957847276946,45.871011104683767],[-123.95653184333273,45.871019023827429],[-123.95474169770252,45.871029809522859],[-123.95476261317731,45.869247691391834],[-123.95466592031673,45.869247134075536],[-123.95466596702913,45.869200236297374],[-123.95466774928666,45.867392210055954],[-123.95589546241243,45.867384991599266],[-123.95818825227501,45.867371472315561],[-123.95830631875114,45.867370776115848],[-123.95853607635976,45.867372048416144],[-123.95868329496348,45.865700138756168],[-123.95880179532585,45.864988352733008],[-123.9589202516708,45.864406098463697],[-123.95905410873299,45.864007531146349],[-123.96034293245087,45.8608715531388],[-123.9608664140046,45.859783389594071],[-123.96127219020497,45.859231081849821],[-123.96160231568199,45.858831391369002],[-123.96165197814413,45.858771940010236],[-123.96405052846175,45.85875450854877],[-123.96409052684811,45.858361599467081],[-123.96412185828859,45.85827376141426],[-123.96412182774586,45.858175018669719],[-123.96420027761964,45.857988492301018],[-123.96432579382439,45.857834777401344],[-123.96443568383481,45.857604334072519],[-123.96443553201949,45.857483636870072],[-123.9645139783,45.857297104428341],[-123.96452967007139,45.857154401858111],[-123.96451371778855,45.856797836525999],[-123.96443509453995,45.856534512242149],[-123.96427785253431,45.856216314816685],[-123.96426204667688,45.85608467585385],[-123.96410464656775,45.855371440967836],[-123.96386468140253,45.854120624635897],[-123.96362704646718,45.853275740220447],[-123.96335841426459,45.852381529625518],[-123.9628545887476,45.851273377212891],[-123.96264993994949,45.850702833274738],[-123.96255559798,45.850373661984527],[-123.96246103233007,45.849792110640266],[-123.96228036855001,45.849660515913612],[-123.96219401978995,45.849627581361013],[-123.96224105108666,45.8495617516176],[-123.96225679675698,45.849473947844899],[-123.96222523265281,45.849331373494934],[-123.96217818428813,45.849254542615014],[-123.96214662377724,45.849089915384418],[-123.96189525629613,45.848607166842463],[-123.96181658903008,45.84835481788145],[-123.96186358169921,45.848234173814276],[-123.9620990786442,45.848080436332069],[-123.96216182956007,45.848014559078955],[-123.96217748989041,45.847899397593821],[-123.96213037505036,45.847811592448529],[-123.96189481073174,45.84764706231681],[-123.96184759168716,45.8475154212164],[-123.96191025366979,45.84715333133817],[-123.96186305079489,45.846977766735961],[-123.96173730641804,45.846736343462375],[-123.9616272026086,45.846363290957825],[-123.96158010303996,45.846275574747764],[-123.96167413778558,45.84604508226775],[-123.96164260512249,45.845650035272996],[-123.96151676013433,45.845013661102868],[-123.96145393555662,45.844947856561554],[-123.96148524543752,45.844903942603075],[-123.96145379182616,45.844640572640479],[-123.96145350975517,45.844190716391722],[-123.96147686235929,45.84383408984452],[-123.9615787465839,45.843378697000901],[-123.96165680299553,45.842385615332844],[-123.96165668980781,45.842012531774564],[-123.96160931625298,45.841452909568837],[-123.96166410180723,45.841052359737283],[-123.96181296881949,45.840454356408493],[-123.96187561373414,45.840300725092789],[-123.96200096464889,45.839631361777201],[-123.96198498990816,45.8391375371259],[-123.96201601232819,45.838396873290705],[-123.96196869536726,45.83784822401995],[-123.96188999037194,45.837398312222717],[-123.96181107786579,45.836301068064721],[-123.96192064627932,45.835642638833818],[-123.96206158925247,45.835094022491063],[-123.96209297099861,45.834852537632202],[-123.96226533344711,45.834303926017974],[-123.96231190750133,45.833091401166634],[-123.96228022302294,45.832597616116573],[-123.96231152392072,45.83238907459161],[-123.96227992657889,45.832005009938307],[-123.96209142769293,45.83163198571448],[-123.96206000192934,45.831489406948009],[-123.9621384922273,45.831456431593423],[-123.9622483184573,45.831456405930673],[-123.96254663998003,45.831500245378166],[-123.96265651831229,45.831533158740783],[-123.96279780174693,45.831609912696855],[-123.96282920056106,45.831675712358454],[-123.96289992672001,45.83175252432823],[-123.96298630512445,45.831796350398236],[-123.96308042251508,45.831818324447106],[-123.96320595758445,45.831818256222235],[-123.96328452334092,45.831774391362629],[-123.96331590059546,45.83169752872373],[-123.96330011989087,45.831521968550206],[-123.96323719649848,45.83141223721428],[-123.96292319667911,45.831116062550791],[-123.96278188270179,45.831044801031972],[-123.96245219021274,45.830973504995981],[-123.96237360379504,45.830918725818179],[-123.96234216365842,45.830819980826348],[-123.96235768744484,45.830435879681922],[-123.96227917828226,45.830183530292523],[-123.96215349229591,45.830062896894056],[-123.96221623063536,45.829975064223461],[-123.96223196283091,45.829909223117248],[-123.96229468410239,45.82986531043364],[-123.96243583997622,45.829568984823737],[-123.96245145000093,45.829481189556212],[-123.96251413354314,45.829360495796777],[-123.96254554403536,45.829195879800686],[-123.96254537784704,45.828954476386045],[-123.96251393052387,45.828855737298618],[-123.96243545459897,45.828762522051186],[-123.96232547116381,45.828685682168761],[-123.96230984137617,45.828630816235751],[-123.962372543783,45.828466204341161],[-123.96238810979025,45.82832359305263],[-123.9623878959912,45.827676166508944],[-123.96243474313327,45.827368936804838],[-123.96252885154077,45.82703970381344],[-123.9626071954133,45.82686415836865],[-123.9627012050061,45.826447169912811],[-123.96296772616776,45.825843578593002],[-123.96299887794517,45.8254924614521],[-123.96293778801429,45.824853775295473],[-123.96059137411912,45.824797257965876],[-123.96048970728684,45.820039933752945],[-123.95942601126058,45.820078638579147],[-123.95941527549464,45.819453602804799],[-123.95575290606502,45.819394993974413],[-123.95474484629759,45.817706653032857],[-123.95579628032021,45.81695366501981],[-123.95784046861446,45.816996081533283],[-123.95781750408254,45.81565671924271],[-123.96100936561071,45.815600148123686],[-123.96096943190308,45.81327858712433],[-123.95943715845493,45.81329146463154],[-123.95928647145594,45.811953173475871],[-123.96060538604091,45.811912324106935],[-123.96065724668057,45.809976972652116],[-123.96010395812742,45.809981623782612],[-123.95994917481072,45.808405223956647],[-123.95594654600936,45.808319712180683],[-123.95608194008899,45.803793851010049],[-123.95515486344441,45.804337427878949],[-123.95484832323517,45.803833934190273],[-123.95623790469028,45.802959041947517],[-123.95616225217032,45.801024757177885],[-123.96552614426662,45.80106507970379],[-123.96671902252227,45.798673553253735],[-123.96580280381455,45.797371510815509],[-123.96253356410273,45.795345107467284],[-123.96120506629029,45.79403607620749],[-123.96039188434567,45.792058881460662],[-123.96155402404892,45.790352328467115],[-123.96260793023522,45.789777861973313],[-123.96447119244134,45.78925609131165],[-123.9640271848408,45.783246691113071],[-123.96401454913803,45.783152823168443],[-123.96262093784051,45.783153160832192],[-123.9567475081712,45.783192853539163],[-123.9472198334357,45.783232687171903],[-123.94587098788378,45.783210852443403],[-123.92813298004769,45.782958740709041],[-123.9275134928446,45.782947663543446],[-123.92603132921968,45.782969525939507],[-123.90657592851159,45.783065078129034],[-123.90513297994207,45.783070148105168],[-123.88775549926717,45.783163000691992],[-123.88595965292818,45.783134843665792],[-123.88430503881985,45.78314507318909],[-123.87709063643375,45.783053352593832],[-123.8762637731473,45.78301993759262],[-123.86475589801356,45.782795084478643],[-123.86343056316925,45.782784695141906],[-123.84352848866089,45.783615195096189],[-123.82265325213726,45.783580940350831],[-123.81419960944366,45.783548637004039],[-123.81401928163353,45.783559646392646],[-123.81371350319566,45.783543199340023],[-123.80200541604299,45.783488072798555],[-123.78145157696505,45.783506587810066],[-123.76482676232736,45.783375044330306],[-123.76070969804029,45.783329407887479],[-123.75899233750766,45.783306574616894],[-123.75159743932647,45.783313635466044],[-123.75125775038492,45.783247623288993],[-123.74017475322775,45.783214396969562],[-123.71984863617604,45.783183476014401],[-123.71995569559498,45.778640535398452],[-123.72002289856137,45.773011152949309],[-123.70359746140777,45.773716793011118],[-123.68356479251834,45.773805607903704],[-123.68308644322282,45.773827546566409],[-123.66414322505884,45.774746933185767],[-123.65367574544949,45.775002098914726],[-123.6444631143757,45.774516219695755],[-123.62625355838911,45.774496462361725],[-123.62380353280908,45.774524901943202],[-123.60366873265838,45.774841030191503],[-123.58652112637311,45.775081802917668],[-123.56706797774146,45.775446306461461],[-123.5457642798616,45.775071972909686],[-123.52563667791128,45.77540185084186],[-123.52277465260259,45.775433783605273],[-123.5117346658829,45.775423921078726],[-123.50612052054728,45.775454111394239],[-123.50450524815683,45.775442347918464],[-123.5012171770617,45.775421057743998],[-123.48489920716213,45.775420235710016],[-123.48493442651116,45.779897448242878],[-123.46504025268571,45.779689890917801],[-123.444322908548,45.779605097523827],[-123.42368402775878,45.779664691735974],[-123.40300586364218,45.779544899924744],[-123.38231219999365,45.779383080612355],[-123.37624610684873,45.779453772971912],[-123.36106012649654,45.779639245700587],[-123.36089397499991,45.786865414865524],[-123.36082961340476,45.794097107477107],[-123.3607415479642,45.801147676724113],[-123.36073979445274,45.808154394009343],[-123.35981049807111,45.822354615225038],[-123.35879437682232,45.836620679970402],[-123.35965466372552,45.851368751574967],[-123.36035107007311,45.866643558527414],[-123.36045312318097,45.866665460014595],[-123.36047172639219,45.874835334314582],[-123.36051200864617,45.881014716020616],[-123.36035972264592,45.89581247086592],[-123.36012877387122,45.910495044394644],[-123.35989761489074,45.925100717413024],[-123.36015342903251,45.939261724570912],[-123.36037804558279,45.953422787710444],[-123.35972941703189,45.967567667495643],[-123.35940389811563,45.982535301197643],[-123.35939386662886,45.998402671254581],[-123.35940255872754,45.999842961734842],[-123.35959410200401,46.012650026764149],[-123.35957479451361,46.026893159064841],[-123.35963279064666,46.039523161623642],[-123.36744020239286,46.039602108201613],[-123.36671411840324,46.054289899265875],[-123.36590088705124,46.068955781943231],[-123.36523703025965,46.083720333139716],[-123.36553512091531,46.098462427941399],[-123.36489449994686,46.112985522194236],[-123.36427419887012,46.124835376344585],[-123.36417344562452,46.127175375879936],[-123.3678822121402,46.127073464620402],[-123.36761941539373,46.126181324943865],[-123.37116780927504,46.126741368578905],[-123.38025995830291,46.12664004548887],[-123.38077089668032,46.118780066556134],[-123.38611194249145,46.118654991541916],[-123.38591422958565,46.127121168501937],[-123.38365364971587,46.127093058691834],[-123.37731947593394,46.132364895083569],[-123.37969406638631,46.134000123530853],[-123.37959965614489,46.135214895837642],[-123.38362356334039,46.137558940573612],[-123.38208608954507,46.138135600319728],[-123.38411080865215,46.143168219251955],[-123.38294335451566,46.143204877684965],[-123.38172867953794,46.14394222621614],[-123.38176315867516,46.14393957916225],[-123.38207114876526,46.143857471259444],[-123.38526720632413,46.144511893772282],[-123.38538552522682,46.144638129340606],[-123.38559845110203,46.144830292226807],[-123.38584291772511,46.145071752262794],[-123.38594550173728,46.145187057506782],[-123.38615050357336,46.145357193667579],[-123.38619775765223,46.145412113771691],[-123.38652127332539,46.145642692095826],[-123.38680526851596,46.14581291833764],[-123.3869157675841,46.145856825681285],[-123.38723915749314,46.14608739903084],[-123.38787034704941,46.146427814007573],[-123.38813068870023,46.146603514027021],[-123.38854881583742,46.146806672835218],[-123.38930625462372,46.147273376370123],[-123.38980326192772,46.147515053472581],[-123.3899531826638,46.147602834291739],[-123.39031609215712,46.147888343478044],[-123.39042654720782,46.147943232428716],[-123.3905527757766,46.147976190915834],[-123.39077379996404,46.14806408924612],[-123.39085268282577,46.148086050115069],[-123.39111309724012,46.148195863663609],[-123.39198100634852,46.148750375484155],[-123.39210717473016,46.148865598341885],[-123.39229651533755,46.149013811808267],[-123.392359601325,46.149035826441825],[-123.39240697128658,46.149068788008776],[-123.3929988550576,46.149299415116829],[-123.39337758388305,46.149475147044619],[-123.3935748395464,46.149606867052732],[-123.39368527932575,46.149749590184577],[-123.39394565331591,46.149925277734347],[-123.39418228662973,46.150111848603018],[-123.39434001552227,46.150221650642123],[-123.39495554834146,46.150605998371738],[-123.39516066606019,46.150748663526322],[-123.39531047810013,46.150891431615932],[-123.39544466933557,46.150913381399768],[-123.39555531303249,46.15090246656262],[-123.39561840351153,46.150869578905052],[-123.39571315601104,46.150864121171281],[-123.39596564189472,46.150984933614033],[-123.39613129123309,46.15113313701741],[-123.3962655273843,46.151215473659384],[-123.39688872552784,46.151852149485229],[-123.39693597511517,46.151885016641842],[-123.39695182678665,46.151928973282743],[-123.39717263448011,46.152110101529843],[-123.39742513833009,46.152285721181528],[-123.39761449690377,46.152433925438352],[-123.39843525254457,46.152895126218084],[-123.398514017727,46.153114550952878],[-123.39860076803397,46.153202360179634],[-123.39879012930261,46.153367032749912],[-123.39886117975338,46.153449407743402],[-123.39903473785952,46.153614047837841],[-123.39972119267041,46.154179388770856],[-123.40020237165911,46.154651387588203],[-123.40023397978069,46.15470627103916],[-123.40031288869356,46.154783036714747],[-123.40048642793511,46.154925803673208],[-123.40091250785748,46.15521123629366],[-123.40124402751985,46.155474682763959],[-123.40148067790165,46.15563937093652],[-123.4015280873891,46.155694191797984],[-123.40181214546169,46.155913793295603],[-123.40190674075608,46.15604549540555],[-123.40202498959019,46.156330835724667],[-123.40216705545743,46.156418626129998],[-123.40235649937107,46.156396724588753],[-123.40249862003553,46.156473624802366],[-123.40260908047611,46.156577909691009],[-123.40264061763081,46.156676623352325],[-123.40271945737341,46.156742495623782],[-123.4028141954999,46.156786445895989],[-123.40298792967585,46.156830386177042],[-123.40309836765856,46.156896240219183],[-123.40317728824952,46.156973093688329],[-123.40331936040499,46.157060880579969],[-123.40343782573306,46.157055429682678],[-123.40355621470438,46.157022611660238],[-123.40357995178744,46.157044576421789],[-123.40342981815063,46.157236537946488],[-123.4034297804214,46.157302332389243],[-123.40432149039323,46.157939012467857],[-123.40451091005237,46.158125635816951],[-123.40455816502956,46.158158588828989],[-123.40457402837914,46.158202453968315],[-123.40465288698637,46.158323232879681],[-123.40479484954736,46.158465922208038],[-123.40534730626055,46.158828114543617],[-123.40576555916189,46.159168466279525],[-123.40601813308042,46.159311125416018],[-123.40612865819975,46.159475794640244],[-123.40619169837312,46.159541632449766],[-123.40630222708569,46.159618464179815],[-123.40649166560944,46.159717335407876],[-123.40666532163193,46.15978313559534],[-123.40677588987037,46.159865460540587],[-123.40683897585784,46.160024627725441],[-123.40728872818461,46.160436228258227],[-123.40788891957538,46.16107527875706],[-123.40812517110521,46.161275847435988],[-123.40820412762879,46.161286907677365],[-123.40866993374804,46.161484514542231],[-123.40880407377952,46.161583305886786],[-123.40883564686679,46.161649164818016],[-123.40889879483802,46.161693039618562],[-123.40905674202115,46.161665656759602],[-123.40918301281074,46.16169859956301],[-123.40945927620166,46.161819382621822],[-123.40983030107525,46.16215961505965],[-123.40987760096823,46.162214525242582],[-123.41020121365942,46.162466995775816],[-123.41072220328654,46.162697513231365],[-123.41080110591122,46.162752402967534],[-123.41091166157322,46.162796377059848],[-123.41108526818842,46.162906097795045],[-123.4112985309318,46.162966534073625],[-123.41159846133721,46.163114681567912],[-123.41189046231355,46.163312262580547],[-123.41193789425888,46.163367174101772],[-123.41203263058873,46.163443968136562],[-123.41227733796035,46.163586729423258],[-123.4125062628307,46.163696515154747],[-123.41261678525505,46.163718440543953],[-123.41282199729687,46.163844692414116],[-123.41294043387889,46.163937962110673],[-123.41295613463343,46.163992891672507],[-123.413208839706,46.164113578857858],[-123.4134930082714,46.164300203662293],[-123.41377722444753,46.164459384148714],[-123.4139429501427,46.164536185369201],[-123.41410866954968,46.164646021467682],[-123.41425873132127,46.164706411039191],[-123.41456663966468,46.1646899990237],[-123.41462986938258,46.16474485130874],[-123.41462980829715,46.164909461341431],[-123.4147402301102,46.16498628184268],[-123.41494554994983,46.165074101989447],[-123.41524556389854,46.165161940038629],[-123.41542714755343,46.165227790953026],[-123.41579025737104,46.165524202771984],[-123.41596389632559,46.165600972020457],[-123.41612191627227,46.165633967838936],[-123.41642182601639,46.165897394893754],[-123.41686387978122,46.166182715231095],[-123.41714817321242,46.166314432579462],[-123.41722709649834,46.166336465178269],[-123.41751129291151,46.166490144393649],[-123.41757441213663,46.166512054982292],[-123.41768496959529,46.166588875734156],[-123.41779547764658,46.166693145184425],[-123.41804020478112,46.166885216139072],[-123.41826123974835,46.167027870820263],[-123.41881394439658,46.167450479829114],[-123.41951656618764,46.167911424107771],[-123.41978492530235,46.168076043328782],[-123.42017184855985,46.168295577368745],[-123.42039294371422,46.168394403141654],[-123.42072451008896,46.16847121690995],[-123.42099302281558,46.168570043611552],[-123.42137199418616,46.16867980384513],[-123.42296709490694,46.169009277331099],[-123.42316446465634,46.169036722478886],[-123.42340141417714,46.169190377353381],[-123.42344872754484,46.169245197156016],[-123.42393820067852,46.169607441708777],[-123.42404871950961,46.169744556949979],[-123.42451456964629,46.17016709905139],[-123.4247357097164,46.170353662882789],[-123.42483832606794,46.170523746131629],[-123.42483041191029,46.17057309700639],[-123.42476723698962,46.170595019032689],[-123.42464088714829,46.170606017679397],[-123.42448283126897,46.17063891220468],[-123.42440388193192,46.170715705419845],[-123.42443552059623,46.170803523262848],[-123.42464076946898,46.171012013016536],[-123.42476703756365,46.171242490311663],[-123.42489331643806,46.171407083389155],[-123.42498811834494,46.171571703345798],[-123.42514600893422,46.171752742676233],[-123.42531184781714,46.171889919754136],[-123.42542239180105,46.17194477356891],[-123.42558034886569,46.171966776541005],[-123.42569086140857,46.171933872856563],[-123.42584887596534,46.171846077347034],[-123.42597515483978,46.17179125018334],[-123.42605417783868,46.171791225300097],[-123.42616472002598,46.171846163194267],[-123.42673320897207,46.172252205986069],[-123.42701753743761,46.172515572109113],[-123.42712797362368,46.172691116683467],[-123.42727011494942,46.172844759482842],[-123.42749120022229,46.173003866100451],[-123.42775973271186,46.173217877056359],[-123.42783071668728,46.173283764981718],[-123.42784660159646,46.173327626770863],[-123.42790977561883,46.173371490391247],[-123.42800441672726,46.173514147534377],[-123.42838350218391,46.173799481238483],[-123.42852556176292,46.173942141003813],[-123.42855721480028,46.173997010189304],[-123.4286835987776,46.174106791317968],[-123.42882567093304,46.174150630678774],[-123.42893630385019,46.174249398655597],[-123.42901515347424,46.174293294509589],[-123.42911003982276,46.174265938450297],[-123.42918902599075,46.174194630494739],[-123.42879410143902,46.173805052400567],[-123.42866784861573,46.1736458622564],[-123.42869155874936,46.173580074916764],[-123.42896792095492,46.173766605399095],[-123.42914159224881,46.173925795193767],[-123.42926798610758,46.174002544007948],[-123.42944167087619,46.174046447523679],[-123.42952069477343,46.174112298377132],[-123.42954439592388,46.174227501101868],[-123.42969440289824,46.174375715309743],[-123.42970225147887,46.17450186745225],[-123.42941004658493,46.174710324524867],[-123.42942584076425,46.174776143480997],[-123.42987596768852,46.175215104326512],[-123.43006549963704,46.175379724703696],[-123.4303496888637,46.175654062912223],[-123.43038133561285,46.175708937232109],[-123.43052344998911,46.175840616839771],[-123.43053920913414,46.175884475967656],[-123.43068136752785,46.176038113577825],[-123.43071302505679,46.176092987514473],[-123.4308472791743,46.176180775000248],[-123.43110781036964,46.176394809049022],[-123.43122622539208,46.176526486392262],[-123.43125783261534,46.176592338630257],[-123.43130524300109,46.176625187277295],[-123.43143163955483,46.176866637822052],[-123.43149473632205,46.17693246103962],[-123.43149477674626,46.176987360208763],[-123.4315737117103,46.177124493750952],[-123.43171587998546,46.177311071925004],[-123.43174748810702,46.177409776377914],[-123.43179481315285,46.177464676936609],[-123.43189746184372,46.177799366256657],[-123.43184216963968,46.178002348945256],[-123.43188159400256,46.178188858829699],[-123.43218168700299,46.178638814354088],[-123.43223700525819,46.178819873960691],[-123.43222113023049,46.179324566901833],[-123.43226064981478,46.179439797893039],[-123.43233166792619,46.180037861269227],[-123.43243431841371,46.180504220782488],[-123.43241059929694,46.180602948736656],[-123.43244226041915,46.180657821849898],[-123.43248163986625,46.180937574172333],[-123.43247373469175,46.181019865594322],[-123.43251324259795,46.18128324384071],[-123.4325447662779,46.181403992605354],[-123.43262373627621,46.182155567437135],[-123.43260796994466,46.182342108637023],[-123.43266319297842,46.182923666075716],[-123.43263161809452,46.183110268730729],[-123.43270260566321,46.183554605722286],[-123.43271836660487,46.18379601775392],[-123.43276578148217,46.184092304008409],[-123.43276572399002,46.1846464416613],[-123.4328209946345,46.18536516047994],[-123.43279721263568,46.186215578771218],[-123.43280502977528,46.186451447174335],[-123.43283668371093,46.186637985614325],[-123.43283659567606,46.186725739472863],[-123.43286825320494,46.186846490588039],[-123.43286819571279,46.187449949890066],[-123.43269426390746,46.188552755760035],[-123.43271806117768,46.188646000349465],[-123.4327652883071,46.189677411636197],[-123.43293115054621,46.190253511653978],[-123.4329311918687,46.190308411203574],[-123.43296272273518,46.190363286445297],[-123.43304967695974,46.190791181729161],[-123.43304962755239,46.190966770568885],[-123.43311277372699,46.191219168826628],[-123.43320763312606,46.19138377922237],[-123.43323126420789,46.191455063642756],[-123.43327083409785,46.191625102770573],[-123.43327078199559,46.191734904671577],[-123.43331030607143,46.191948868844655],[-123.4333812783688,46.192157315118259],[-123.43355506285037,46.192947403528905],[-123.43364201617661,46.193260098054019],[-123.43383152926054,46.193561876341874],[-123.43384738272869,46.193633190272621],[-123.43389478053803,46.193677106096672],[-123.434202875731,46.194258608293111],[-123.43432928126789,46.194395830584419],[-123.43450307652928,46.194478155337883],[-123.43489806396308,46.194719569143295],[-123.43502447309324,46.194873170911521],[-123.43507182419016,46.194960926546266],[-123.43511921660964,46.195004846283858],[-123.43522985671329,46.195213318897586],[-123.43552212359097,46.195608304936179],[-123.43556956182449,46.195739976059826],[-123.43564857673856,46.195882687094709],[-123.43569593322538,46.19593749521178],[-123.43615419978444,46.196853765066976],[-123.43632793396037,46.197287179845048],[-123.43638333665722,46.197556068807508],[-123.43640705577397,46.197605391069025],[-123.4364306967373,46.197775492622114],[-123.43649386267482,46.197929062842533],[-123.43660447133745,46.198148510660843],[-123.43669927234602,46.198302143882259],[-123.43674679681779,46.198346065301969],[-123.43682569135763,46.198455832634387],[-123.43699164163165,46.198609460644107],[-123.4373235565527,46.198982514058478],[-123.43771063881199,46.199267780260627],[-123.43782920205646,46.199344636708027],[-123.43803463867712,46.199443391759644],[-123.43839799912469,46.199564045919196],[-123.43870617696268,46.199575017009614],[-123.43884054516626,46.199569552293902],[-123.43898268559367,46.199547592699183],[-123.43914076393085,46.199459774750999],[-123.43915653026241,46.199404993774273],[-123.43912493292061,46.199295225229172],[-123.43903805056124,46.19925685636349],[-123.43887210208389,46.19925137047592],[-123.43889585084506,46.199125189314351],[-123.43888789266992,46.199053847691225],[-123.43871414771422,46.198784958596711],[-123.43821632114668,46.198362509555075],[-123.43809781180114,46.198307701991325],[-123.4378292038531,46.19815401469026],[-123.43769487876865,46.198066238039658],[-123.43755264671309,46.197945545149338],[-123.43744199852459,46.197802958855007],[-123.43742622410822,46.197759006533559],[-123.4373630581707,46.197671228630206],[-123.43733137998052,46.197550570314306],[-123.43744201828751,46.197462754770505],[-123.43755265569625,46.197407884751904],[-123.43766329939317,46.197385951030377],[-123.43775803841797,46.197353007838821],[-123.43786073112628,46.197358556716971],[-123.43814523655993,46.197506691162353],[-123.43846919240758,46.197759078039205],[-123.43887998929206,46.198044340644458],[-123.43900636608285,46.198110187628224],[-123.43930668905202,46.198307669036879],[-123.43941729861295,46.198395445301813],[-123.43948042771956,46.198494203924739],[-123.43943302182538,46.198806961398766],[-123.43944885463227,46.199004450251643],[-123.43944098898363,46.199383021678415],[-123.43949636562934,46.199761536403308],[-123.43960696980035,46.200173045999733],[-123.43967023095931,46.200271801427739],[-123.43971763146359,46.200315720029479],[-123.43987557235852,46.200568018771413],[-123.43993887214501,46.200622946566455],[-123.43995464386647,46.200666808307794],[-123.44030227032187,46.200990466400135],[-123.44042874323239,46.201083762011287],[-123.44058680000998,46.201171536328452],[-123.44070536235614,46.20119898283302],[-123.44096611004544,46.201226419375921],[-123.44110044051978,46.201198994646276],[-123.44114779071839,46.201188008336409],[-123.44131365655079,46.201182509584889],[-123.44140857883193,46.201204466039187],[-123.44158236600846,46.201281286203162],[-123.44178778556113,46.201391018449691],[-123.44185099102449,46.201401933218115],[-123.44193006612569,46.201434838542653],[-123.44243576463006,46.20155556045156],[-123.4425147894256,46.201566507518024],[-123.44264116980968,46.20155009344586],[-123.44264115633494,46.201467739495222],[-123.44243573049408,46.201325162962611],[-123.44208017820293,46.201259301179142],[-123.44198533317693,46.201198913818899],[-123.44208798366446,46.201149558721511],[-123.44245146538461,46.201089206058654],[-123.44272800006672,46.201209911939827],[-123.44302039809841,46.201352513641382],[-123.44321003604817,46.201418381530587],[-123.44339973059176,46.201506122360648],[-123.4439211900378,46.201780405434519],[-123.44416618756523,46.201879177247456],[-123.44445071725339,46.20197788422179],[-123.44492476092374,46.202109518321834],[-123.4451618065643,46.202186363955121],[-123.44527242421007,46.202208250995348],[-123.44535149841293,46.202241245367148],[-123.44545419381623,46.202230225691807],[-123.4459835853862,46.202328973070053],[-123.44609428298202,46.202328899083419],[-123.44614165114699,46.202208204986718],[-123.4462995911436,46.202104001010376],[-123.44658409837385,46.202071033912681],[-123.4466473065322,46.202049094591715],[-123.4469317751349,46.202027109874891],[-123.44710565034634,46.202081960980763],[-123.44731900292126,46.202257532398413],[-123.4473426501728,46.202312426795807],[-123.44746909793052,46.202433078385532],[-123.44754819279467,46.202531857729333],[-123.44786433240102,46.202866508841609],[-123.44822776381551,46.203102330658467],[-123.44837007043127,46.20317917365962],[-123.44837795135123,46.203239533974269],[-123.44844914553246,46.203354726027769],[-123.44846498193259,46.203453486927941],[-123.44852021664445,46.203519328051144],[-123.44852027772991,46.203574143472515],[-123.44855188315655,46.203650967162105],[-123.44861506885702,46.203705801725427],[-123.44869417360262,46.203870370989293],[-123.44877319570321,46.203991116145616],[-123.44901044795627,46.20461650207654],[-123.44905776761217,46.204649437183029],[-123.44908942603941,46.204748224354304],[-123.44939772335333,46.205230948853291],[-123.44946099349545,46.205296762978129],[-123.44949255939619,46.205368100225364],[-123.44953997427353,46.205428484868222],[-123.44960331448422,46.205549109098655],[-123.44976138204161,46.205730200683028],[-123.44988776242569,46.205856333725741],[-123.45001423713282,46.206009918040394],[-123.45004592161122,46.206064786307472],[-123.45047267796504,46.20641591555907],[-123.45050433190072,46.206481761213794],[-123.45074143503342,46.206657322922453],[-123.45090742662994,46.206745048547127],[-123.45139740731179,46.206931496351714],[-123.45149218226919,46.206997361282305],[-123.45157126994681,46.207030258903757],[-123.45182416007235,46.20710702243052],[-123.45202960208287,46.207150944271888],[-123.45214028530565,46.207227730632205],[-123.45215603187428,46.207282569085528],[-123.45239314309183,46.207458126991483],[-123.45250388201015,46.207556869946323],[-123.45258284033036,46.207589765989269],[-123.45280417533492,46.207611662066995],[-123.45296217641699,46.207688438458135],[-123.45305712295261,46.207710384852263],[-123.45323086790833,46.207699348867052],[-123.45347586992739,46.207699373734087],[-123.45369720852517,46.207847448594677],[-123.4538473089243,46.207924253874872],[-123.45392643702611,46.207946172821131],[-123.45417930469374,46.208066849338586],[-123.45424253351335,46.208077852923054],[-123.45440851253343,46.208209497274076],[-123.45446378856781,46.208231417349872],[-123.45463766377927,46.208330085557755],[-123.45484317945164,46.208352042885501],[-123.45495382225025,46.208406861566417],[-123.45522248769046,46.208461691382588],[-123.45543599836888,46.208571452182298],[-123.45568885256181,46.208626248264288],[-123.45584695425516,46.208714001827722],[-123.45595750542563,46.208757840324601],[-123.45613144801069,46.208801700544655],[-123.45624209709753,46.208856608917877],[-123.45640012512904,46.208856521885124],[-123.45686637142276,46.20894430678544],[-123.45747501057045,46.209163641603986],[-123.45771210112677,46.209223895877884],[-123.45826532230627,46.209465228735361],[-123.45878705573847,46.209629737851508],[-123.45940345543193,46.209860012860261],[-123.45949832740737,46.2099039101209],[-123.46008325552317,46.210090389475596],[-123.46014640259608,46.210123254783809],[-123.46062861105403,46.210287727116928],[-123.46119762102302,46.210430256145436],[-123.46130827010981,46.210485159782436],[-123.46167976839557,46.21055638523405],[-123.46214611080902,46.210698958945279],[-123.46244638616746,46.210764709949579],[-123.46260452648841,46.210808529403785],[-123.46279421294714,46.210841424742661],[-123.46292062477225,46.210874310115614],[-123.46304710037774,46.210929146171672],[-123.46318942495975,46.210973030766738],[-123.46336326962849,46.211049818622101],[-123.46347389176584,46.21111561272096],[-123.46350564900777,46.211192433945335],[-123.46345029931155,46.211285719691148],[-123.4632369925507,46.211280280384031],[-123.46316592323531,46.211400991847555],[-123.46328439664823,46.211444794631625],[-123.46336346276627,46.21148866203059],[-123.46328446492021,46.211653327331966],[-123.46334770901113,46.211697170320747],[-123.46349798368344,46.211730040883864],[-123.46374300636373,46.211806814005016],[-123.46421721891736,46.211927385066637],[-123.46437525503372,46.211850602167942],[-123.46457270922475,46.211790222719927],[-123.46470712054746,46.211817579999561],[-123.46492052522468,46.211927235875933],[-123.46531580820418,46.212080792027294],[-123.46575843150089,46.212267190639395],[-123.46594812514616,46.212316551289398],[-123.46613781160492,46.212426210520917],[-123.4662801855943,46.212459113593624],[-123.46634333805709,46.212491974998017],[-123.46643820284605,46.212502930452764],[-123.46713385910037,46.212777118839114],[-123.46724447135627,46.21280996886405],[-123.4673077163455,46.21285390044244],[-123.46790062419599,46.213133546092365],[-123.46828793372904,46.21329252741188],[-123.46869913126213,46.213577680150316],[-123.46939484051707,46.213961564714118],[-123.46976645288886,46.214224828005207],[-123.47019329548097,46.214488039063241],[-123.47062822291059,46.214740327419634],[-123.47076260189394,46.21483904547285],[-123.47100765421861,46.214992570483894],[-123.47133976856567,46.215168058370956],[-123.47194066962552,46.215513529551359],[-123.47220938626972,46.215689006449864],[-123.47282616684888,46.216039898271333],[-123.47377494589237,46.216670577721466],[-123.4740912768399,46.216939268637816],[-123.4741941321433,46.217049003172413],[-123.47422581392675,46.217114847268704],[-123.4744472082201,46.21733415878213],[-123.47458959209095,46.217531663702665],[-123.47482695483676,46.217783941184052],[-123.47489017557153,46.217882679871465],[-123.47503263490086,46.218014304451465],[-123.47520662060509,46.218222741349578],[-123.47526984762804,46.218277561366691],[-123.47528578553781,46.218321505353259],[-123.47534893889893,46.218398286663529],[-123.4753806287672,46.218464124791033],[-123.47550727415427,46.218595719385817],[-123.47557849169169,46.218705406480055],[-123.47575265975391,46.219264935725732],[-123.47580019859876,46.219319818721424],[-123.47581600535447,46.219363675479265],[-123.47595838114047,46.219484313236826],[-123.47611654751258,46.219572128387533],[-123.4761797484844,46.21959400787911],[-123.4763694852488,46.219703650092889],[-123.47673315561519,46.219835247932416],[-123.47684390531327,46.219912008479845],[-123.47693889406975,46.22001070418375],[-123.47697048332671,46.220065562815655],[-123.47701806618902,46.220274073347916],[-123.47702604682199,46.220372774616337],[-123.47708948135578,46.220570241259992],[-123.47710531146771,46.220647033720923],[-123.47720024363031,46.220723860880028],[-123.47735837766302,46.22082256258291],[-123.4776113486369,46.220866328640618],[-123.4778011240289,46.220965080431021],[-123.47783272226901,46.221019937487789],[-123.47795928321445,46.221140554825169],[-123.47799100272715,46.22119540984211],[-123.4781333452755,46.221370950002928],[-123.47835492372346,46.221623198036049],[-123.4784498109703,46.221798754231529],[-123.47867931166077,46.222051053749311],[-123.47872678492858,46.222127806226801],[-123.4788216649889,46.222242974829342],[-123.47890083171826,46.222385654311893],[-123.47902744207101,46.222555676031376],[-123.47905913822751,46.222621512281393],[-123.47931230233918,46.222851844687568],[-123.47934390417258,46.222906702345242],[-123.479502202597,46.223082171776881],[-123.47951801384433,46.223126028015542],[-123.47956546106099,46.223169930831716],[-123.47962879498347,46.223279644835031],[-123.47969199865022,46.22334543981944],[-123.47970790511896,46.223400277095941],[-123.47975535503059,46.223444178449789],[-123.47978705388203,46.223510014877348],[-123.47989780447844,46.223630692622763],[-123.48034895099053,46.224332788300373],[-123.48050727546611,46.224628948612626],[-123.48063387324247,46.224826415485552],[-123.48082389297622,46.225188410656912],[-123.48087134468449,46.225232311202276],[-123.48089503505514,46.225287204391407],[-123.48094252269598,46.225320032638798],[-123.48102965838024,46.225512090823514],[-123.48108512126421,46.225671156871378],[-123.48110893560238,46.225874101981979],[-123.4810933561204,46.226049666335832],[-123.48111712374619,46.226142987126117],[-123.48122791476683,46.226252684622942],[-123.48130707341133,46.226362332183442],[-123.48149687934603,46.226521375880807],[-123.48246974312065,46.227190308559976],[-123.48259631215092,46.227338458268022],[-123.48264386087722,46.227437167344348],[-123.48283375754175,46.227634552027602],[-123.4828812146399,46.227722370300114],[-123.48297615578564,46.227843021385226],[-123.48354570564209,46.228270735408834],[-123.48390954219678,46.228457123188491],[-123.48400440518908,46.228479042018719],[-123.48447101709714,46.228731233777971],[-123.484629160113,46.228796984320972],[-123.48473996640499,46.228818837143152],[-123.48496132746065,46.228906550984121],[-123.48533302696903,46.229071031069836],[-123.48568898080711,46.229317742817074],[-123.48592630402709,46.229465777411761],[-123.48606071984135,46.229531541367741],[-123.48636923185263,46.229706993352956],[-123.48671714037901,46.229849515480396],[-123.4871917311234,46.230063233660445],[-123.48744474701309,46.230150897041931],[-123.48768200465599,46.230260589636451],[-123.48801416302054,46.230381125772766],[-123.48830666525681,46.230446841404223],[-123.48866269455338,46.230611284560624],[-123.488955328842,46.230764746830069],[-123.48914512848852,46.230830449573958],[-123.48958794941456,46.231027823919298],[-123.48993596663711,46.23113739731469],[-123.49001504982311,46.231148306172187],[-123.49023635428496,46.231126213170178],[-123.49038660110949,46.23114815765512],[-123.49053678145869,46.231191974515255],[-123.49082157794646,46.231323508154446],[-123.49097967604656,46.231367293182764],[-123.49105878797869,46.231411142181123],[-123.49118540102643,46.231575661988273],[-123.49139107929388,46.231690792128269],[-123.49147030621036,46.231806015237225],[-123.49154945856667,46.231882805031326],[-123.49164432515224,46.231948544963664],[-123.49178676292203,46.23202533952955],[-123.49192913601306,46.232080076168231],[-123.49218211147854,46.232118414028967],[-123.49226116591851,46.23214030529833],[-123.49230866344085,46.232173218928729],[-123.49237996631818,46.232271911853857],[-123.49247494339654,46.23234863761364],[-123.49275965813764,46.232513103656203],[-123.49293363845197,46.232534946299324],[-123.49330516907708,46.232545765398257],[-123.49353461317369,46.232721269887392],[-123.49427814154784,46.233082933371151],[-123.49475273768212,46.233291213018788],[-123.49489511346813,46.23334604036004],[-123.49533800536105,46.233488402041758],[-123.49552788944919,46.23357614073231],[-123.49582836333533,46.233674740412894],[-123.4959233062777,46.233718523565443],[-123.49598657192821,46.233729497776338],[-123.49642952670324,46.233893902513913],[-123.49676962707319,46.234041828452654],[-123.49700685058016,46.234129450061012],[-123.49725997157269,46.234239054546599],[-123.49741810830038,46.234271936470975],[-123.49748143144308,46.234304784200027],[-123.49787685994967,46.234403330376175],[-123.49808253552217,46.234501974552124],[-123.49820109158011,46.234545829745223],[-123.49828800717711,46.234490911639483],[-123.49830385076378,46.234436036353543],[-123.49827205309766,46.234304408889869],[-123.49814530709929,46.234128923133724],[-123.49798706886196,46.233969857361217],[-123.49793155477404,46.233854717710315],[-123.49802638991858,46.233843685736197],[-123.49809760116779,46.233887478074671],[-123.49846171170864,46.23419459761665],[-123.49855667531229,46.234326213537628],[-123.4986675723341,46.234556585067821],[-123.49873096913866,46.234611389396967],[-123.49887326048302,46.234655227725582],[-123.499173842167,46.234720879830725],[-123.49948222751583,46.234802968308379],[-123.49972730948488,46.23484123156689],[-123.50001206375187,46.23486302854495],[-123.50024914891827,46.234862895572178],[-123.50056536038987,46.234835325459883],[-123.50073938202669,46.234846179523316],[-123.50078689392207,46.234879089666855],[-123.50087385982474,46.234901032029931],[-123.5010873848762,46.234933847692716],[-123.50126128524046,46.234988532342626],[-123.50132497130254,46.234989151845284],[-123.50175197648967,46.234951009856466],[-123.50220269630202,46.234896381713625],[-123.50277971026017,46.234951538639933],[-123.50424245769854,46.234924847807115],[-123.50534936179164,46.234903406897317],[-123.50610038840345,46.234925735741236],[-123.50662220537895,46.23495897454022],[-123.50735740008221,46.235008637902581],[-123.50831391272199,46.235091423121965],[-123.50897015359662,46.235130086338522],[-123.50993455793621,46.235295168515805],[-123.51062228655815,46.235399740747368],[-123.51114413587301,46.235449345924209],[-123.51143657522724,46.235487818752127],[-123.51176070444974,46.23558671511492],[-123.51209262116743,46.235630771382986],[-123.51267777745529,46.235625541400125],[-123.51331030370474,46.235609384185921],[-123.51380830185049,46.235604088336871],[-123.51444087750723,46.235538516822494],[-123.51492323688221,46.235511235361017],[-123.51577716101822,46.235385439475806],[-123.51648879919979,46.235314369258781],[-123.51702662595028,46.235144539289699],[-123.51741401543343,46.235073397925035],[-123.5177936398792,46.23504611809642],[-123.51803861225383,46.235111969192204],[-123.51829154460017,46.235210816523235],[-123.51881340828807,46.235178117842601],[-123.51932737488629,46.235134477525754],[-123.51958028926636,46.235161946826679],[-123.51979374963911,46.235255299348587],[-123.52018896704161,46.235326764207528],[-123.52098755046457,46.235316111560756],[-123.52195206799188,46.235420704878742],[-123.52290863542889,46.235437483510125],[-123.52375471367925,46.235415794877198],[-123.52453742387115,46.235427055817823],[-123.5253438657562,46.235383400164849],[-123.52605542129275,46.235372657431526],[-123.52723340188777,46.235405936969748],[-123.52801616597856,46.235450025693737],[-123.52883045644428,46.235494143586251],[-123.52958944392616,46.235560205406927],[-123.53072784385141,46.235697665659835],[-123.53150255095244,46.235780198189879],[-123.53222988629526,46.235884642740466],[-123.53272805062934,46.235950629528325],[-123.53308375653239,46.236131765643002],[-123.53366081360964,46.236186765989352],[-123.53494949898702,46.236291265066399],[-123.53600904030505,46.236253097885829],[-123.53676806641448,46.236214889048107],[-123.53789873364181,46.236088978582607],[-123.53898986781006,46.235886200481403],[-123.53965407763958,46.23578208836021],[-123.54002571426588,46.235694384264391],[-123.54008096694405,46.235694391720685],[-123.54059495240691,46.235573792690161],[-123.54137784675345,46.235365433471927],[-123.54186805470903,46.235228379380182],[-123.54248470503244,46.235063910911506],[-123.54310947702433,46.234855472086217],[-123.54381317230217,46.234548375505227],[-123.54438251015621,46.234296102355096],[-123.54464344559338,46.234098654634643],[-123.54507052444239,46.23376956068001],[-123.54560035079696,46.23331424717005],[-123.54595612676863,46.233028953341567],[-123.54643852117789,46.232656031723529],[-123.54698415249158,46.232200720160414],[-123.54745075451812,46.231767389448613],[-123.54791733318851,46.231306514500737],[-123.5482888997462,46.230917104419895],[-123.54856567427848,46.23059339149674],[-123.54863691157882,46.230258791246172],[-123.54865281445431,46.229902130882195],[-123.54856592940003,46.229655230983546],[-123.54850274819117,46.229562022428468],[-123.54832095972036,46.229512582201551],[-123.54825773449404,46.229337023330224],[-123.54805226643238,46.22908465973147],[-123.54771236279346,46.22901878773191],[-123.54745926964873,46.229024225282032],[-123.54721422271392,46.22923815858384],[-123.54695321630982,46.229517869317014],[-123.54684255464657,46.229644038458453],[-123.54678718159417,46.229748342437865],[-123.54670803193278,46.229836112585957],[-123.54664480401151,46.229803114283015],[-123.54660531586825,46.229665964893208],[-123.54654208076046,46.229605606898026],[-123.54639985768806,46.229687913690626],[-123.54618629760229,46.230044524489912],[-123.54601228315197,46.230373681173724],[-123.54575925648253,46.230647946867322],[-123.54560896294561,46.230845402031292],[-123.54550608338769,46.230998986685691],[-123.54541123207346,46.231125169821958],[-123.54545065823297,46.231295262657163],[-123.54544272790565,46.231372070565257],[-123.54536373275451,46.231448858480888],[-123.54527668959675,46.231459802696655],[-123.54526885898241,46.231350128034045],[-123.54523723289451,46.231273238069228],[-123.54508709746106,46.231317152390588],[-123.54499210511138,46.231415884761013],[-123.54494459950421,46.231569475897309],[-123.5448972268477,46.23172314800771],[-123.54472327527945,46.231810829865722],[-123.54460454764329,46.231909583097057],[-123.54454922579482,46.232046741172788],[-123.54450177318824,46.232140024426002],[-123.54439890980002,46.232216837365883],[-123.54426456315602,46.232310082424775],[-123.54418541529127,46.232397850961902],[-123.54392454543108,46.232392250940229],[-123.54368740007754,46.232463580956413],[-123.54352133661581,46.232589740219446],[-123.543307779225,46.232633592590879],[-123.54317343617424,46.232622623132031],[-123.54315760696063,46.232529368040446],[-123.54343438778115,46.232386754069736],[-123.54357678333008,46.2322550346952],[-123.54363218423028,46.232112482151543],[-123.54356892666459,46.232063011909247],[-123.5433950173172,46.232090479640576],[-123.54336331756745,46.232019164674476],[-123.54334766083036,46.231838072775581],[-123.54327650527671,46.231711871393379],[-123.54312630067297,46.231656964122642],[-123.54301560397549,46.231794107915988],[-123.54289693472981,46.231859921280019],[-123.54273885908758,46.231887402783833],[-123.54262014402784,46.232106753471029],[-123.5425568487329,46.232342677176824],[-123.54250931617629,46.232507239553463],[-123.54243029138075,46.232595008396693],[-123.54248562850056,46.23268285601646],[-123.54254087578884,46.232814534595143],[-123.54247760564677,46.232935165787808],[-123.5423826573145,46.233039383353699],[-123.54224037674989,46.23314364981136],[-123.54212969083214,46.233203931213531],[-123.54205857390608,46.233094199761588],[-123.54217709492968,46.232973580103497],[-123.5420744147978,46.232924117472649],[-123.54201118867313,46.232825417020869],[-123.54209814828758,46.23266084254908],[-123.54212194465946,46.232496210415405],[-123.5419797179938,46.232474291946616],[-123.54183736466564,46.232611406977703],[-123.54174245226598,46.232797887518224],[-123.54168704238265,46.232913080961751],[-123.5415526050088,46.232984455662425],[-123.5415051326393,46.233050200489039],[-123.54150506706227,46.233149022328554],[-123.54145757133658,46.233225835720404],[-123.54133905929609,46.233214787463808],[-123.54125991771956,46.233291572179887],[-123.54115719985839,46.233357400525634],[-123.54107017466693,46.233357363242483],[-123.54092001408067,46.23334637031568],[-123.5409991206229,46.23318732899461],[-123.54121255584285,46.233077594402481],[-123.54130750956502,46.233000825543137],[-123.54116525325492,46.232962441073219],[-123.54093587114208,46.233099516358664],[-123.54082520049568,46.23312145632633],[-123.54077777034701,46.233006210502126],[-123.54065918823792,46.232962312445558],[-123.54054067979071,46.232912923749993],[-123.54065934634143,46.232753871230578],[-123.54093602475396,46.232666071571721],[-123.54106259647921,46.232506983538762],[-123.5411890963392,46.232353385083691],[-123.54126032645301,46.232238206000375],[-123.54124463019005,46.232079163953536],[-123.54128420906316,46.231804835814735],[-123.54142656598455,46.231601838062332],[-123.54155314130301,46.231470196965454],[-123.54167972919792,46.231300130150153],[-123.54167182851499,46.231195856461696],[-123.54175095482017,46.231091709964339],[-123.54173515525095,46.230883166568624],[-123.54183002273484,46.23078443448275],[-123.54188546316092,46.230619831519761],[-123.54181431928536,46.230559508129993],[-123.54189346445516,46.230510171956894],[-123.54177487066798,46.230411373329723],[-123.54164839955408,46.230356534356872],[-123.54149026552135,46.230378431300309],[-123.54139543397007,46.230296083286618],[-123.54126109810584,46.230285105903548],[-123.54100802113075,46.230477101974728],[-123.54078662953235,46.230647083720619],[-123.54058093150195,46.230817166851992],[-123.5404385224783,46.231080458698095],[-123.54023295650022,46.231409573749197],[-123.54009050256079,46.231694825662025],[-123.54004297180079,46.231821051318072],[-123.53990858922418,46.231897821206267],[-123.53986907413146,46.231782630603043],[-123.54002741747165,46.231332782050174],[-123.54021735995026,46.230877470694757],[-123.54042294389463,46.230603172591643],[-123.54054151612225,46.23048795006455],[-123.54069971573199,46.230367323435679],[-123.54069186715135,46.230241087600639],[-123.54047048812934,46.230306932655083],[-123.54026487633722,46.230433004284244],[-123.54014629782141,46.230614104547726],[-123.54010667313423,46.230778636065224],[-123.53996434406061,46.230904855128621],[-123.53981411430408,46.230899268004272],[-123.53964803287603,46.230904727738981],[-123.53946620847263,46.230970564540343],[-123.53935554411447,46.231019866743367],[-123.5392369332593,46.231025376179019],[-123.5392844649176,46.230899155528512],[-123.53956121519538,46.230805958407068],[-123.53982996058569,46.230756632398112],[-123.53998026759734,46.230597609050392],[-123.54010684201748,46.230372642782598],[-123.540264921253,46.230279467138203],[-123.54037573652812,46.230153298836029],[-123.54056543286838,46.230071044940793],[-123.54073147477052,46.229955871010517],[-123.54089756069014,46.229846096400344],[-123.54092129328164,46.229714493349348],[-123.54085811925928,46.22959373700651],[-123.54098462181422,46.229467591985177],[-123.54104796202488,46.229407258629053],[-123.54111115311525,46.229357912098749],[-123.54131679904336,46.229275666954472],[-123.54168830361731,46.229166000356052],[-123.54184652119335,46.229034297487772],[-123.54205993934529,46.228990450319138],[-123.54256592531054,46.229012528645001],[-123.54292954447295,46.228919273012295],[-123.5432301270552,46.22866701810883],[-123.54328549831099,46.228403679263138],[-123.54342788308016,46.228206178028465],[-123.54367292642168,46.228003230353643],[-123.5438548631145,46.227871593054587],[-123.54377579969137,46.227783767563437],[-123.5433805122203,46.227926321406869],[-123.54292983373045,46.228107291980436],[-123.54244753005105,46.228249890349034],[-123.54197321868271,46.228348525077649],[-123.54153055765677,46.228408850897388],[-123.54113525850761,46.228485602565044],[-123.54084265655828,46.228600750994289],[-123.54066087257908,46.228617176247681],[-123.54046318392776,46.228677419120878],[-123.54028930781801,46.228628022219361],[-123.5402735208252,46.228578688660214],[-123.54026571177043,46.228496370882674],[-123.54032896035297,46.228452517069904],[-123.54055025583165,46.22832636880441],[-123.54100889159824,46.228255078776691],[-123.54139626581002,46.228150915513218],[-123.54173620538151,46.228129059317894],[-123.54229748624577,46.228052328280825],[-123.54266113415423,46.227975633801783],[-123.54285093739398,46.227838471145375],[-123.54295374239173,46.227756172765574],[-123.54319881717429,46.227701369669724],[-123.54340437596581,46.227624616905494],[-123.54346763263318,46.227542324419581],[-123.54342808430278,46.227438112573168],[-123.54331751696266,46.227377708004994],[-123.54333328509085,46.22730635024962],[-123.54338080057948,46.227180213643521],[-123.54342031028233,46.227136288554718],[-123.54363378592645,46.227059584716898],[-123.54386300095264,46.226988288693704],[-123.54388683954534,46.226867576069829],[-123.54376028578643,46.22679078112342],[-123.54335720093869,46.226812586270498],[-123.5429856325843,46.226834506378836],[-123.54277210393963,46.226905813166539],[-123.54263780760125,46.226977100596436],[-123.54268516498642,46.22709783659478],[-123.5427325241682,46.227152688145274],[-123.54267725532033,46.227229454619916],[-123.54259023372212,46.227202054680298],[-123.54251129067329,46.227020989146645],[-123.54250341154993,46.226774063858848],[-123.54251934047653,46.22658751251285],[-123.54263794953508,46.226543659039429],[-123.54285139373816,46.22658215488994],[-123.5432386960847,46.226538285875684],[-123.54353912775001,46.22652191966057],[-123.54375256925815,46.226494444792216],[-123.54379211040202,46.226362854213534],[-123.54359447924288,46.226231134054487],[-123.54323888383261,46.226110330274331],[-123.54289888856553,46.226033466528534],[-123.54278043940711,46.2259621188336],[-123.54270921198827,46.225879837527678],[-123.54281202237588,46.225824987812651],[-123.54324676565089,46.225923817689718],[-123.54366575517076,46.226055565930707],[-123.54378427619443,46.226093973875123],[-123.54398983768087,46.226148882360718],[-123.54440083758462,46.226220281394575],[-123.54465372950675,46.226209354778007],[-123.54490670227729,46.226192944340752],[-123.54512020756583,46.226160066276492],[-123.54526249441861,46.226110696940012],[-123.54515186689139,46.226017353721957],[-123.54508076523663,46.225935070634442],[-123.54508073110065,46.225852811039431],[-123.54500957015711,46.225803382386871],[-123.54489106170989,46.225792423370841],[-123.5447251141308,46.225808874944939],[-123.54462230553982,46.225759412071923],[-123.54463815721132,46.225710107008162],[-123.54467766332088,46.225666182607434],[-123.54463031132563,46.225611325221266],[-123.5444563310113,46.22558938473734],[-123.54423500678654,46.225605733207743],[-123.54411648845785,46.225567331757951],[-123.54424295508016,46.225518038951172],[-123.54459071089296,46.225501620228044],[-123.54490695829716,46.225551059095878],[-123.54517564978852,46.225616917855668],[-123.54525467548237,46.225726613296388],[-123.5452309599589,46.22581987683914],[-123.54530206880015,46.225863819139491],[-123.5456420119649,46.225765084861024],[-123.54580803230751,46.225677353570653],[-123.54583976259997,46.225595028956235],[-123.54568166719483,46.225540165905684],[-123.54553142486186,46.225479773542915],[-123.54561840783251,46.225424906648321],[-123.54580812932556,46.225424991790405],[-123.54603735153832,46.225446935447422],[-123.54614804643919,46.225468908304947],[-123.54630618586181,46.225436021106439],[-123.54646423545289,46.225381177784215],[-123.54682000064476,46.225139809836627],[-123.54727858880067,46.225041132675038],[-123.54778444810346,46.224871131703857],[-123.5480533264444,46.224695603355812],[-123.54831415049051,46.22442678010713],[-123.54841704442148,46.224251237908518],[-123.54847240849077,46.22418536383752],[-123.54861467019072,46.224004412030219],[-123.54879653322169,46.223867274254367],[-123.54916020718129,46.223757531593691],[-123.5494922424766,46.223609414482979],[-123.54972938244028,46.223411987358901],[-123.5500771535244,46.223203493715438],[-123.55045664142629,46.223093844196065],[-123.55074919396824,46.22294024736631],[-123.55101001891269,46.222764750756298],[-123.55162658120119,46.22255630996905],[-123.55224326655892,46.222282073453435],[-123.55255936843601,46.222188834354469],[-123.55292301634449,46.22207907963746],[-123.55341315153655,46.221755404711672],[-123.55381626333379,46.221546996761909],[-123.55439327459696,46.221366000210139],[-123.55493879272294,46.221135563369572],[-123.55557905256863,46.220888730941688],[-123.55646428568728,46.220581577965582],[-123.55752349103543,46.220208500299563],[-123.55818742059056,46.219945251399039],[-123.55868541424472,46.219736720971831],[-123.55904894357559,46.219605073794433],[-123.55964181190016,46.219418572050202],[-123.56013192643096,46.219264973018404],[-123.56066939475367,46.219051018873401],[-123.56136482103929,46.218738279685574],[-123.56220263478902,46.218326818408833],[-123.56265317134506,46.218058023644545],[-123.56326184462873,46.21769592551663],[-123.56364114927429,46.217536738775522],[-123.56389407263748,46.21739410014677],[-123.56411540764201,46.21734477078779],[-123.56454212087672,46.21709237132584],[-123.56507955147018,46.216752216448668],[-123.56575133319922,46.216351722325946],[-123.56647049836452,46.215945680768236],[-123.56720548376032,46.215440918171204],[-123.56743469160001,46.215199479171773],[-123.56746630600979,46.21508430263242],[-123.56759270885173,46.215045872688961],[-123.56770332380258,46.215073317856181],[-123.56786142280099,46.214990992258961],[-123.56800371773863,46.214820906088931],[-123.56818548105657,46.214606972545234],[-123.56892035236635,46.214030825740046],[-123.56950509542918,46.213619315513867],[-123.57005832379522,46.21324620359642],[-123.57074577304111,46.212851186461158],[-123.57129890708406,46.212532882644901],[-123.5717177834162,46.212269517999481],[-123.5719389917583,46.212110371474246],[-123.5719152762348,46.211874510623232],[-123.57203377120727,46.211786703054372],[-123.57224714803671,46.211797697190832],[-123.57252374919418,46.211792172149551],[-123.57284772390643,46.211654918085401],[-123.57335346283497,46.211380587958715],[-123.5741357454288,46.210897765820711],[-123.57434905398627,46.210678263867223],[-123.57448337008755,46.210579492954828],[-123.57471258780872,46.210568442005012],[-123.5749022931321,46.210535536556314],[-123.57507612432612,46.210409383175687],[-123.57546321107696,46.210184324849912],[-123.5757635268596,46.209992280184622],[-123.57585034543857,46.209827683258133],[-123.57599266463072,46.209750920425236],[-123.57611107605987,46.209619189628619],[-123.57624545234829,46.209514921380816],[-123.57656944233192,46.20940519914415],[-123.57694859156894,46.209191156228265],[-123.57701180511717,46.20903756588821],[-123.57718566056568,46.209026518358129],[-123.57744652144272,46.209004593626311],[-123.57778619690953,46.208785074781957],[-123.57820493579943,46.208576496999932],[-123.57849726915246,46.208379000901857],[-123.57862363246851,46.208252808997919],[-123.57885284030823,46.208192340425924],[-123.57908991289823,46.208115538628896],[-123.57925582993455,46.20797834811259],[-123.57951655336936,46.207808278768049],[-123.57971408212056,46.207731404319716],[-123.57994325851919,46.207692984772969],[-123.58033829266542,46.207511881008777],[-123.58067005487288,46.207330733751569],[-123.58089134765659,46.207171571050651],[-123.581215265775,46.207045366425859],[-123.5813811432855,46.20697953823219],[-123.5813731752289,46.206924679582443],[-123.5814047770623,46.206847840576913],[-123.58139687548105,46.206738076333032],[-123.58130996078235,46.206683259095186],[-123.58132567052006,46.206562581403141],[-123.58148376323028,46.206507686279004],[-123.58159427577316,46.206452762502259],[-123.58165751447422,46.206315638084178],[-123.58183125942995,46.20623330619766],[-123.58216315189314,46.20624970954529],[-123.58245562538335,46.206227702263426],[-123.58254241611451,46.206123485395139],[-123.58242383939533,46.205991787552563],[-123.58231321096976,46.205827202262604],[-123.58243961560834,46.205706499065421],[-123.58257390565848,46.205558392943878],[-123.58278719624965,46.20551446609894],[-123.58293734336119,46.20548147866652],[-123.58313492960455,46.205508913692498],[-123.58323760254994,46.205448540328682],[-123.58331649529315,46.205333299199083],[-123.58348249048292,46.205327772885873],[-123.58349025013035,46.20513027070254],[-123.58356133920869,46.205036934091488],[-123.58371937173177,46.204965661071675],[-123.58376682882994,46.204905295193058],[-123.58387740425486,46.204844883863395],[-123.58396420217257,46.204729686852218],[-123.58406697303434,46.204641861643985],[-123.58425660828912,46.204652772658015],[-123.58432763268874,46.204603449262059],[-123.58438300574117,46.20453206688034],[-123.5845409969418,46.204444232652193],[-123.5846594649648,46.204345524513577],[-123.58473052978863,46.204263171644627],[-123.5848411411462,46.204230206464295],[-123.5849833471506,46.204169895110176],[-123.5850148789154,46.204087562494614],[-123.58505435897382,46.203922932952956],[-123.58510971405994,46.20386261815289],[-123.58518869663467,46.203769332855991],[-123.58518859961661,46.203686983475379],[-123.58521222890184,46.203604693656622],[-123.58524389451563,46.203522447856905],[-123.58525956472744,46.20342364045139],[-123.58518058484763,46.203346910946124],[-123.58514884467372,46.203226201677488],[-123.58516465771767,46.2031164084366],[-123.58507770528975,46.203045122355796],[-123.58504611693108,46.202951864270297],[-123.58497490208863,46.202836668263444],[-123.58482468221355,46.202716028129473],[-123.58445165769015,46.198623347443998],[-123.58445164511373,46.198573938425369],[-123.58471228141194,46.19826660032426],[-123.58516230143668,46.197608197206748],[-123.58553338559906,46.196999151909807],[-123.58582557611994,46.196626042747418],[-123.58592024777111,46.196411983615405],[-123.58619658392556,46.195901705131377],[-123.58642543513409,46.195215896950629],[-123.58661477663979,46.194776983232373],[-123.58671726183729,46.19436002271064],[-123.58674085698655,46.193910077703485],[-123.58684333409921,46.193443706922103],[-123.58692203639957,46.192801867917019],[-123.58715870115442,46.192170824219325],[-123.58735594244473,46.191561859198771],[-123.58740312016683,46.19099128012887],[-123.58752932897265,46.190722339144358],[-123.58762404284465,46.190464538902148],[-123.58774229257709,46.190069456193449],[-123.58790804342507,46.189668913029017],[-123.58793163318445,46.189389156629112],[-123.58800832505518,46.188784160782681],[-123.57902361273867,46.188838635805865],[-123.57960019370886,46.184978052234293],[-123.55882357423711,46.184938627902454],[-123.55903224838602,46.164934877806274],[-123.56561355409249,46.165045380062352],[-123.56657272394892,46.158325412566207],[-123.56925135549737,46.15888361356798],[-123.56887057132656,46.141883115312666],[-123.67122679950188,46.14147077848137],[-123.67169124916505,46.162756771944558],[-123.68322118063395,46.163974333578707],[-123.68493700055585,46.169679145050267],[-123.68519991587995,46.171886442322268],[-123.68527331901846,46.171834974438667],[-123.68584188252473,46.171478398069532],[-123.68667890216373,46.17108340659248],[-123.68776076302332,46.170606112237863],[-123.68787932806441,46.170545729765138],[-123.68824253849336,46.170397648317831],[-123.68865310540913,46.17025495758466],[-123.68916641893215,46.17014521231421],[-123.69011409843776,46.170035552052688],[-123.69091957643053,46.169991632270971],[-123.69134597794979,46.169997063223633],[-123.69220670143424,46.170029927630168],[-123.69929022916493,46.170550616951232],[-123.69969302206022,46.170594502693469],[-123.69978780869576,46.170621914701336],[-123.70661072707767,46.170972108369135],[-123.70751103123182,46.170988415865381],[-123.70797692448762,46.17090056907923],[-123.70867975109456,46.170812610176043],[-123.70953255592975,46.170752152656654],[-123.71010109158824,46.170768426625052],[-123.71057489540843,46.170751891999444],[-123.71190148969076,46.170554104421086],[-123.71308598127496,46.170427654569799],[-123.71427046297767,46.170350601537507],[-123.71498111660568,46.17031754198365],[-123.71565238000679,46.170344757546445],[-123.71627627344635,46.170394041395269],[-123.71633151624306,46.17038847486446],[-123.71738193696602,46.170443095023977],[-123.71814008811636,46.170536170636872],[-123.71861388654666,46.170579901488836],[-123.71913509805768,46.17056331144002],[-123.71951412512381,46.170541306040136],[-123.72036685899211,46.170387434094835],[-123.72090381437677,46.170326903322582],[-123.72166182179667,46.170299266590021],[-123.72200926230079,46.170249821532543],[-123.72267244715255,46.170035568227377],[-123.72324096394644,46.169991566950195],[-123.72385696568618,46.170002342382865],[-123.72428345254542,46.170024120309016],[-123.72485197293256,46.170078842854984],[-123.7253732572071,46.170177417205984],[-123.72598932721883,46.170330831874416],[-123.72682658131812,46.170615770267119],[-123.72758497681022,46.170922800776758],[-123.72945712335451,46.171651768662123],[-123.7308789165991,46.172188909643658],[-123.73158210522708,46.172539738424419],[-123.73190608622758,46.172742599317658],[-123.73428528593567,46.175358614482668],[-123.73521802555979,46.176334715955576],[-123.73617474032054,46.177415145640296],[-123.73654630867486,46.177908748548738],[-123.73702075299386,46.17847908710484],[-123.73758990399831,46.179038463839149],[-123.73909981927731,46.180475125636555],[-123.7393369493595,46.180727391073781],[-123.73940825583011,46.180913956400758],[-123.73939263143237,46.1811114274537],[-123.73944802245111,46.181232121239887],[-123.73954286388384,46.18130890961497],[-123.73977993377892,46.181363627152173],[-123.7398193770064,46.181358151917848],[-123.7399220544434,46.18135262816903],[-123.74020624636499,46.181259165334289],[-123.74199106408723,46.181044381455543],[-123.7433104889153,46.181400318609562],[-123.74337373480287,46.181449677139483],[-123.74344496222177,46.181581338024152],[-123.74345330757073,46.18207511500141],[-123.74342151619285,46.182308948692004],[-123.74590229380001,46.182297709198231],[-123.74680801659194,46.18267403227204],[-123.74766644488084,46.183100509029373],[-123.74847183573699,46.183574284802788],[-123.7492187992688,46.18409218957094],[-123.74990233814829,46.184650757278582],[-123.75051787815399,46.185246257595608],[-123.75084742511596,46.185627366726166],[-123.75484320516161,46.190166590519866],[-123.75511572437439,46.19049885806907],[-123.75534057987652,46.190734805726187],[-123.75540204889647,46.190796371830793],[-123.75584589839355,46.191149160784938],[-123.75628582584604,46.191453919421299],[-123.75675480750978,46.191737074328209],[-123.75712514876545,46.191931424596483],[-123.75811360998833,46.192244224398209],[-123.75965748966991,46.19267004361987],[-123.76075585707287,46.192183246321122],[-123.76181322446793,46.192560901501196],[-123.76281719959576,46.193040702225382],[-123.76453200082813,46.194040201429736],[-123.76551956373574,46.194384364107954],[-123.76675010385969,46.194701227240685],[-123.76799666453843,46.194863181981169],[-123.7686632584967,46.194666153317208],[-123.76879572676344,46.194627099700561],[-123.76895375659159,46.183670664367718],[-123.76889687796275,46.177203887287305],[-123.78742445193298,46.177343486595355],[-123.80822795528623,46.177348429781169],[-123.80818530597148,46.174374631071878],[-123.81148887480185,46.174282063330146],[-123.81143433448771,46.169998309916494],[-123.81141594058397,46.168559878818634],[-123.8186579338257,46.168371152010771],[-123.82116702273737,46.16924026506193],[-123.82359484735345,46.169608183881941],[-123.82742226964008,46.16964324206743],[-123.82702833952341,46.168463702950319],[-123.82707567175574,46.168397838490158],[-123.82704411573641,46.168211314683958],[-123.82709141742602,46.168134562142953],[-123.82730451398108,46.167953466732072],[-123.82729660880659,46.167728519436508],[-123.82718609716203,46.16768467682293],[-123.82717027243996,46.167657254019275],[-123.82721755167171,46.167596880129722],[-123.82724910948764,46.167377410491412],[-123.82736746342464,46.167141465235673],[-123.82737532458167,46.166965906058998],[-123.82724894509593,46.166839742229833],[-123.82701998069966,46.166817823683871],[-123.82691733919532,46.166763033191138],[-123.82683829284021,46.166510613480078],[-123.826861843972,46.166077267089932],[-123.8269328602868,46.165923662623179],[-123.82707497645966,46.165786459466403],[-123.82709068979064,46.165676722078324],[-123.82704335216842,46.165638364583941],[-123.82666431432249,46.165594490441123],[-123.82649055229878,46.165495759182321],[-123.82623788136218,46.165309303926939],[-123.82617461211839,46.165210488165201],[-123.82615091995109,46.165029490761093],[-123.8262298243724,46.164892294706505],[-123.82629295797055,46.164826495651972],[-123.82657715079048,46.164661896569953],[-123.82679825941956,46.164497213003266],[-123.82675083106751,46.164409447930431],[-123.82679819204593,46.164354561091812],[-123.82750870194349,46.164036299221074],[-123.82774558319232,46.163904617481272],[-123.8288743801272,46.163037630112768],[-123.82905595839223,46.162949820403014],[-123.82922960992317,46.162834527482289],[-123.82941904575195,46.16267537713675],[-123.82968748661335,46.162291373772419],[-123.83005043832748,46.161896237303338],[-123.83039772072814,46.161303753759626],[-123.83047670240457,46.161276269910381],[-123.83129783443945,46.161495562297674],[-123.83142415733134,46.161583292198451],[-123.83140841705092,46.161682047900463],[-123.83136106056412,46.161736936783178],[-123.83131382265488,46.161868591357383],[-123.83123483918185,46.161956376038496],[-123.83113225337301,46.162153961210997],[-123.83106917097882,46.162214271388976],[-123.8308244734887,46.162625826920731],[-123.8304142524243,46.163382933848183],[-123.83038267125218,46.163547595241297],[-123.83039861185689,46.163788954502351],[-123.83050907050087,46.163898668902767],[-123.83067494262144,46.163920596077901],[-123.83084070335093,46.163909576807121],[-123.83131450896774,46.163821706894083],[-123.83207247237019,46.163645990911675],[-123.8326724293007,46.163558094446245],[-123.83381731506229,46.163486553601793],[-123.83476474753122,46.163343723615618],[-123.83516743352699,46.163239439106214],[-123.83535694391597,46.163162537148864],[-123.83559363202704,46.16301986559985],[-123.83597262136394,46.162745463747157],[-123.83630411407682,46.162558894020634],[-123.83682514951802,46.162427092395397],[-123.83706196698647,46.162438043522464],[-123.8371094752886,46.162487376142089],[-123.83712523982352,46.162553233368946],[-123.83688855710233,46.162849541383785],[-123.8368491291462,46.163008594165248],[-123.83684931689409,46.163524303486831],[-123.83696037291774,46.164500810980016],[-123.83691299217638,46.164605108652509],[-123.83680248053182,46.164714824536091],[-123.83674732666833,46.164819088828303],[-123.83673949425737,46.164934259379756],[-123.83678695494876,46.16506594301012],[-123.83677906594396,46.165203072683042],[-123.83672387435122,46.165296358741251],[-123.83658960586064,46.165411645880681],[-123.83651866859758,46.165559765637425],[-123.8365266860615,46.165729811449367],[-123.83659781646232,46.165866989861478],[-123.83665310507311,46.165899887220917],[-123.83688208204579,46.16613572083871],[-123.83687431072025,46.166212547093288],[-123.83674002246674,46.166207054174563],[-123.83650311606507,46.166020596975059],[-123.83641616902705,46.165993155921704],[-123.83637670244336,46.166004154244298],[-123.83635302914065,46.166091987075497],[-123.83640838871835,46.166240084469642],[-123.83656643651283,46.166360697667159],[-123.83670851046489,46.166426525371634],[-123.83694545549412,46.166470422492239],[-123.83718234033623,46.16645932285369],[-123.8373876727523,46.166426404053809],[-123.83762450369549,46.16636049547057],[-123.83769556672269,46.166382381847285],[-123.83771136449526,46.166475691413538],[-123.83752209934636,46.166799372306549],[-123.83751416183252,46.166865224371584],[-123.8376089349933,46.16688720573449],[-123.83765636244705,46.166854282835679],[-123.83771944663788,46.166700635122432],[-123.83780618886001,46.166629258254709],[-123.83809835961797,46.166590843565366],[-123.83823260834559,46.166508492599142],[-123.83832732221759,46.166382246842261],[-123.83838246350467,46.166310919954995],[-123.83847715581709,46.166064073848439],[-123.83852442876059,46.165987220634122],[-123.83857180141712,46.165822621914366],[-123.83863469516508,46.165367201041263],[-123.83870574561585,46.165252018953112],[-123.83872931471397,46.165098392272967],[-123.83871349448351,46.165038028018088],[-123.83865820497439,46.165005136986949],[-123.83838189666774,46.164944882129795],[-123.83834236989692,46.164900981303191],[-123.83839743303059,46.164560825546232],[-123.8384684520403,46.16441819184255],[-123.83849993799102,46.164154797523182],[-123.8384681394266,46.163792772774485],[-123.83838904007087,46.16354036058798],[-123.83835727833736,46.163266089500148],[-123.83842036701976,46.163096062826376],[-123.83863350759229,46.16281072647979],[-123.83864917510915,46.162750308695614],[-123.83872806695405,46.162640557784833],[-123.83879130835005,46.162591222191637],[-123.83888586411854,46.162421141790581],[-123.83896487723597,46.162344239933745],[-123.83918580350708,46.162196095342317],[-123.83946999273373,46.161932729582283],[-123.83970675989653,46.161778978526797],[-123.83999091408889,46.16165826195428],[-123.84049612570637,46.161372841620178],[-123.84070138176563,46.161285016809281],[-123.84084339283564,46.161186226173541],[-123.84124590994814,46.161021527847069],[-123.84161689080429,46.160801982199089],[-123.84177480834303,46.160736105454177],[-123.84336908800363,46.159759071319023],[-123.84391365930526,46.159331049617514],[-123.84429245280944,46.158963380017262],[-123.84437125392448,46.158831662490662],[-123.84445015026095,46.158782212102928],[-123.84455283398613,46.158754811617307],[-123.84466330969806,46.158754799794991],[-123.84475016420963,46.158776658086083],[-123.84501868951267,46.158913725035049],[-123.84512934937928,46.159001469008217],[-123.84516104104418,46.159209945006218],[-123.84520053547563,46.159226391012155],[-123.84537423192234,46.159209894606036],[-123.8454689017769,46.159226295189654],[-123.84575323473398,46.159363422618547],[-123.84593478065965,46.159368824753891],[-123.8460611664336,46.159308397589982],[-123.84613995766716,46.159209622071849],[-123.84629775483165,46.159001175317258],[-123.84639250283962,46.158946296772022],[-123.84647936094446,46.158951679037081],[-123.84655045451434,46.158984635909988],[-123.84663727399159,46.158979038979936],[-123.84683448473918,46.158781554406808],[-123.84692136709852,46.158737620039453],[-123.84741083484234,46.158704551639396],[-123.84748190775099,46.158677116270226],[-123.8475054543912,46.158633200486342],[-123.84745812754878,46.15854543850341],[-123.84752125935032,46.158506992035541],[-123.84783704861374,46.158567284433119],[-123.84796333377635,46.158550774762539],[-123.84821594722078,46.158402556488937],[-123.84845274672293,46.158413400148461],[-123.84868170752593,46.158385954678401],[-123.84884750508633,46.158336481489677],[-123.84906851579906,46.158314496710148],[-123.85023674518165,46.158001322783051],[-123.8506314828838,46.157973809905691],[-123.85122350319874,46.157847356646727],[-123.85148404158058,46.157869263833007],[-123.85162617571982,46.157830762757776],[-123.85181553968337,46.157655198135522],[-123.85210747867599,46.157479491703697],[-123.85220219973449,46.157347832849517],[-123.85232058331589,46.157298351882737],[-123.85240732643636,46.157287353064213],[-123.85248631709592,46.157320239997979],[-123.85259692755517,46.157320223197345],[-123.85292837984386,46.157254296859797],[-123.85313369519196,46.157298125385267],[-123.85326789810551,46.157341939564184],[-123.85344166641742,46.157363772904517],[-123.85375742064655,46.157363659655893],[-123.85410484587931,46.157308682407169],[-123.85434159866905,46.157308620804827],[-123.85485480529253,46.157396218621095],[-123.85502071963396,46.157396145196223],[-123.85526539556453,46.157313759309758],[-123.85548647275257,46.157330103211962],[-123.85570743944785,46.157280653963774],[-123.85762778509871,46.157694769588723],[-123.85761945591939,46.157553327102256],[-123.85772836676612,46.156265813586437],[-123.85809744139723,46.155083290081095],[-123.85892184689303,46.153791477274972],[-123.86001381918948,46.152420624378514],[-123.86141876093764,46.152654350800788],[-123.86137757228354,46.152774337881858],[-123.86344913673607,46.153117919425569],[-123.86362612550829,46.153164110979098],[-123.86379077861503,46.153200518194801],[-123.86384189634794,46.153204586740912],[-123.86388576018496,46.153207767898152],[-123.86392966444616,46.153210663423195],[-123.86398093309606,46.153213683406499],[-123.86404691345535,46.153216994622277],[-123.8640872648796,46.153218702813746],[-123.86413130748137,46.153220292769674],[-123.86419005909757,46.153221966735011],[-123.86423781623304,46.153222954312326],[-123.86427088501526,46.153223440322279],[-123.86432149789501,46.153223874059762],[-123.8643556994528,46.15322395371313],[-123.86486475855466,46.153223864103111],[-123.86486472621529,46.153141602651601],[-123.86486464446862,46.152949664179893],[-123.86486462201073,46.152894820048644],[-123.86487115366114,46.152893199590771],[-123.86487768171834,46.152891569798435],[-123.86488420708055,46.152889932538521],[-123.86489072615457,46.152888286566402],[-123.86489398434411,46.152887460157721],[-123.86489724253363,46.152886634371271],[-123.86490375352282,46.152884972841683],[-123.86491026091872,46.152883303222197],[-123.8649167647214,46.152881626757384],[-123.86492326403248,46.152879942202681],[-123.86492975885197,46.152878248313463],[-123.86493624917991,46.152876548201284],[-123.86494273501627,46.152874839376885],[-123.86494921636103,46.152873123084852],[-123.86495569411255,46.152871398702978],[-123.86496216737247,46.152869667475763],[-123.86496863703915,46.152867926291776],[-123.86497510041762,46.15286617826245],[-123.86498156110115,46.152864422765539],[-123.8649880163948,46.152862659800981],[-123.86499446719685,46.152860887502008],[-123.86500091440563,46.152859108357632],[-123.86500735532623,46.15285732112342],[-123.86501379355185,46.152855526421561],[-123.86502022728591,46.152853723629782],[-123.8650266556301,46.152851913370412],[-123.86503307948267,46.152850094398829],[-123.86503949974204,46.152848268581955],[-123.86504591371316,46.152846434052861],[-123.86505232409102,46.15284459267842],[-123.86505872818067,46.152842742591766],[-123.86506513047374,46.152840886282121],[-123.86507152737686,46.152839020637956],[-123.86507791889011,46.152837148148478],[-123.86508430591176,46.152835266324487],[-123.86509068664525,46.152833377655142],[-123.86509706378544,46.152831482140499],[-123.86510343643407,46.152829577291371],[-123.86510980548942,46.152827666219203],[-123.86511616735827,46.152825747057065],[-123.86512252563384,46.15282381918275],[-123.86512887851956,46.152821883840829],[-123.86513522691365,46.152819941653554],[-123.86514157081618,46.152817990754045],[-123.86514790932883,46.152816032386923],[-123.86515424155326,46.152814067174489],[-123.8651605692861,46.152812093249786],[-123.86516689432406,46.152810111857505],[-123.86517321307376,46.152808123619877],[-123.86517952553527,46.152806126670001],[-123.86518583530182,46.152804122252526],[-123.86519213698351,46.152802110989676],[-123.8651984359703,46.152800091014591],[-123.86520473046549,46.152798064194194],[-123.86521101777419,46.152796028661562],[-123.8652173023879,46.15279398690592],[-123.8652235789168,46.152791936438035],[-123.86522985095409,46.152789878502482],[-123.86523611939818,46.152787812476994],[-123.86524238155401,46.15278573960618],[-123.86524863921828,46.15278365926774],[-123.86525489059433,46.152781570839331],[-123.86526113658051,46.152779476187888],[-123.86526737807509,46.152777371579596],[-123.8652736141798,46.152775261370593],[-123.86527984489462,46.152773142449298],[-123.86528607201618,46.152771016060406],[-123.86529229105288,46.152768882826109],[-123.86529850559801,46.152766741501907],[-123.86530471385495,46.152764592087763],[-123.8653109185186,46.152762436450551],[-123.86531711599575,46.152760271478776],[-123.86532330987961,46.15275810090629],[-123.86532949567867,46.152755921621548],[-123.86533567878278,46.152753734869115],[-123.86534185559867,46.152751540649056],[-123.86534802522803,46.152749338961335],[-123.86535419126416,46.152747129805938],[-123.86536035011373,46.152744913805201],[-123.86536650447175,46.152742689714501],[-123.86537265343986,46.152740457533866],[-123.8653787970181,46.152738218507885],[-123.86538493340981,46.152735972636506],[-123.86539106530994,46.152733718675186],[-123.86539719002353,46.152731457246162],[-123.86540331114389,46.152729188971854],[-123.86540942597603,46.152726911985219],[-123.86541553362164,46.152724628775552],[-123.865421637674,46.152722337475872],[-123.86542773453982,46.152720039953167],[-123.86543382511746,46.152717733718184],[-123.86543991300013,46.152715420637804],[-123.86544599010304,46.152713098845211],[-123.86545206540931,46.152710771451822],[-123.86545813442734,46.152708435346163],[-123.86546419625891,46.152706092395107],[-123.86547025270055,46.152703742598696],[-123.86547630195568,46.15270138533463],[-123.86548234671922,46.152699020602846],[-123.86548838519455,46.152696647158834],[-123.86549441828001,46.152694268736305],[-123.86550044507725,46.152691880979219],[-123.86550646468797,46.152689486376737],[-123.86551247801046,46.152687085551158],[-123.86551848684141,46.152684676635644],[-123.86552448938416,46.152682260874727],[-123.86553048474036,46.152679836401518],[-123.86553647650328,46.152677405082954],[-123.86554246018139,46.152674967541287],[-123.865548436673,46.152672521909636],[-123.86555440867299,46.152670069432567],[-123.86556037348649,46.152667609487835],[-123.86556633380837,46.152665142075413],[-123.86557228694379,46.152662669062209],[-123.86557823199433,46.152660186714392],[-123.86558417345162,46.152657698143521],[-123.86559010862069,46.152655201482609],[-123.86559603570495,46.152652698598629],[-123.86560195739931,46.152650188246973],[-123.86560787190714,46.152647671049898],[-123.86561378192337,46.152645145762826],[-123.86561968385482,46.152642614252642],[-123.86562558039633,46.152640074652467],[-123.86563147064963,46.152637528206917],[-123.86563735371647,46.152634974915927],[-123.86564323049502,46.152632414157253],[-123.86564910188372,46.152629845930896],[-123.86565496518757,46.152627270859107],[-123.86566082220325,46.152624689564199],[-123.86566667293069,46.152622099557028],[-123.86567251826821,46.152619503948998],[-123.86567835552094,46.152616900251004],[-123.86568418648547,46.152614290329886],[-123.86569001116177,46.152611671696462],[-123.86569583044817,46.152609048706836],[-123.86570164254805,46.152606415760268],[-123.86570744656311,46.152603777212882],[-123.86571324518827,46.152601132442427],[-123.86571903752522,46.152598479581897],[-123.86572482177733,46.152595819253726],[-123.86573059974125,46.152593152080051],[-123.86573637231525,46.152590477438729],[-123.86574213590613,46.152587796574259],[-123.8657478941071,46.152585108864358],[-123.86575364512153,46.152582413686744],[-123.8657593898478,46.152579711663691],[-123.8657651273875,46.152577003417534],[-123.86577085863902,46.152574287081357],[-123.86577658180568,46.152571563899741],[-123.86578230048079,46.152568834495028],[-123.86578801017272,46.152566097000239],[-123.86579371267817,46.15256335328236],[-123.86579940889537,46.152560603963643],[-123.86580509882437,46.152557845310277],[-123.86581078066854,46.152555080433771],[-123.86581645802114,46.152552309334155],[-123.86582212549229,46.152549531389084],[-123.86582778757352,46.15254674659861],[-123.8658334415699,46.152543953718094],[-123.86583908927813,46.152541154614426],[-123.86584472890146,46.152538349287617],[-123.86585036403324,46.152535536493076],[-123.86585598928355,46.152532716853067],[-123.86586160824567,46.152529890367646],[-123.86586722181787,46.152527057659064],[-123.8658728255086,46.152524218105057],[-123.86587842201283,46.152521371083282],[-123.86588401312716,46.152518517216073],[-123.86588959705496,46.152515655881146],[-123.86589517289794,46.152512789567666],[-123.86590074245268,46.152509915164096],[-123.86590630302429,46.152507035159672],[-123.86591185730769,46.152504147065258],[-123.86591740530288,46.152501252747662],[-123.86592294521323,46.15249835282917],[-123.86592847883539,46.152495444820673],[-123.8659340043727,46.152492530589008],[-123.86593952002855,46.152489609511903],[-123.86594503119282,46.152486680344708],[-123.86595053427227,46.152483746821268],[-123.86595602926684,46.152480805207766],[-123.86596151797323,46.152477857993404],[-123.86596700039142,46.152474902688986],[-123.86597247292814,46.152471941783695],[-123.86597794007494,46.152468973410656],[-123.86598339823863,46.152466000059015],[-123.86598884831743,46.152463017372739],[-123.86599429300638,46.152460030330211],[-123.86599972781384,46.152457036442193],[-123.86600515543478,46.152454035086407],[-123.86601057766585,46.152451027507453],[-123.86601599091374,46.152448013082996],[-123.8660213960768,46.152444993057713],[-123.86602679405335,46.152441964942312],[-123.86603218394505,46.152438930603765],[-123.86603756754855,46.152435890664357],[-123.86604294396555,46.152432843257166],[-123.86604831050104,46.152429790249059],[-123.86605366985002,46.152426729773232],[-123.86605902201248,46.152423663696467],[-123.8660643660901,46.152420590774248],[-123.86606970298121,46.152417511006526],[-123.86607503178749,46.152414425015657],[-123.86608035161059,46.152411332801584],[-123.86608566604382,46.152408234364323],[-123.86609097239219,46.152405128459279],[-123.86609626885912,46.152402015708773],[-123.86610155813952,46.152398898601952],[-123.86610684113168,46.15239577340504],[-123.86611211603905,46.152392642607239],[-123.86611738286155,46.152389504963914],[-123.86612263980261,46.152386361097442],[-123.86612788955711,46.152383211007759],[-123.8661331321251,46.152380053450287],[-123.86613836570997,46.15237689091424],[-123.8661435930066,46.152373720910354],[-123.86614881132007,46.152370544683301],[-123.86615402244705,46.152367363477609],[-123.86615922459086,46.152364174804141],[-123.86616441775151,46.152360979907499],[-123.86616960462395,46.152357778787589],[-123.86617478341157,46.152354571444519],[-123.86617995321603,46.152351357878274],[-123.8661851167323,46.152348137466497],[-123.86619026946876,46.15234491145376],[-123.86619541591703,46.152341679217855],[-123.86620055428047,46.152338440758783],[-123.86620568276241,46.152335194831849],[-123.86621080405784,46.1523319451709],[-123.86621591816674,46.152328686797574],[-123.86622102239419,46.152325422823324],[-123.86622611943511,46.152322153248122],[-123.8662312083912,46.15231887682743],[-123.86623628926247,46.152315594805856],[-123.86624136025222,46.152312306561015],[-123.86624642405549,46.152309012092978],[-123.86625147887557,46.152305710779402],[-123.86625652650918,46.152302403864951],[-123.86626156515958,46.152299091349526],[-123.86626659482687,46.152295771988612],[-123.86627161730765,46.15229244702676],[-123.86627662990691,46.152289115841668],[-123.86628163621799,46.152285778433395],[-123.86628663444422,46.152282434801833],[-123.8662916218907,46.152279084947068],[-123.86629660125233,46.152275729491379],[-123.86630157252908,46.152272368434758],[-123.86630653661935,46.152268999910312],[-123.86631149082815,46.152265625784935],[-123.8663164369521,46.152262246680934],[-123.8663213749912,46.152258861353687],[-123.86632630314888,46.152255469180872],[-123.86633122411997,46.152252071407169],[-123.86633613700629,46.15224866741022],[-123.86634104001111,46.152245258434597],[-123.86634593403276,46.152241841991177],[-123.86635081996958,46.152238419946777],[-123.8663556978216,46.152234992923745],[-123.86636056579212,46.152231560299768],[-123.86636542747445,46.152228120207958],[-123.8663702792753,46.152224675137511],[-123.86637512119468,46.152221223843803],[-123.86637995592753,46.15221776694915],[-123.8663847807789,46.152214303208964],[-123.86638959844377,46.152210835112406],[-123.86639440532886,46.152207360792588],[-123.86639920592575,46.152203879627237],[-123.86640399574284,46.152200393483241],[-123.8664087765768,46.152196901115978],[-123.86641355112251,46.152193403147763],[-123.86641831488846,46.152189898956316],[-123.8664230705696,46.152186389786181],[-123.86642781726754,46.152182874392771],[-123.86643255318572,46.152179353398452],[-123.8664372828157,46.152175826803123],[-123.8664420025642,46.15217229398457],[-123.86644671422785,46.15216875556505],[-123.86645141511174,46.152165211544563],[-123.86645610970744,46.152161662545431],[-123.8664607935233,46.152158106078382],[-123.86646546835605,46.152154545255001],[-123.86647013330732,46.152150978208333],[-123.86647479107206,46.152147406183055],[-123.86647943985366,46.15214382855676],[-123.8664840796521,46.152140244707184],[-123.86648870867077,46.152136654012033],[-123.86649332960459,46.152133059582823],[-123.86649794155524,46.152129458930361],[-123.8665025454211,46.152125852676924],[-123.86650713850713,46.152122241444786],[-123.86651172440666,46.15211862336708],[-123.86651629952641,46.152115000310694],[-123.86652086566301,46.15211137227562],[-123.86652542371475,46.1521077386396],[-123.86652997188504,46.152104097535648],[-123.86653451107215,46.152100453319981],[-123.86653904037782,46.152096801636375],[-123.86654356070034,46.152093146841004],[-123.86654807383631,46.152089484577743],[-123.86655257529421,46.152085816713537],[-123.86655706866726,46.15208214449288],[-123.86656155215884,46.15207846604897],[-123.86656602756557,46.152074783248686],[-123.86657049309086,46.152071094847365],[-123.86657494783636,46.152067399600526],[-123.8665793935987,46.152063699997214],[-123.8665838321745,46.152059994170642],[-123.86658825997054,46.15205628336539],[-123.86659267788512,46.152052568203722],[-123.86659708771485,46.152048846196472],[-123.86660148945973,46.152045119832849],[-123.86660587862822,46.152041388490495],[-123.86661026061017,46.152037650302553],[-123.86661463181235,46.152033907758188],[-123.86661899492968,46.15203015961287],[-123.8666233463689,46.15202640711113],[-123.86662768882502,46.152022647763751],[-123.86663202409457,46.152018884682306],[-123.86663634858435,46.152015115999859],[-123.86664066229433,46.152011341094081],[-123.86664496881781,46.152007560587293],[-123.8666492645615,46.152003776968755],[-123.86665355222034,46.151999986504578],[-123.86665782820108,46.151996191061642],[-123.86666209519869,46.151992390640061],[-123.86666635321315,46.151988584617406],[-123.8666706004478,46.151984774238421],[-123.86667483959762,46.151980958258378],[-123.8666790679677,46.151977137299617],[-123.86668328735456,46.151973310739834],[-123.86668749686,46.151969478579041],[-123.86669169738227,46.151965642684118],[-123.86669588712475,46.151961801188214],[-123.86670006968069,46.151957954091245],[-123.86670423966027,46.151954103260195],[-123.86670839975834,46.151950246205843],[-123.8667125526699,46.151946383550424],[-123.86671669480168,46.151942517160876],[-123.86672082525536,46.151938645170333],[-123.86672494762418,46.151934768201038],[-123.86672906190819,46.151930886253062],[-123.8667331645141,46.151926999326335],[-123.86673725634022,46.151923107420885],[-123.86674133918318,46.151919209914389],[-123.86674541304299,46.15191530805145],[-123.86674947702134,46.151911401832116],[-123.86675353021991,46.151907489389458],[-123.86675757353699,46.151903573212657],[-123.86676160876922,46.15189965081251],[-123.86676563232339,46.151895724055905],[-123.8667696459961,46.151891792942884],[-123.86677365068563,46.151887857473461],[-123.86677764639202,46.151883915780658],[-123.86678162952197,46.151879969731461],[-123.8667856045671,46.15187601932579],[-123.86678956793415,46.151872063941397],[-123.86679352321636,46.151868102955945],[-123.86679746771874,46.151864138236391],[-123.86680140144139,46.151860167915792],[-123.86680532797749,46.151856193238714],[-123.86680924193719,46.151852213582913],[-123.86681314601542,46.151848228948317],[-123.86681704111049,46.151844239957356],[-123.86682092452745,46.151840246609915],[-123.8668247998596,46.1518362470391],[-123.86682866351363,46.151832244356456],[-123.86683251908281,46.151828236072781],[-123.86683636297391,46.151824223432648],[-123.86684019698356,46.151820206436035],[-123.86684402111173,46.151816185082986],[-123.86684783356181,46.151812158128926],[-123.86685163882534,46.151808126818338],[-123.86685543241077,46.151804091151362],[-123.86685921431811,46.151800050505592],[-123.86686298814064,46.1517960061257],[-123.86686675118335,46.151791956144699],[-123.86687050434462,46.151787901807253],[-123.8668742467261,46.151783843113378],[-123.86687797922609,46.151779779440737],[-123.86688170094632,46.151775712033938],[-123.86688541368338,46.151771639026059],[-123.86688911474235,46.151767562906329],[-123.86689280681819,46.151763481185526],[-123.86689648721588,46.151759395730586],[-123.86690015773213,46.151755305296838],[-123.86690381836692,46.151751211128982],[-123.86690746822191,46.151747110737709],[-123.86691110819545,46.151743007856901],[-123.86691473738919,46.151738899997319],[-123.86691835670148,46.151734787158937],[-123.86692196613231,46.15173067058641],[-123.86692556478332,46.15172654965744],[-123.86692915265456,46.151722423749661],[-123.86693273064436,46.151718293485416],[-123.86693629695603,46.151714158864678],[-123.86693985338624,46.151710020509796],[-123.86694340083328,46.15170587779847],[-123.86694693750057,46.151701730108314],[-123.86695046248973,46.151697579306294],[-123.86695397759743,46.1516934222809],[-123.86695748192538,46.151689263388235],[-123.86696097637183,46.15168509951684],[-123.86696446003849,46.1516809300443],[-123.8669679338237,46.151676757459875],[-123.8669713959308,46.15167258114132],[-123.86697484725813,46.151668399843985],[-123.86697828960229,46.151664213567805],[-123.86698172026836,46.151660024179762],[-123.86698514105298,46.151655830435288],[-123.86698855105779,46.151651632956579],[-123.86699195028281,46.15164742987681],[-123.86699534052471,46.151643224307428],[-123.86699871819017,46.151639013759272],[-123.86700208507587,46.151634799476945],[-123.8670054420801,46.151630580838109],[-123.86700879010114,46.151626357842794],[-123.86701212374916,46.1516221317356],[-123.86701544931236,46.151617901271891],[-123.86701876409573,46.151613665829373],[-123.86702206720103,46.151609427897348],[-123.8670253613232,46.151605185608794],[-123.8670286428689,46.151600938341396],[-123.86703191453317,46.151596687339833],[-123.86703517631597,46.151592432604104],[-123.86703842731899,46.151588173511861],[-123.86704166484728,46.151583911307718],[-123.86704489518904,46.151579645369374],[-123.8670481120561,46.151575373829942],[-123.86705131993996,46.151571099178568],[-123.86705451704405,46.151566820793036],[-123.86705770157174,46.151562539295611],[-123.86706087711627,46.151558252819378],[-123.86706404098268,46.151553963231244],[-123.86706719406931,46.151549669286624],[-123.86707033817282,46.151545372230103],[-123.86707346969992,46.151541070817053],[-123.8670765904472,46.151536765669825],[-123.86707970041471,46.151532457410688],[-123.86708279870415,46.151528144795016],[-123.86708588801039,46.151523827822899],[-123.86708896563856,46.151519507738833],[-123.86709203338528,46.151515183298265],[-123.86709508765722,46.151510855123469],[-123.86709813294601,46.151506524459094],[-123.86710116745505,46.151502189438226],[-123.86710419028597,46.1514978500608],[-123.86710720143881,46.151493507571473],[-123.8671102036085,46.151489161970282],[-123.86711319320176,46.151484812634862],[-123.86711617201526,46.151480459565214],[-123.86711914004894,46.151476101516742],[-123.86712209820119,46.151471740978671],[-123.86712504377701,46.151467376706378],[-123.86712797857302,46.151463009322214],[-123.86713090438589,46.15145863820382],[-123.86713381672406,46.151454262728855],[-123.86713672007906,46.151449884764311],[-123.86713961085762,46.151445503065574],[-123.86714249085645,46.151441118254915],[-123.86714536007547,46.151436728465427],[-123.86714821851469,46.151432336186296],[-123.86715106527583,46.151427940795294],[-123.86715390125721,46.151423541670042],[-123.86715672645877,46.151419138810553],[-123.86715954088054,46.151414732839193],[-123.86716234362423,46.151410323133589],[-123.8671651337915,46.151405909693736],[-123.86716791587395,46.151401492519675],[-123.86717068448164,46.151397073478314],[-123.8671734432079,46.151392649458089],[-123.86717619115434,46.151388224192907],[-123.86717892652437,46.151383793948881],[-123.86718165201295,46.151379360592884],[-123.86718436492509,46.15137492474733],[-123.86718706795581,46.151370485167469],[-123.86718975930837,46.151366041231128],[-123.86719243808456,46.151361595427467],[-123.86719510697928,46.151357146511863],[-123.86719776599249,46.151352692617415],[-123.86720041153103,46.151348237477997],[-123.86720304718807,46.151343777359678],[-123.86720567116703,46.151339315996395],[-123.86720828436617,46.151334849031926],[-123.86721088498892,46.151330380822458],[-123.8672134757302,46.151325909501089],[-123.86721605659,46.151321433823142],[-123.86721862217847,46.151316956900182],[-123.86722117968209,46.151312474998356],[-123.86722372371096,46.151307990606966],[-123.8672262587567,46.151303503103584],[-123.8672287821243,46.151299012488266],[-123.86723129291555,46.151294518761048],[-123.86723379202866,46.151290021921888],[-123.86723628215863,46.151285523215392],[-123.86723875881388,46.151281020152346],[-123.86724122468932,46.151276513977365],[-123.86724367888669,46.151272005312748],[-123.86724612320258,46.151267492913917],[-123.86724855494205,46.151262979270065],[-123.86726324329526,46.151235072210234],[-123.86727739894751,46.151207344362909],[-123.86729117281574,46.151179523154404],[-123.8673045756798,46.15115162289775],[-123.86731758957329,46.151123638614301],[-123.86733022527609,46.151095587728854],[-123.86734249266962,46.15106745281642],[-123.86735435941453,46.151039245078543],[-123.86736587581646,46.151010981317704],[-123.86737695923044,46.150982738078795],[-123.86738769230146,46.150954574482093],[-123.86739811186044,46.150926403403091],[-123.86740825114505,46.150898195592958],[-123.86741810656201,46.150869961008645],[-123.86742767721307,46.150841699027822],[-123.86743697208132,46.150813407161159],[-123.8674460100314,46.15078509100951],[-123.8674547686054,46.150756739993355],[-123.86746327115956,46.150728388340298],[-123.86747150421917,46.15070008832523],[-123.86747950820832,46.150671855506239],[-123.86748730827993,46.150643635741545],[-123.86749493228176,46.150615413473041],[-123.86750237302726,46.150587194924071],[-123.86750964219452,46.150558982583775],[-123.86751676044486,46.150530774585334],[-123.86752371160853,46.150502564083119],[-123.86753052443161,46.150474360412019],[-123.86753717825295,46.150446182241687],[-123.86754370810674,46.150418065666997],[-123.86755012567113,46.15038999139594],[-123.86755645070906,46.150361951960754],[-123.86756269579691,46.150333934914975],[-123.86756887710436,46.150305935902352],[-123.86757499193651,46.150277971103343],[-123.86758106095458,46.150250029938519],[-123.86758708505687,46.150222120498114],[-123.86759308220968,46.150194250250131],[-123.86759904792149,46.150166413593666],[-123.86855851062869,46.145690953725463],[-123.86856447005229,46.145663163336962],[-123.86857043217084,46.145635404053301],[-123.86857641225568,46.145607695790659],[-123.86858242467987,46.145580014276327],[-123.86858846764679,46.145552370090833],[-123.86859455822443,46.145524773192221],[-123.86860070180263,46.145497204286855],[-123.86860690736464,46.145469683913312],[-123.868613193775,46.145442212071593],[-123.86861954755899,46.145414796852791],[-123.8686260127341,46.145387461907433],[-123.86863259289355,46.145360189186583],[-123.86863930241041,46.145332962508405],[-123.86864615565771,46.145305771914899],[-123.86865315263547,46.145278624252285],[-123.86866030322513,46.145251521387813],[-123.86866329192007,46.145240465391957],[-123.86866761371489,46.145224450251469],[-123.86867508500313,46.145197445074388],[-123.8686827188864,46.145170488429955],[-123.86869052165297,46.145143654381776],[-123.86869852833709,46.145116944174902],[-123.86870676498994,46.145090306773959],[-123.86871523969633,46.145063703591241],[-123.86872396413436,46.145037165123675],[-123.86873293650741,46.145010684525104],[-123.86874215771383,46.144984259928428],[-123.86875162955016,46.144957888844239],[-123.86876135560975,46.144931586209793],[-123.86877134577404,46.144905373186383],[-123.86878156680532,46.144879353090261],[-123.86879208517901,46.144853501648576],[-123.86880293952254,46.144827720524439],[-123.86881413432765,46.144802021543391],[-123.86882566779757,46.144776402838275],[-123.86883754891551,46.144750864409239],[-123.86884976959664,46.144725414969848],[-123.86886233073925,46.144700049541143],[-123.86887523952987,46.144674768745595],[-123.8688883414583,46.144649848923962],[-123.86888861634277,46.144649321760575],[-123.86889108401488,46.144644746579885],[-123.8688935651617,46.144640174510755],[-123.86889605708828,46.144635604930798],[-123.8688985633879,46.144631039084814],[-123.86890108136566,46.14462647759516],[-123.86890361371644,46.144621917349923],[-123.86890615684702,46.144617363950566],[-123.86890871524895,46.144612811795639],[-123.86891128532898,46.144608263374636],[-123.86891386798541,46.144603718687613],[-123.86891646411661,46.144599177112163],[-123.86891907282417,46.144594640515443],[-123.86892169320984,46.144590105785511],[-123.86892432976522,46.144585576034359],[-123.86892697620206,46.144581048772388],[-123.86892963701192,46.144576526489111],[-123.86893231039822,46.1445720060727],[-123.86893499546258,46.144567490634991],[-123.86893769400172,46.144562979553662],[-123.86894040601555,46.144558470339121],[-123.86894312970749,46.144553965480924],[-123.86894586687416,46.144549464979107],[-123.86894861661723,46.144544966966485],[-123.86895137714011,46.144540473932608],[-123.86895415293434,46.144535984010318],[-123.86895694130497,46.144531499066822],[-123.86895974135372,46.144527016612464],[-123.8689625548772,46.144522537892108],[-123.86896538097707,46.144518063528103],[-123.86896821965337,46.144513593520493],[-123.86897107180441,46.144509127246835],[-123.86897393473521,46.144504664707163],[-123.86897681114075,46.144500205279101],[-123.86897970012269,46.14449575082979],[-123.86898260168107,46.144491300114474],[-123.86898551581585,46.144486853133124],[-123.86898844252703,46.144482410508168],[-123.86899138361129,46.144477971617171],[-123.86899433547531,46.144473537082582],[-123.86899729991575,46.144469106281989],[-123.8690002769326,46.144464679215368],[-123.86900326652588,46.144460257127506],[-123.86900626869554,46.144455838773645],[-123.86900928433997,46.144451424153758],[-123.86901230986584,46.144447013890272],[-123.86901535066308,46.144442608605559],[-123.86901840224009,46.144438205810097],[-123.86902146729183,46.144433808615773],[-123.86902454491999,46.14442941453305],[-123.86902763422627,46.144425025429094],[-123.86903073700725,46.144420641303917],[-123.86903384966971,46.144416260290406],[-123.86903697760351,46.144411883010861],[-123.86904011631715,46.144407511332439],[-123.86904326760717,46.144403142765697],[-123.8690464323719,46.144398779800127],[-123.86904960881473,46.144394420568538],[-123.86905279783399,46.144390065070958],[-123.86905599853135,46.144385714552179],[-123.86905921180514,46.144381368389816],[-123.86906243765533,46.144377026583832],[-123.86906567608193,46.144372689134229],[-123.8690689252883,46.14436835666347],[-123.86907218886772,46.144364029171442],[-123.86907546232862,46.144359704791086],[-123.86907874926425,46.144355384767124],[-123.8690820496746,46.144351070344356],[-123.86908536086472,46.144346759033205],[-123.86908868463128,46.144342453323219],[-123.86909202097425,46.144338151969706],[-123.86909536809698,46.144333854972544],[-123.8690987286945,46.144329563576619],[-123.86910210007174,46.144325276537103],[-123.86910548492372,46.144320992609202],[-123.86910888145383,46.144316714904875],[-123.86911228966203,46.144312440934591],[-123.86911571224323,46.144308172565502],[-123.86911914470593,46.144303907930464],[-123.86912258884674,46.14429964827422],[-123.86912604556395,46.144295392974428],[-123.8691295148576,46.144291143898201],[-123.86913299672763,46.144286898555976],[-123.86913648937747,46.144282657570201],[-123.869139995502,46.144278422185685],[-123.86914351150803,46.144274190535128],[-123.86914704098876,46.144269965108236],[-123.86915058214761,46.144265743415353],[-123.86915413498457,46.144261526701278],[-123.86915769860128,46.144257315588426],[-123.86916127659107,46.144253108832025],[-123.86916486536064,46.144248907054454],[-123.86916846670663,46.144244710878091],[-123.86917207883238,46.144240518435751],[-123.86917570353455,46.144236330972269],[-123.86917933991482,46.144232149732375],[-123.86918298887153,46.144227972848945],[-123.86918664860796,46.144223800321939],[-123.86919032092085,46.144219633396155],[-123.86919400401352,46.144215471449201],[-123.86919769878428,46.144211313858712],[-123.86920140613147,46.14420716186946],[-123.86920512425843,46.144203015481395],[-123.86920885586009,46.144198874694609],[-123.86921259734325,46.144194737641861],[-123.86921635230114,46.144190606190335],[-123.86922011714051,46.144186479717646],[-123.8692238954546,46.144182359468651],[-123.86922768365015,46.144178242331229],[-123.8692314844221,46.144174132039907],[-123.86923529687219,46.144170026727373],[-123.86923912189864,46.144165926393732],[-123.8692429568066,46.144161831661336],[-123.86924680429095,46.144157741285376],[-123.86925066345344,46.14415365651066],[-123.86925453429399,46.14414957795961],[-123.86925841501602,46.144145503764989],[-123.86926230831446,46.144141435794026],[-123.8692662141893,46.14413737155715],[-123.86927013084394,46.144133314166297],[-123.86927405917669,46.144129262376694],[-123.8692779973909,46.144125214321178],[-123.86928194907982,46.144121171866921],[-123.86928591244687,46.144117136258693],[-123.86928988479704,46.144113105006902],[-123.86929387062196,46.144109079978847],[-123.86929786812496,46.144105060551986],[-123.86930187550946,46.144101045481634],[-123.86930589367373,46.144097036012504],[-123.86930992621103,46.144093032767032],[-123.86931396683316,46.144089035122889],[-123.86931802003174,46.144085041835197],[-123.86932208490842,46.144081055393542],[-123.86932616056484,46.144077074553152],[-123.86933024969603,46.144073098691635],[-123.86933434691203,46.14406912780904],[-123.86933845670445,46.144065163772467],[-123.86934257817499,46.144061205337181],[-123.86934670952698,46.14405725188076],[-123.86935085255705,46.14405330464804],[-123.86935500816357,46.144049362394178],[-123.86935917275322,46.144045425741602],[-123.86936334991928,46.14404149593512],[-123.86936753786514,46.144037571107468],[-123.86937173748912,46.144033651881152],[-123.86937594609621,46.144029738256108],[-123.86938016727974,46.14402583085473],[-123.86938440103967,46.144021928432267],[-123.86938864378277,46.144018033478226],[-123.86939289820396,46.144014143503114],[-123.86939716430321,46.144010259129296],[-123.86940143938567,46.144006380979171],[-123.86940572704451,46.144002507807947],[-123.86941002548315,46.143998640860367],[-123.86941433470157,46.143994780758945],[-123.86941865469977,46.143990925013966],[-123.86942298547775,46.143987076115096],[-123.86942732793382,46.143983233439933],[-123.8694316802714,46.143979396988435],[-123.86943604518537,46.143975565515873],[-123.86944041908245,46.143971739644577],[-123.86944480465768,46.143967920619446],[-123.86944920011437,46.143964107195572],[-123.86945360635085,46.143960301240185],[-123.86945802516374,46.143956499641334],[-123.86946245295978,46.143952704266155],[-123.86946689333219,46.14394891635952],[-123.86947134358613,46.143945132186957],[-123.86947580372153,46.143941356105344],[-123.869480275535,46.143937586247411],[-123.86948475812825,46.143933821368393],[-123.86948924880636,46.143930062713096],[-123.8694937529592,46.143926310903922],[-123.86949826699352,46.143922564073669],[-123.86950279180761,46.143918824089504],[-123.86950732740145,46.143915090329074],[-123.8695118728768,46.14391136341473],[-123.86951642913193,46.143907642724123],[-123.86952099616684,46.143903927012481],[-123.86952557308319,46.143900218146939],[-123.86953016167767,46.143896516127484],[-123.86953475925529,46.143892819709365],[-123.86953936940932,46.143889130759803],[-123.86954398854652,46.14388544678917],[-123.86954861756517,46.14388176904221],[-123.86955325736363,46.143878098763835],[-123.86955790884018,46.143874433464376],[-123.86956256929984,46.143870775633438],[-123.86956723964103,46.143867124026237],[-123.86957192255859,46.1438634792652],[-123.86957661356101,46.143859839483085],[-123.86958131534321,46.143856206547092],[-123.86958602700687,46.143852580457207],[-123.86959075124695,46.1438489618359],[-123.86959548357187,46.143845348193523],[-123.86960022667658,46.143841742019724],[-123.86960498056105,46.143838141447219],[-123.86960974253037,46.1438345483433],[-123.86961451707612,46.143830961463081],[-123.86961930060498,46.143827380806634],[-123.86962409491368,46.143823806373945],[-123.86962889820549,46.143820239409791],[-123.86963371317539,46.143816678046988],[-123.86963853712848,46.14381312290795],[-123.86964337186136,46.143809575237455],[-123.86964821647568,46.143806035035489],[-123.86965307007317,46.143802500434944],[-123.86965793624705,46.143798973302886],[-123.86966280870915,46.143795451149835],[-123.86966769374766,46.143791937087727],[-123.86967258776933,46.143788429249355],[-123.86967749346911,46.143784928257169],[-123.86968240635539,46.143781434733526],[-123.8696873318181,46.143777947433662],[-123.86969226446733,46.143774465735163],[-123.86969720879463,46.143770992750049],[-123.86970216300345,46.143767524743886],[-123.8697071270937,46.14376406420628],[-123.86971209926881,46.143760611137282],[-123.869717083122,46.143757163669605],[-123.8697220741617,46.14375372367055],[-123.86972707777784,46.143750290517637],[-123.86973208947882,46.143746864210925],[-123.86973711285789,46.143743444750356],[-123.86974214342345,46.143740032135995],[-123.86974718387053,46.143736626990197],[-123.86975223419907,46.143733227445793],[-123.86975729530737,46.143729836614767],[-123.86976236539881,46.143726450762721],[-123.86976744537178,46.143723073001652],[-123.86977253522615,46.143719702709163],[-123.86977763406371,46.143716338018066],[-123.86978274188441,46.14371298017317],[-123.86978785958661,46.143709631041681],[-123.8697929862719,46.143706288133941],[-123.86979812373703,46.14370295145001],[-123.86980326928696,46.143699622234664],[-123.8698084247184,46.143696301110303],[-123.86981359092958,46.143692985587386],[-123.86981876432733,46.143689678155425],[-123.8698239485048,46.143686376947265],[-123.86982914076717,46.143683083830112],[-123.86983434470761,46.143679798181594],[-123.86983955583455,46.143676518134427],[-123.86984477594469,46.143673245555902],[-123.86985000773292,46.143669980445964],[-123.8698552458093,46.143666722804625],[-123.86986049556384,46.1436634713871],[-123.8698657534032,46.143660228682947],[-123.8698710202257,46.143656991580258],[-123.86987629692969,46.143653762568569],[-123.86988158082019,46.143650541025487],[-123.86988687549045,46.14364732632859],[-123.86989217914392,46.143644119722758],[-123.86989749178049,46.143640919340697],[-123.86990281519688,46.143637725804894],[-123.86990814490146,46.143634540982461],[-123.8699134844875,46.1436313617615],[-123.86991883305669,46.143628190631503],[-123.86992419150739,46.14362502697017],[-123.86992955804287,46.143621871399866],[-123.86993493356155,46.143618722675789],[-123.86994031716503,46.143615580797892],[-123.86994571154831,46.143612446388687],[-123.86995111311812,46.143609320070468],[-123.8699565245694,46.143606201220869],[-123.8699619441055,46.143603087972743],[-123.86996737262476,46.143599984060423],[-123.86997281102548,46.143596886994324],[-123.86997825661274,46.143593796152111],[-123.86998371208145,46.143590714645711],[-123.86998917563503,46.143587640607933],[-123.86999464817173,46.143584573416369],[-123.87000012879328,46.143581513071112],[-123.8700056201946,46.143578460816855],[-123.87001111788415,46.143575416031226],[-123.87001662455687,46.143572379336689],[-123.87002214111102,46.14356934886596],[-123.87002766485168,46.143566327731094],[-123.87003319757552,46.143563312197678],[-123.87003873928251,46.143560305377676],[-123.87004428907433,46.143557306648766],[-123.87004984695099,46.143554314766092],[-123.87005541291251,46.143551330352054],[-123.87006098965379,46.143548354029114],[-123.87006657268326,46.143545385174818],[-123.87007216469593,46.143542423166757],[-123.87007776479341,46.143539470494567],[-123.87008337297571,46.143536524668619],[-123.87008899193782,46.143533586311364],[-123.87009461628982,46.143530655422708],[-123.87010024962495,46.143527732625159],[-123.87010589194324,46.143524817918667],[-123.87011154234639,46.143521910058482],[-123.87011720083437,46.143519010289296],[-123.87012286740719,46.143516118611231],[-123.87012854206483,46.143513235024244],[-123.87013422480733,46.143510358283486],[-123.87013991563464,46.143507489633805],[-123.87014561544514,46.14350462969761],[-123.87015132244213,46.143501775362886],[-123.87015703842228,46.143498930986418],[-123.87016276158894,46.14349609345625],[-123.87016849373877,46.143493264639588],[-123.87017423127851,46.143490442669155],[-123.8701799804963,46.143487628789806],[-123.87018573510404,46.143484823623965],[-123.87019149869489,46.143482024682001],[-123.8701972703706,46.143479234453494],[-123.87020304923281,46.143476452938479],[-123.87020883617987,46.143473678269764],[-123.87021463121177,46.143470912314548],[-123.87022043343021,46.143468152583196],[-123.87022624463175,46.143465403432579],[-123.87023206391818,46.143462659883397],[-123.87023788859449,46.143459925047765],[-123.87024372315223,46.143457198925589],[-123.87024956489653,46.143454480272098],[-123.87025541203073,46.143451769709756],[-123.87026126994468,46.143449067860857],[-123.8702671350452,46.143446372235879],[-123.87027300733219,46.143443685946821],[-123.87027888770405,46.143441007748805],[-123.87028477436411,46.14343833764196],[-123.87029066731236,46.143435675003779],[-123.87029657193872,46.143433021701497],[-123.87030248105665,46.143430374623172],[-123.87030839915775,46.143427736880724],[-123.87031432264875,46.143425106606969],[-123.87032025602119,46.143422485046742],[-123.87032619568187,46.143419870955206],[-123.87033214252902,46.143417264954785],[-123.87033809656275,46.143414667045512],[-123.87034405868127,46.143412078472096],[-123.87035002708804,46.143409497989829],[-123.87035600447793,46.143406924976325],[-123.87036198815606,46.143404359431457],[-123.87036797902066,46.143401802600188],[-123.87037397797013,46.143399255104747],[-123.8703799832078,46.143396714455704],[-123.8703859965303,46.14339418189774],[-123.87039201524271,46.143391658053361],[-123.87039804114164,46.143389142922452],[-123.87040407602373,46.143386635882678],[-123.870410117194,46.143384136934024],[-123.8704161646525,46.143381646076506],[-123.87042222109416,46.143379164554936],[-123.87042828202738,46.143376689257295],[-123.87043435104545,46.143374223917981],[-123.87044042725,46.143371766669802],[-123.87044651243775,46.143369316890343],[-123.87045260032045,46.14336687582442],[-123.87045869808456,46.143364443472045],[-123.87046480123863,46.143362019833226],[-123.8704709124775,46.143359604907914],[-123.87047703000457,46.143357197451365],[-123.87048315381988,46.143354798085944],[-123.87048928572,46.14335240681168],[-123.87049542390832,46.143350024250964],[-123.8705015683849,46.143347651026168],[-123.87050772094628,46.143345284647729],[-123.87051387799922,46.143342928850046],[-123.87052004134038,46.143340579276277],[-123.87052621456301,46.143338239038513],[-123.8705323913789,46.143335908136635],[-123.87053857627963,46.143333584703591],[-123.87054476657026,46.143331270606424],[-123.87055096494572,46.143328963355678],[-123.87055716871106,46.143326666063217],[-123.87056337966295,46.143324376861962],[-123.87056959780135,46.143322096374241],[-123.870575819533,46.143319823977713],[-123.87058205114613,46.143317559672283],[-123.87058828725084,46.143315304702845],[-123.87059453054205,46.143313058446978],[-123.87060078012148,46.143310820282281],[-123.87060703509081,46.143308590208733],[-123.87061329634834,46.143306369471169],[-123.87061956389408,46.143304156824769],[-123.87062583862635,46.143301952891903],[-123.87063211874849,46.143299757672658],[-123.87063840695546,46.143297570544533],[-123.87064469965405,46.143295393374814],[-123.87065099864081,46.143293224296272],[-123.87065730391579,46.143291063931251],[-123.87066361458066,46.143288911035036],[-123.87066993333039,46.143286768097191],[-123.87067625567335,46.143284632628138],[-123.87068258430453,46.143282506495048],[-123.87068892012223,46.143280389075542],[-123.8706952613298,46.143278279747207],[-123.8707016088256,46.143276179132464],[-123.87070796350793,46.143274087853676],[-123.87071432268183,46.14327200528848],[-123.87072068814392,46.143269932059297],[-123.87072705989422,46.143267866298878],[-123.87073343613613,46.143265809874464],[-123.87073981866622,46.143263761541228],[-123.87074620748453,46.143261722543961],[-123.8707526016927,46.143259692260287],[-123.87075900218912,46.143257670690211],[-123.8707654071771,46.143255657833734],[-123.87077181935157,46.143253653068442],[-123.87077823601767,46.143251658883905],[-123.87078465897194,46.143249670923396],[-123.87079108641781,46.143247693543685],[-123.87079752015185,46.14324572487758],[-123.87080396017414,46.143243764925046],[-123.87081040468797,46.143241813063739],[-123.87081685549005,46.14323987116078],[-123.87082331168199,46.143237936726685],[-123.87082977416215,46.143236012250945],[-123.87083624113389,46.143234096488804],[-123.87084271349548,46.143232188817905],[-123.870849191247,46.143230291105368],[-123.87085567438841,46.143228402106473],[-123.8708621620214,46.14322652057637],[-123.87086865594259,46.143224649627079],[-123.87087515525364,46.143222787391394],[-123.87088165905632,46.143220933246873],[-123.87088816914719,46.143219087193593],[-123.87089468372962,46.143217252343547],[-123.87090120280365,46.143215424962293],[-123.87090772906417,46.143213607539487],[-123.87091425801968,46.143211798207837],[-123.87092079416168,46.143209996967435],[-123.87092733479527,46.143208205685404],[-123.87093388171706,46.143206423117029],[-123.87094043133378,46.143204651129494],[-123.87094698634041,46.143202885365952],[-123.87095354673693,46.143201130183201],[-123.87096011342166,46.143199383091691],[-123.87096668280134,46.143197646581022],[-123.87097325936753,46.14319591816156],[-123.87097983952698,46.143194198455731],[-123.87098642417801,46.14319248746348],[-123.87099301511724,46.143190787052106],[-123.87099960964974,46.143189094109538],[-123.87100620957216,46.143187411125382],[-123.8710128130878,46.143185736232482],[-123.87101942199334,46.143184071297966],[-123.87102603628877,46.143182415077121],[-123.87103265507578,46.143180768192295],[-123.87103927835437,46.143179129398675],[-123.87104590522623,46.14317749994111],[-123.87105253748798,46.143175879819601],[-123.871059173343,46.143174269656477],[-123.87106581548619,46.143172667584615],[-123.87107246212098,46.143171074226387],[-123.87107911234902,46.143169491448973],[-123.87108576706864,46.143167917385234],[-123.87109242627987,46.143166350790302],[-123.87109908998262,46.143164794153797],[-123.87110575907532,46.143163247475776],[-123.87111243086292,46.143161710133768],[-123.87111910893876,46.143160180260573],[-123.87112578791287,46.143158660345854],[-123.87113247497184,46.14315715038957],[-123.87113916382748,46.143155649146919],[-123.87114585897129,46.143154155995518],[-123.87115255681005,46.143152672802593],[-123.87115925914036,46.143151198945688],[-123.87116596596228,46.143149735047217],[-123.87117267727577,46.143148278617616],[-123.87117939128422,46.143146832768863],[-123.87118611068253,46.143145395633724],[-123.8711928327758,46.143143967212282],[-123.87119956025897,46.143142548126853],[-123.87120629223371,46.143141139622294],[-123.87121302600505,46.143139738586555],[-123.8712197651663,46.1431383475093],[-123.87122650881915,46.143136965145708],[-123.87123325516694,46.143135592118149],[-123.8712400060063,46.143134229671432],[-123.87124676133726,46.143132874693599],[-123.87125351846481,46.143131529674214],[-123.87126028098226,46.143130193990856],[-123.871267047093,46.143128867021204],[-123.87127381589866,46.14312755001],[-123.87128058919589,46.143126242957244],[-123.87128736698472,46.143124943995744],[-123.87129414746849,46.143123654370306],[-123.87130093154552,46.143122374703339],[-123.8713077201141,46.143121103127605],[-123.87131451047934,46.143119841510327],[-123.87132130623445,46.143118590473968],[-123.87132810558285,46.143117345661651],[-123.87133490852452,46.143116113297367],[-123.87134171236447,46.14311488840201],[-123.87134852249264,46.143113674087466],[-123.87135533531574,46.143112467864185],[-123.8713621508338,46.14311127222183],[-123.87136896994512,46.143110084670674],[-123.87137579264972,46.143108906455602],[-123.87138261894754,46.143107738199035],[-123.87138944704202,46.143106579278516],[-123.8713962805264,46.14310543031646],[-123.87376034541857,46.143229251066785],[-123.87462198877786,46.14394164054071],[-123.87462238313825,46.143944027432624],[-123.87462277929529,46.14394641370199],[-123.87462318084224,46.143948799971298],[-123.87463946819666,46.144030849855113],[-123.87464005479653,46.144033412258736],[-123.8746406467863,46.144035975284702],[-123.87464124416597,46.144038536443333],[-123.87464184603722,46.144041098846643],[-123.87464245060342,46.144043659382625],[-123.87464306235609,46.144046218673722],[-123.87464367770207,46.144048779209463],[-123.87464429843793,46.144051338500326],[-123.87464492186874,46.144053897168661],[-123.87464555158775,46.144056455214461],[-123.87464618490004,46.14405901201534],[-123.87464682450052,46.144061569438556],[-123.87464746859256,46.144064126239243],[-123.87464811537957,46.144066682417353],[-123.87464876935312,46.144069237350621],[-123.87464942602158,46.144071792906146],[-123.87465008807993,46.144074346594373],[-123.87465075373156,46.144076900282485],[-123.8746514265697,46.144079452725656],[-123.87465210120449,46.14408200516872],[-123.87465278212748,46.144084556989306],[-123.87465346754205,46.144087108187321],[-123.87465415834649,46.144089658762852],[-123.8746548527442,46.144092208715861],[-123.87465555163351,46.144094758046393],[-123.87465625681101,46.144097307376761],[-123.87465696468345,46.144099854839844],[-123.87465767704747,46.144102402302806],[-123.87465839569968,46.144104949143298],[-123.87465911884348,46.144107495983611],[-123.87465984558057,46.144110040956654],[-123.87466057680919,46.144112585307163],[-123.8746613125294,46.144115130279957],[-123.87466205453782,46.14411767400783],[-123.87466280103786,46.144120216490812],[-123.8746635502328,46.144122759596094],[-123.87466430571592,46.144125300834041],[-123.87466506569066,46.144127841449503],[-123.87466583015699,46.144130382687216],[-123.87466659911486,46.144132920812865],[-123.87466737166602,46.144135460805579],[-123.87466815050536,46.144137998308551],[-123.87466893383629,46.144140535811445],[-123.87466972076048,46.144143073314225],[-123.87467051307456,46.144145608949685],[-123.87467130988021,46.144148144585017],[-123.87467211117743,46.144150680220285],[-123.87467291786457,46.144153213988226],[-123.87467372814496,46.144155747133631],[-123.87467454291691,46.144158279034166],[-123.87467536218047,46.144160810934572],[-123.8746761868339,46.14416334283483],[-123.87467701687721,46.144165873490245],[-123.87467784961549,46.144168403523103],[-123.87467868864195,46.14417093231107],[-123.87467953126169,46.144173460476523],[-123.87468037837301,46.144175987397091],[-123.87468123177253,46.144178515562309],[-123.8746820887653,46.144181040615436],[-123.87468294935134,46.144183565668449],[-123.87468381532727,46.144186090721341],[-123.87468468489647,46.144188613906948],[-123.8746855616522,46.144191137092442],[-123.87468644110287,46.144193659655421],[-123.87468732504509,46.144196180351109],[-123.87468821437724,46.14419870166909],[-123.87468910909925,46.144201221119744],[-123.87469000561791,46.144203740570319],[-123.87469090842475,46.144206258775931],[-123.87469181662151,46.144208775736672],[-123.87469272841153,46.144211292074935],[-123.87469364469312,46.144213807790678],[-123.87469456456796,46.144216323506257],[-123.87469549162935,46.144218837354607],[-123.874696422284,46.144221350580381],[-123.87469735653185,46.14422386318369],[-123.87469829616967,46.144226375164479],[-123.87469924029901,46.144228886522754],[-123.87470018891997,46.144231396636144],[-123.8747011429308,46.144233905504613],[-123.87470210053489,46.144236414995383],[-123.87470306173222,46.144238921996454],[-123.87470402831948,46.144241428375018],[-123.87470500029664,46.144243933508655],[-123.87470597676534,46.144246439264627],[-123.87470695772564,46.144248942530865],[-123.87470794407582,46.14425144704181],[-123.87470893401927,46.144253948440657],[-123.87470992665766,46.144256450461754],[-123.87471092558424,46.14425895186038],[-123.87471192990074,46.144261450769321],[-123.8747129378105,46.144263950300498],[-123.87471394931347,46.144266447342048],[-123.87471496800303,46.144268944383441],[-123.87471599028582,46.144271441424763],[-123.87471701526354,46.144273936598765],[-123.87471804652948,46.144276431772646],[-123.87471908228702,46.144278925079249],[-123.87472012253613,46.144281417140938],[-123.87472116637848,46.144283908580157],[-123.87472221561075,46.144286398774462],[-123.87472326933457,46.144288888968639],[-123.87472432665164,46.144291377917909],[-123.87472539025694,46.144293865622302],[-123.87472645745551,46.144296352704174],[-123.87473452612338,46.14431510415276],[-123.87480017680097,46.144467715860685],[-123.87508896989345,46.145139067416906],[-123.87545217672913,46.145983376198529],[-123.87728177367167,46.150236030101475],[-123.87739973863818,46.150924350376357],[-123.87815924444794,46.150917387883126],[-123.87916137353787,46.150908193134057],[-123.88390204200697,46.150864583553982],[-123.88390100175786,46.150562284624463],[-123.88649295845786,46.150580489407083],[-123.88986854971614,46.150604112115175],[-123.88986927735154,46.153137199307302],[-123.89405620002499,46.153314599789539],[-123.894141272279,46.155473568284719],[-123.89615973462017,46.155438303187907],[-123.89622041851254,46.152340664243489],[-123.90203626527385,46.152347726124979],[-123.90170878353869,46.151768379374921],[-123.90152439444516,46.150867746799271],[-123.901873093489,46.149612367852164],[-123.90172254842379,46.149583507785827],[-123.90237540534473,46.147650188054115],[-123.90240941466307,46.14712846668759],[-123.90231472145236,46.146632951344777],[-123.90222406796546,46.146205087696607],[-123.90182312020976,46.145492046629577],[-123.90134198703515,46.145075708135884],[-123.90093050383778,46.144821154965271],[-123.90063752100282,46.144660587620145],[-123.90008524485098,46.144441091215803],[-123.89974134370908,46.144353321536997],[-123.89975062959419,46.141350413843256],[-123.90294496867592,46.141304741437999],[-123.90351742907389,46.140817701617806],[-123.90451042589062,46.140373677875395],[-123.90758139304619,46.138534614140966],[-123.90873108659117,46.138058866201973],[-123.9133193468892,46.13675500352204],[-123.92238729709996,46.136741831883768],[-123.9234993898621,46.136740311791861],[-123.92342839780186,46.136839770657467],[-123.92311119099692,46.137098097444323],[-123.92302180143965,46.137279028617726],[-123.92330923807604,46.137550548445709],[-123.92412148667111,46.137918788113254],[-123.92424010920436,46.13807365655201],[-123.92425014338608,46.13829340989809],[-123.92432919692773,46.138551765968124],[-123.9246388659691,46.138692273808715],[-123.92475503969493,46.138817957532154],[-123.9247353019115,46.138952360294702],[-123.92459719671632,46.139230749323339],[-123.92457350185408,46.139413256374667],[-123.92459771773922,46.139480765804244],[-123.92465920382715,46.139529118733435],[-123.92477779581769,46.139499857504255],[-123.92495016006282,46.139494856764216],[-123.92510098450407,46.139541919971656],[-123.92519084298196,46.139643719773922],[-123.92526994682925,46.139863388426214],[-123.92520068761915,46.140044287483008],[-123.92505641998117,46.140169070562557],[-123.92469870364849,46.140380685272895],[-123.92443795416254,46.140549953674451],[-123.92421789117247,46.140719231514595],[-123.92420541357316,46.140785322686476],[-123.92423363504614,46.140844517234314],[-123.92428887155461,46.140874351630799],[-123.92436736185259,46.140880647525428],[-123.92462112424224,46.140861855071442],[-123.92472371454262,46.140866944695027],[-123.92482017384121,46.140890373016205],[-123.92492637087747,46.140947305537921],[-123.92498887565495,46.141016181187631],[-123.92498961676506,46.141076988823897],[-123.92488451028356,46.141209520033847],[-123.92473752254686,46.141349534977522],[-123.92456909471929,46.141462650235404],[-123.92436698545846,46.141533497079948],[-123.92423412642458,46.141580671825942],[-123.92406612529678,46.141654448262457],[-123.92396694949278,46.14174388971184],[-123.92396844339109,46.141858239041611],[-123.92402462043572,46.141993881710327],[-123.92411426691116,46.142119053116836],[-123.92423208814721,46.142196199840257],[-123.9243654116101,46.142249293817237],[-123.92459638733426,46.142327037254304],[-123.92472426341328,46.14234882987035],[-123.92482362606684,46.142387325594001],[-123.92525135080454,46.142590323196977],[-123.92547722050465,46.142727667599829],[-123.92558617806377,46.143100088825221],[-123.92555185972499,46.14337956787223],[-123.92544874660507,46.143662474302282],[-123.92524241885569,46.144003176883835],[-123.92511752967498,46.144104357245638],[-123.92507535736567,46.144165835524156],[-123.92505921374168,46.144219467839399],[-123.92784349345578,46.144214623748915],[-123.92882970978879,46.144212841213083],[-123.92892672963609,46.146622666738502],[-123.92895321107235,46.147280487445776],[-123.92958629337896,46.147227649131878],[-123.92956835671768,46.14686760352766],[-123.92946240671812,46.14421169600849],[-123.9314043074442,46.144208148986081],[-123.93248291370755,46.144206167284068],[-123.93249223013535,46.144274698407919],[-123.93249582519313,46.144301120233216],[-123.93249871417505,46.144327281885765],[-123.93250042816064,46.144358743195234],[-123.932500226938,46.144390227515238],[-123.93249836113718,46.144419058562463],[-123.93249599587301,46.144439985226626],[-123.93249322996024,46.144458250538875],[-123.93248927737301,46.144479060178675],[-123.93248575957035,46.144494612477395],[-123.93248176835554,46.144510109378963],[-123.93247730822014,46.144525544037116],[-123.93247323346203,46.144538354071926],[-123.93246883441209,46.144551111200599],[-123.93246098672977,46.144571750892908],[-123.93244998506248,46.144597317412533],[-123.93244024013826,46.144617562492755],[-123.93242966247581,46.144637604666663],[-123.93241678153295,46.14465989054478],[-123.93240446832534,46.144679448485036],[-123.93238965959789,46.144701147434056],[-123.93237744879823,46.144717787604428],[-123.93236276493658,46.144736538287049],[-123.93234928571576,46.144752699208162],[-123.93234132484569,46.144761826522931],[-123.93233317353283,46.144770873548126],[-123.93231631844314,46.144788719261598],[-123.9323031967518,46.14480187963909],[-123.9322896726152,46.144814841472048],[-123.93227788941358,46.144825806062492],[-123.93215960464688,46.144935804117331],[-123.93202330147219,46.145062556537205],[-123.93202916477604,46.14533190819477],[-123.93203306526101,46.146070439997246],[-123.93203834825323,46.147071277921221],[-123.93532860225446,46.147062844922594],[-123.9354800249737,46.147062455946596],[-123.93553847565428,46.147062989932834],[-123.93554953481376,46.147630757507365],[-123.93568934680793,46.147612895289285],[-123.93704644967397,46.147432566908059],[-123.936758792052,46.148223382051896],[-123.94030344624676,46.147558508872827],[-123.94511640663836,46.149985703377958],[-123.96441264114944,46.150003543666855],[-123.96444812100991,46.15000231768007]]]},"properties":{"OBJECTID":62,"NAME":"Unincorp Clatsop Co","Shape__Area":4109784025.8923621,"Shape__Length":383091.06154285109}},{"type":"Feature","id":63,"geometry":{"type":"Polygon","coordinates":[[[-123.98867401425447,46.191648666813947],[-123.9569560592509,46.191862932922362],[-123.9569704269056,46.194020914118134],[-123.96687326145994,46.194122559051095],[-123.96713560815044,46.204265141857995],[-123.96333911665566,46.202901502301657],[-123.96290601190773,46.201763253417525],[-123.96254254545894,46.201751130052578],[-123.96215596984946,46.201670820697224],[-123.96181473131406,46.201491234034918],[-123.96150887202782,46.201302106062542],[-123.96118471405923,46.201215025825924],[-123.96094743665334,46.201133630733239],[-123.95960917864535,46.20016454279795],[-123.95903067528046,46.199747166157408],[-123.95858697131051,46.199493474615323],[-123.95836524194553,46.199329587379836],[-123.95833928422711,46.19922087569585],[-123.95705505179859,46.199068944349676],[-123.95704338178476,46.202663032285159],[-123.95670676777644,46.202662538629454],[-123.95493274151569,46.203380668733516],[-123.950517484165,46.20562311808122],[-123.9504708642967,46.20564682097816],[-123.95055308978959,46.20577227780548],[-123.95064786744196,46.205871028764378],[-123.95100361556582,46.206150759081964],[-123.95117740723397,46.206260462951882],[-123.95118534205285,46.206276958301764],[-123.95148563268268,46.2064908179848],[-123.95166743642483,46.20658407130616],[-123.9517859592451,46.206578586771897],[-123.95206243194346,46.206359109210787],[-123.95214937359158,46.206304200206105],[-123.95228377682946,46.206287688078724],[-123.95238646684285,46.206304202692863],[-123.95245752627676,46.206342584666118],[-123.95247334830387,46.206402929692977],[-123.95189671253647,46.207001026728747],[-123.95211801789662,46.207099710202066],[-123.95226809763449,46.206962561909876],[-123.95229188771815,46.206951561832113],[-123.95243403982366,46.206940564860574],[-123.95248153465106,46.206973469976234],[-123.95263952764827,46.207039288851959],[-123.95271860005455,46.207061224315105],[-123.95278178395836,46.207094086462362],[-123.95287666401865,46.20711606106962],[-123.95297140663673,46.207159913275419],[-123.95320855648184,46.207214725685859],[-123.95361940906186,46.207269524364676],[-123.95547646211276,46.207263717868273],[-123.95630608771867,46.207269098513486],[-123.95683562122245,46.207252514561212],[-123.95723061224953,46.207252441824593],[-123.95788658722282,46.207290682013834],[-123.95839233782947,46.20734548061688],[-123.95907979246525,46.207449597563304],[-123.95946705348929,46.207548226144851],[-123.96018626985858,46.207778519205192],[-123.96028114812226,46.207822362178703],[-123.96078692747498,46.207937447020093],[-123.96107140506085,46.207970331645065],[-123.96140327506617,46.207970237150846],[-123.9616719054721,46.208008570091224],[-123.96186164942304,46.208057909701679],[-123.96209879297996,46.208156622981527],[-123.96250969047574,46.208353954515431],[-123.96268364923051,46.208441677430557],[-123.96299980500656,46.208573293556334],[-123.96320532517052,46.208671998449972],[-123.96360055245449,46.208825536349259],[-123.96366374534146,46.208858391846057],[-123.96375851131573,46.208880361395892],[-123.96382182547528,46.208913220589871],[-123.96388502375214,46.208924207841548],[-123.96497576356001,46.209313428291722],[-123.96537100252209,46.209466960668045],[-123.96544995275747,46.209488880863688],[-123.96579774629949,46.209642364260603],[-123.96611386254966,46.209741028069047],[-123.96638262680455,46.209801305332356],[-123.96645370061154,46.209817712587729],[-123.9692359672011,46.210842817838106],[-123.96941784011351,46.210974476698098],[-123.96973410907729,46.211221182122031],[-123.96997136941518,46.21143507725953],[-123.97005038163431,46.211489936377745],[-123.97016103161941,46.211544800414245],[-123.97025592874773,46.211566676266436],[-123.97049304715181,46.211588600597146],[-123.97066689182054,46.211632393285498],[-123.97095942639618,46.211774897067563],[-123.97107797975916,46.211873608018792],[-123.97114130290186,46.211950470453601],[-123.97123613175819,46.212114996991126],[-123.97134684282875,46.212202706440053],[-123.97140216557553,46.212208172385665],[-123.9714654985997,46.212219157735007],[-123.97152069737895,46.212202667899319],[-123.97167092444055,46.212164216047391],[-123.97250853606933,46.212169414698067],[-123.9727455646419,46.212141923944245],[-123.97306961571095,46.212130796227221],[-123.97338581460613,46.212174631997001],[-123.97450822092607,46.212514351499543],[-123.97529080625216,46.212793871446742],[-123.97559906763348,46.212886994095307],[-123.97583613483359,46.212985683156077],[-123.97616025237798,46.213095324889579],[-123.97631842503824,46.213117188935051],[-123.97639734652756,46.213100675126043],[-123.97642110696682,46.213073291134492],[-123.97643685802701,46.213040395267491],[-123.97639730969664,46.212974495313254],[-123.97620757383052,46.212853894847889],[-123.97589920285475,46.212689488631526],[-123.97570152138992,46.212596227026715],[-123.97522724595423,46.212404436957236],[-123.97511658698595,46.212371544419348],[-123.97476874942646,46.212239964746445],[-123.97464227831256,46.212207113758922],[-123.97452378872997,46.212163301015174],[-123.97446835998198,46.212130385332756],[-123.97440515721352,46.212119403695439],[-123.97415222037563,46.212009783013791],[-123.97383608615914,46.21191113944316],[-123.9735120081406,46.211839919478145],[-123.97238967727915,46.21166480201569],[-123.97166251441284,46.211489457720525],[-123.97136219863023,46.211390765349527],[-123.97109335891683,46.211275688986753],[-123.97091950975653,46.211187979300682],[-123.97076132272318,46.211105710664377],[-123.97071394018521,46.211050854892186],[-123.97072969394034,46.211017960300389],[-123.97086409897484,46.211023385335807],[-123.97101425866279,46.211061708064179],[-123.97120398554576,46.211138488957573],[-123.97136208095091,46.211215265392163],[-123.97142527832948,46.211226158316371],[-123.97186793935541,46.211390598130002],[-123.97207348646882,46.211445369020751],[-123.97218406728365,46.211489253203354],[-123.97254759481788,46.211533044106041],[-123.97276886514372,46.211516490657836],[-123.97300591527585,46.211483509316281],[-123.97318764805107,46.211445061933915],[-123.97332987112352,46.211401100011813],[-123.97340892197019,46.211362714735159],[-123.97353529157448,46.211258403174533],[-123.97480720271051,46.210670916058938],[-123.97502053372588,46.210637953480528],[-123.9753997350652,46.210528150808663],[-123.97568416414202,46.210396304385235],[-123.97607120507881,46.210187699774295],[-123.97660830329562,46.209836423678553],[-123.977050560978,46.209474163791661],[-123.97774539886709,46.208793657465819],[-123.97802971295957,46.208546691228364],[-123.97820342198268,46.208371051632973],[-123.97892993267207,46.207789265474119],[-123.97934850178041,46.207503790493512],[-123.97963291378926,46.207328189837654],[-123.97999619967668,46.207163430129064],[-123.98022528804042,46.207135904542113],[-123.9805019601648,46.207152250425487],[-123.98076269527768,46.207234431731266],[-123.98083393437466,46.207267299991727],[-123.98107105457537,46.207420875388081],[-123.9814032362961,46.207678574327602],[-123.98156921621448,46.207826634945746],[-123.98167210475556,46.207991175079812],[-123.98187776864995,46.208248880047201],[-123.98206775065447,46.208528590174431],[-123.98222586492426,46.208693188507191],[-123.98239986230658,46.208846676614229],[-123.98247100169057,46.208896011120196],[-123.98255803047529,46.208956374478461],[-123.98270025444604,46.20902211327062],[-123.98278727873918,46.209038552463412],[-123.98292161460338,46.209032986736688],[-123.98306368496219,46.2089671422751],[-123.98385356999826,46.208516902847222],[-123.98393257592916,46.208483911001153],[-123.98414589346982,46.20845093219021],[-123.9844383543836,46.208494674538706],[-123.98491263341258,46.208664557123612],[-123.98510223183645,46.208697389715148],[-123.98543417011371,46.208708206052343],[-123.98562383052132,46.208686227730347],[-123.98579766710523,46.208642244328423],[-123.98590032567758,46.208598337977762],[-123.98603461932098,46.208510507142883],[-123.98622407850598,46.208340297083929],[-123.98627134875454,46.208257988747086],[-123.98631878519141,46.208214108821103],[-123.98635027653205,46.20814822918603],[-123.98657130700769,46.207851922782154],[-123.98658698081277,46.207807957984038],[-123.98665016741155,46.207731179894935],[-123.98679228538106,46.207610430525527],[-123.98687135329575,46.207566454965665],[-123.98705302857881,46.207533477468957],[-123.98725849753879,46.20751145080775],[-123.98740063527126,46.207478447789207],[-123.98770085942573,46.207434451608258],[-123.98787468882313,46.207390466582297],[-123.98796159992851,46.207357497061771],[-123.98807999608636,46.207258731368022],[-123.98815096838366,46.207110602699103],[-123.98821390704744,46.206847166048391],[-123.98825332691871,46.206753945501347],[-123.98831649016131,46.206611283838868],[-123.98842693622885,46.206452105376165],[-123.98850589544737,46.206380772023387],[-123.98864804485792,46.206298358792949],[-123.98877435966499,46.206243446619062],[-123.98895606728739,46.206226933851724],[-123.98901146100107,46.206243374502769],[-123.9890351908976,46.206287267193488],[-123.98902733423215,46.206347544516824],[-123.988980042424,46.206457304567508],[-123.98868015603607,46.206786607649541],[-123.98861704938737,46.206918288044427],[-123.98861715089701,46.207060937097609],[-123.9886567594145,46.207209094497763],[-123.98872806858009,46.207390103521682],[-123.98883889822824,46.207620445114017],[-123.98890218004846,46.207686225292314],[-123.98893395256172,46.207752013473595],[-123.98907626995724,46.207916564399582],[-123.98928191408872,46.208091994701689],[-123.99013599183668,46.208684087339449],[-123.99051552645095,46.208991120989921],[-123.99075282900966,46.209232424408874],[-123.99082413278533,46.209347544217088],[-123.99093488068681,46.209479248312313],[-123.99104570045354,46.209643703924272],[-123.99110898407037,46.209709578035778],[-123.99112481597892,46.209753450550593],[-123.99118810229069,46.209819229417782],[-123.99131467850751,46.209994717051416],[-123.99136214099553,46.210038581878692],[-123.99140967265384,46.210115388446596],[-123.99178944981325,46.21052114985752],[-123.99181311682771,46.210532105083743],[-123.99183685031753,46.210575996212498],[-123.99209006383654,46.210850192975521],[-123.99291281733055,46.211793361948082],[-123.99321349782917,46.212089456872398],[-123.99338751677108,46.212314296661269],[-123.99381482738541,46.2127803823345],[-123.99386227100885,46.212851701781958],[-123.9943370423146,46.21331773192226],[-123.99468501012979,46.213575344764791],[-123.99527021133342,46.21393169162338],[-123.99563403441338,46.214183854485526],[-123.99596627452459,46.214452486707025],[-123.99612440226912,46.214600508552707],[-123.99620358516813,46.214677310605879],[-123.99623530288419,46.21473211302829],[-123.99629857302629,46.214803385186315],[-123.99636182879533,46.214852782717323],[-123.99644095150725,46.21494047101087],[-123.99647267191823,46.214995273792269],[-123.99652014338943,46.215039142084869],[-123.99664677979332,46.215209216390335],[-123.99680496592835,46.215395579521051],[-123.9968524823153,46.215477875918701],[-123.99691584767882,46.215554634476938],[-123.99720100888263,46.216086661674169],[-123.99725645739352,46.216212804500664],[-123.99731184392067,46.216349932803624],[-123.99734374040148,46.216536408919332],[-123.99728886232077,46.216920471082084],[-123.99732055847724,46.217074097184089],[-123.99754229502874,46.21737564522968],[-123.99760558673037,46.217490829394514],[-123.99773220067642,46.217666308676506],[-123.99791436733793,46.217973421399044],[-123.99798559475683,46.218061180539635],[-123.99801738254146,46.218126960644952],[-123.9982230733853,46.218401196160336],[-123.99830220957196,46.218488973263895],[-123.99850810882496,46.218796056523267],[-123.99879306611119,46.219157981443786],[-123.99885637038926,46.219223755262767],[-123.9989513106367,46.219289525895228],[-123.99904621225657,46.219338827402247],[-123.99918065142704,46.219366180300078],[-123.99966268201861,46.219327490440051],[-123.99993134386557,46.219327386020645],[-124.00015275702354,46.219360192348617],[-124.00028717283782,46.219414991962346],[-124.00069060533363,46.21968902090903],[-124.00102280591896,46.21997410935672],[-124.00129252148975,46.220220988782231],[-124.00141943726972,46.220265923802323],[-124.00156954575368,46.220320859249298],[-124.00170386724486,46.22037026176158],[-124.00177487906805,46.22040320979724],[-124.0019249686874,46.220485593784304],[-124.00213033164623,46.220633820010519],[-124.00227249992139,46.22074363417579],[-124.00240681871762,46.220842449582584],[-124.00252510258602,46.221029060229334],[-124.00259607757832,46.221259473277499],[-124.00260361174861,46.221544799692474],[-124.00259551433463,46.221747730224642],[-124.00257159040197,46.222000121339434],[-124.00253179772986,46.222235918814036],[-124.00245255105041,46.222455314287053],[-124.00244448238253,46.22258156678474],[-124.00248364713228,46.222866797453833],[-124.00252311551263,46.222954650078343],[-124.00268099532209,46.223157657437518],[-124.0027599159131,46.223261996737925],[-124.0027914854071,46.223371699991795],[-124.00277551785295,46.223470388855176],[-124.00260154472512,46.223558139209942],[-124.00239600928982,46.223607371627004],[-124.00220626893213,46.223612819035644],[-124.00204819688315,46.22361267547015],[-124.00189800395755,46.223618130957703],[-124.00180318228772,46.223623552883936],[-124.0017082483285,46.223650937829412],[-124.0016450778994,46.223678314060294],[-124.00151066298343,46.223716660896983],[-124.00141575866861,46.22376051352132],[-124.00136821892548,46.223798911884593],[-124.00129283769672,46.223906681846316],[-124.00128847817263,46.223912919141753],[-124.00119368794385,46.223984313004358],[-124.00084612706549,46.224160070470312],[-124.00065650708206,46.224215015693673],[-124.00041144667253,46.224259015212581],[-124.0002059795092,46.224248214367812],[-124.00006364145243,46.224193390368043],[-124.00000041892106,46.224182518039122],[-123.99964445969309,46.224018050650706],[-123.99947843845216,46.223930402334197],[-123.9992095771792,46.223820882915795],[-123.9986403228685,46.223700491475917],[-123.99850581812099,46.22368412068581],[-123.99801579970992,46.223656904803526],[-123.99789725173683,46.223662529954801],[-123.99756527842528,46.223712051273139],[-123.9974071937999,46.223761493617133],[-123.99720189731643,46.223860398680749],[-123.99711501495709,46.223931718654121],[-123.99696501157599,46.224090886855187],[-123.99685451789773,46.224233601932028],[-123.99680716769912,46.224332385576545],[-123.99675979234767,46.224387252320078],[-123.99636547415876,46.225204933881905],[-123.99631039216047,46.225363992119114],[-123.99617632579084,46.22566585944184],[-123.99613694993698,46.225797513838394],[-123.99613703707358,46.225852320077969],[-123.99618454627399,46.225962069737555],[-123.99622410268923,46.225983955383292],[-123.99627151038003,46.225994972157672],[-123.99643747772204,46.225950949171292],[-123.99652433852179,46.22588512188571],[-123.9965875152391,46.225786291317554],[-123.99669783554252,46.225533864783365],[-123.99682420874007,46.22538021201126],[-123.99696630065843,46.225292296148737],[-123.99706902750275,46.225264849252866],[-123.99719548693854,46.225259337996064],[-123.99739319265787,46.225292081739369],[-123.99744060663686,46.225324966538167],[-123.99751981019715,46.225423725845786],[-123.99755159259192,46.225610202841175],[-123.9975283998879,46.226032686586024],[-123.99743415044492,46.226498992657582],[-123.99737104918611,46.226630674886195],[-123.99722895726772,46.226811832440369],[-123.99710252837463,46.226905184250789],[-123.99699199427219,46.226960058987693],[-123.99678647231161,46.227004065006923],[-123.99667585017426,46.227004129638495],[-123.99613818242557,46.226960580390688],[-123.99563226742723,46.226894973690627],[-123.99534760209347,46.226829325274444],[-123.99511031750106,46.226752645244567],[-123.99490474433648,46.226664974571314],[-123.99439849965644,46.226379940131594],[-123.99414543525776,46.226204479997399],[-123.99393967524361,46.226034552233337],[-123.99373400865427,46.225848150012929],[-123.99371020150262,46.22581523507543],[-123.99365491558675,46.22577683936543],[-123.99309308405525,46.225277901507731],[-123.99280041024072,46.225091535249682],[-123.99245244422217,46.224960097921048],[-123.99176463115859,46.224801280270086],[-123.9916223694586,46.224779476810006],[-123.99102150073811,46.224724843514601],[-123.99023098688134,46.22468138940998],[-123.99007296873128,46.224648564509536],[-123.9899384828484,46.224604728131673],[-123.98966954971024,46.224418327271053],[-123.98954297169679,46.224352550974075],[-123.98921090855372,46.22423204137435],[-123.98889467282761,46.224133439024271],[-123.98857830415086,46.223990916349308],[-123.98851508521274,46.223979942055678],[-123.98840433551462,46.22393617288656],[-123.98830946892902,46.223925200446445],[-123.98819096138014,46.223969159800745],[-123.98813566378617,46.224024087191914],[-123.98810424610741,46.22412281776532],[-123.98808854265796,46.224331307295905],[-123.98808894150993,46.224649460067681],[-123.98812888689567,46.22510478517593],[-123.98821614924238,46.225450352937088],[-123.98835877655667,46.225774024101561],[-123.98836662693394,46.22580689431787],[-123.98858848385964,46.226223749796297],[-123.98863589424541,46.226278597248459],[-123.98874676162282,46.226508941655595],[-123.98892098268566,46.22675025386647],[-123.98907926583871,46.226920244668193],[-123.98925327310252,46.22708470149751],[-123.98938778593485,46.227194413891752],[-123.98953013117813,46.227293080968224],[-123.99016291524404,46.227649402194814],[-123.99046342775773,46.227802857830866],[-123.99116738085202,46.228235863756474],[-123.99179233071034,46.22858116509579],[-123.99218779604789,46.228849805805687],[-123.99228281085549,46.228926558721099],[-123.99244104460121,46.229085565781638],[-123.9924489659454,46.229107549611406],[-123.99249647424749,46.229145923105847],[-123.99270223156668,46.2293871367241],[-123.99281306480813,46.229535216495904],[-123.99300302974464,46.22974911549192],[-123.99301091964779,46.229776499867377],[-123.99316124821901,46.229957441348247],[-123.99321672996757,46.230056229606951],[-123.99347012494628,46.230407189939768],[-123.99347801484943,46.230434568394124],[-123.99352546116779,46.230483927627667],[-123.9935572300878,46.230555294923363],[-123.9936126184116,46.2305990942357],[-123.99365216584367,46.230670387433186],[-123.99382637971998,46.230895224469499],[-123.99422211634874,46.231306500829753],[-123.9946652561767,46.231728706463649],[-123.99479979236521,46.231838323822139],[-123.99482356627922,46.231876729584549],[-123.99510047555881,46.232085100184342],[-123.99551976870926,46.232342624358139],[-123.99598639319368,46.232556358928953],[-123.99608926287013,46.232622150251558],[-123.99612877436959,46.232676975154234],[-123.99617632219758,46.232709861742926],[-123.9962554682657,46.232797645175538],[-123.99654050190871,46.233203398684928],[-123.99658792127762,46.233236283093973],[-123.99660388793346,46.233280155454551],[-123.99666721107616,46.233346025446814],[-123.99668304567969,46.23338989709827],[-123.99674630414364,46.233466652985662],[-123.99676214773034,46.233510528269008],[-123.99688885599947,46.233675020034632],[-123.99690470138276,46.233718897015521],[-123.99695225549897,46.233773741949513],[-123.99696809908565,46.233817612637658],[-123.99730063294594,46.234289280283143],[-123.99760159282063,46.234749884121229],[-123.9977282337161,46.234881532885673],[-123.99779156853691,46.234969271213053],[-123.9980765779254,46.2352653107599],[-123.9984168983826,46.235550430166313],[-123.99902611514706,46.235928593760136],[-123.99920798805945,46.236016280083682],[-123.99956398232172,46.236213596634123],[-123.99978549249774,46.236312189090654],[-123.99983290288348,46.236323114317472],[-123.99997534963641,46.236388916036852],[-124.00018095693694,46.236454617639964],[-124.00024432948699,46.236487449771488],[-124.00053691436828,46.23658604857085],[-124.00065554408809,46.236640895610279],[-124.00095610870405,46.236728440371216],[-124.00109847910016,46.236783263035761],[-124.00129394352284,46.236826488846411],[-124.00129615876833,46.23682697908832],[-124.00192337507612,46.237126225303925],[-124.00223394692432,46.237226179965177],[-124.00267085334256,46.237248317733567],[-124.00306968197252,46.237224072996419],[-124.00340969969744,46.237213255441134],[-124.00370222079836,46.237229856442099],[-124.00401842059185,46.237257407953869],[-124.00434251388175,46.237312432025625],[-124.00477732992026,46.237400404439406],[-124.00503027753798,46.237444444960559],[-124.0051961819979,46.237466474527942],[-124.00541767869922,46.237450125240784],[-124.00568645193727,46.237444786075628],[-124.00612917854022,46.237362679181544],[-124.00665907226845,46.237231286148599],[-124.00711765413612,46.237143726656342],[-124.00756057387686,46.237050630855009],[-124.00795591614521,46.236952098752944],[-124.00833543638643,46.23687539931209],[-124.00915798326791,46.236612444697919],[-124.00978276334465,46.236415220920186],[-124.01054982129105,46.236168675910115],[-124.01128522170849,46.235922133520425],[-124.01236074585206,46.23551660205419],[-124.01315164239114,46.235220686271667],[-124.0141717880924,46.234760282737867],[-124.01522365420469,46.234305344058463],[-124.01608570090752,46.233888805340655],[-124.01709008297216,46.233406371872071],[-124.01803110775818,46.232984345055087],[-124.01907510462854,46.232457980941398],[-124.02008738827443,46.231865917810545],[-124.02089415534962,46.23131204938533],[-124.02174832562407,46.230665043258497],[-124.02238099111239,46.230193448242161],[-124.02290308746393,46.22976019178892],[-124.02326693479841,46.229409260254819],[-124.0235516917603,46.229080182302305],[-124.0315979332012,46.230892778587531],[-124.04039561358063,46.232869595434131],[-124.04112280698965,46.233034330841093],[-124.04166043790741,46.233160558387546],[-124.04207151955782,46.233199022877841],[-124.04251411410841,46.233237463107095],[-124.04306748800154,46.233270481093754],[-124.04339960684018,46.233275996517349],[-124.04373157476184,46.233287006235685],[-124.04400829090365,46.233270618420107],[-124.04431656396306,46.233243228331354],[-124.04488576257823,46.23319392564003],[-124.04539968426072,46.233150160089181],[-124.04694913709032,46.233035080857455],[-124.04726535125684,46.233002211241171],[-124.04747880893467,46.233007719235033],[-124.04796102907075,46.233002306935113],[-124.04887808590664,46.233002354782059],[-124.0497397687918,46.233002445504894],[-124.0502931184304,46.233013470191466],[-124.05083861320016,46.233040944903806],[-124.05143151745735,46.233051955912089],[-124.05199283515252,46.233079461674549],[-124.05282287847506,46.233106913362434],[-124.06797760104861,46.233638985481683],[-124.07706895057586,46.233945130228591],[-124.07882406460493,46.234021715703363],[-124.07929042049309,46.234027119824844],[-124.07950389523893,46.234027084406314],[-124.07981218267138,46.234027050230523],[-124.08354352834176,46.233922054088382],[-124.09371105059624,46.233521796435788],[-124.09369391343557,46.233370906331487],[-124.09151199454368,46.23346476770665],[-124.08960685018405,46.233553068165229],[-124.08769374495438,46.23361936099122],[-124.08448417583533,46.23372988924632],[-124.08267390704445,46.233796022164029],[-124.08098217005698,46.233862263743404],[-124.08042084697192,46.233862355707593],[-124.07976465730127,46.233878911118858],[-124.07934570281569,46.233889977261775],[-124.07884760944853,46.233873532459349],[-124.07617559758539,46.233758784076194],[-124.07324264938671,46.23364400065573],[-124.07125044929289,46.233572876608697],[-124.06885513021534,46.233512697518684],[-124.06797751121705,46.233507313852179],[-124.05549485440559,46.233041212100972],[-124.05422213298917,46.232991766929999],[-124.0531232427667,46.232964280386675],[-124.05164496705032,46.232914809047976],[-124.05044340837405,46.232876367971315],[-124.04931284624965,46.232854270072394],[-124.04780293725884,46.232859667473512],[-124.04720223113343,46.232854109132155],[-124.04675949105574,46.232903432013266],[-124.04593726936439,46.232980084808986],[-124.04491744885325,46.233045850146688],[-124.04417428250015,46.233106110529093],[-124.04340756142203,46.233127873398608],[-124.04278300861905,46.233116837550028],[-124.04225331880842,46.233067399903845],[-124.04181855577046,46.23301790628809],[-124.04147076672001,46.232952045844279],[-124.04103595876629,46.232858722959449],[-124.04056963342083,46.232765409236791],[-124.03967633612591,46.232567708694269],[-124.03909142777304,46.2324304698963],[-124.0377001871296,46.23211200305267],[-124.03632475503851,46.231799049311689],[-124.03456211402568,46.231398231822666],[-124.0332025919966,46.231101657508511],[-124.03177185602337,46.230783112734464],[-124.03038077797497,46.230475536623253],[-124.0292741281051,46.230217403396296],[-124.02822290967816,46.229975767751647],[-124.02709267094724,46.229717643359947],[-124.024642556434,46.229140872099087],[-124.02385212612056,46.228959586758492],[-124.02295115002657,46.22873977978697],[-124.02209753491097,46.228542036778705],[-124.02077769506126,46.22824532087818],[-124.01975818177395,46.227981723973606],[-124.01903099734808,46.227789398506296],[-124.01819332822711,46.227547745958255],[-124.01730818224506,46.22728410220202],[-124.01651799717169,46.227014924969396],[-124.01583839920137,46.22677877514495],[-124.01514291362692,46.226531698373691],[-124.01443182701097,46.22626800996369],[-124.01360996464574,46.225987932161281],[-124.01280393418907,46.225680352173761],[-124.01204533657604,46.225405734140651],[-124.01119990960427,46.225098218010729],[-124.01081266025831,46.224982846580538],[-124.01078114915478,46.224884033032403],[-124.01074957876243,46.224746881916829],[-124.01074187121731,46.224609785770703],[-124.01083685368555,46.224401313456355],[-124.01090036457613,46.224159998377537],[-124.01093213169953,46.223913114290248],[-124.0109244421207,46.223748479534365],[-124.01079807431307,46.223539989654832],[-124.01067171009868,46.223402776139125],[-124.01046642170006,46.2232107292199],[-124.01034804800011,46.223035102337583],[-124.01027703707524,46.222854018087517],[-124.01018241932299,46.222672966801497],[-124.01008776833307,46.222426031278346],[-124.01000893757363,46.222179133178201],[-124.00992216301215,46.221937707646184],[-124.00970912394924,46.221641327714714],[-124.00933807751606,46.221163911674076],[-124.00899858889883,46.220752280251276],[-124.00872216650613,46.220428555239373],[-124.00833522707896,46.220115617547961],[-124.00816144529232,46.219951011804113],[-124.00797204449781,46.21974793043394],[-124.00757731128722,46.219242997677789],[-124.00721418350329,46.218721675577299],[-124.00675658529083,46.217947918190596],[-124.00639352488056,46.217393651376163],[-124.00599100686973,46.216822904193151],[-124.00565959590354,46.216389405462763],[-124.00534384167442,46.215961347748504],[-124.0050359737552,46.215588127425583],[-124.00478344205749,46.215291725029381],[-124.00450718495478,46.214924067772202],[-124.00434937790884,46.214638711303216],[-124.00417581710772,46.21434233672742],[-124.00405755749384,46.21412836153678],[-124.0038522924514,46.213941707545764],[-124.00357590419466,46.213672777561939],[-124.00336270792663,46.21344226989433],[-124.00326021015272,46.213288637983254],[-124.00313394295637,46.213118474433536],[-124.00288926073759,46.212860522531365],[-124.0026523525393,46.212629946806089],[-124.00241558357985,46.212372012501262],[-124.00218671979491,46.21209213608028],[-124.00200519992042,46.211856130311496],[-124.00188674088052,46.211729906611772],[-124.00180785622216,46.2115982060484],[-124.00167368744458,46.211428023585128],[-124.00150004849004,46.211268803755075],[-124.00138168916315,46.211126107817314],[-124.00129173905712,46.211045457211554],[-124.00128863807275,46.211042684706925],[-124.00088515437301,46.210598557500937],[-124.00077436245405,46.210423034497921],[-124.00072689906771,46.210379167491098],[-124.00060804746406,46.210159800227586],[-124.00049720883273,46.210017217035357],[-124.00033886639086,46.209764986553189],[-124.00027563218138,46.209688224875897],[-124.00025980206945,46.209644353552306],[-124.00019643401096,46.209567506539798],[-123.99984804129267,46.209008143931541],[-123.99983221028242,46.208964272064755],[-123.99976897786956,46.208887516106742],[-123.99975301570528,46.208843642900263],[-123.99970554782733,46.208799780848729],[-123.9996738822136,46.208733997652338],[-123.99962642152218,46.208690129296542],[-123.99959475680672,46.208624345968829],[-123.99953139862973,46.208547498150921],[-123.99949979499972,46.208470738502164],[-123.99945232802014,46.208426871179476],[-123.99940474246289,46.208333687505068],[-123.99929399725633,46.208174630907507],[-123.99923070645301,46.208108767388524],[-123.9992147380005,46.208064893560021],[-123.99915150648597,46.207988137588586],[-123.99907223555205,46.207834571859955],[-123.99880308412325,46.207390336651329],[-123.99873191239993,46.207297183545869],[-123.99872389493599,46.207269712112179],[-123.99867642885469,46.207225844452019],[-123.9986447740207,46.207160059992347],[-123.99843907419373,46.206918767984881],[-123.99840734929111,46.206863965847759],[-123.99824912902017,46.206688495565857],[-123.99822544583598,46.206633623569971],[-123.99820164946411,46.206622667566187],[-123.99814619646163,46.206523974532203],[-123.9980909527666,46.206480083895663],[-123.997964300193,46.206315590835629],[-123.99772680898809,46.205986552258835],[-123.99769515684905,46.2059207681801],[-123.9976319361143,46.205865881118335],[-123.99747347958638,46.20559167625904],[-123.9973310579863,46.205372329664179],[-123.99726770250426,46.20529557055206],[-123.99661045551652,46.203962813065104],[-123.99629374458164,46.203359509578391],[-123.99596098793914,46.202635564751304],[-123.99573930708321,46.202218722302405],[-123.99562857175812,46.202037701212269],[-123.99561274613779,46.201993829995764],[-123.99553357491685,46.201895162219742],[-123.99551774839819,46.201851290267669],[-123.9954702895034,46.201807420767516],[-123.99501132944495,46.201171240375665],[-123.99497957849123,46.20109996731469],[-123.9947896872166,46.20082027904963],[-123.99474217442291,46.200716021457012],[-123.99463140316522,46.200567946647702],[-123.99445721174679,46.200238889189038],[-123.99440190786464,46.200184108989149],[-123.99432272586391,46.200041516690284],[-123.99425938116165,46.19996475510392],[-123.99405362204583,46.199602764625347],[-123.99394277982123,46.199443705753069],[-123.99374488904898,46.199043299924575],[-123.99368948096226,46.198961071545625],[-123.99357864412755,46.198708773507867],[-123.9935310567737,46.198642948381817],[-123.99338864864833,46.198357711890189],[-123.99332523297917,46.198269972871948],[-123.99321448777262,46.198072571538006],[-123.99304037091436,46.197825773482876],[-123.99296130659295,46.197732500941868],[-123.99291380907063,46.197650292363939],[-123.99283468995198,46.197568002208499],[-123.99281886612823,46.19752412928834],[-123.99275559329121,46.197458345024984],[-123.99273976946748,46.197414472017272],[-123.99267649663042,46.197348693840574],[-123.99266067370502,46.197304820745309],[-123.99258150787396,46.197206055632115],[-123.99256568674519,46.197162183044775],[-123.99250241300983,46.197096403944258],[-123.9924707716506,46.197030617925265],[-123.99223341519296,46.196690584406703],[-123.99215427900631,46.1965424993708],[-123.99202760038158,46.196367015397371],[-123.99191678330982,46.196158545294928],[-123.99186933160156,46.196114679954746],[-123.99183762376698,46.196037915369665],[-123.99171114366992,46.195873410319727],[-123.99166361290992,46.195774642633779],[-123.99162404032504,46.195736281880578],[-123.99160814373778,46.195681430657835],[-123.99156072886045,46.195632074335172],[-123.9915290524669,46.195571778414916],[-123.99132346223435,46.195346940980926],[-123.99107024602036,46.194995972921497],[-123.99105442489159,46.194952099191482],[-123.99099115834274,46.194886224794125],[-123.99089617677281,46.194743680307155],[-123.99084873494603,46.194699808862964],[-123.99065884995957,46.194425603615102],[-123.99061140813279,46.194381736891614],[-123.99057982516405,46.194304968020347],[-123.98997862496519,46.193564611174978],[-123.98974137091551,46.193235554682815],[-123.98972542312426,46.193191679547297],[-123.98966222125415,46.193114917719356],[-123.98963058348814,46.193049130043136],[-123.98958313627148,46.193005259111722],[-123.98885513797195,46.191820581480378],[-123.98873020118056,46.191647312408755],[-123.98867401425447,46.191648666813947]]]},"properties":{"OBJECTID":63,"NAME":"Unincorp Clatsop Co","Shape__Area":18210716.826385893,"Shape__Length":51606.405222680034}},{"type":"Feature","id":65,"geometry":{"type":"Polygon","coordinates":[[[-123.92771506760782,46.015349226909521],[-123.92787862117666,46.014330014036432],[-123.92784708851357,46.013989783751917],[-123.92866666825964,46.009452766913498],[-123.92869027329039,46.009381377195204],[-123.92836185551069,46.009542074746129],[-123.92800684670033,46.009663539555923],[-123.92744080835833,46.009733248089915],[-123.92622818603104,46.009836310843518],[-123.92566509056989,46.009889461196543],[-123.92526739830879,46.009949322898891],[-123.9248127789098,46.010117303551382],[-123.92447524951818,46.01037297613928],[-123.9182430273345,46.010373761635961],[-123.91833589966015,46.010629545964704],[-123.91850134867424,46.01107172874044],[-123.91874780057412,46.011413054440922],[-123.91917212968002,46.011851014713919],[-123.91958725824084,46.01225356985546],[-123.91987831239288,46.012695123878792],[-123.92002295911992,46.013118427305329],[-123.92004257293584,46.013479233202339],[-123.91994975091586,46.013876231574393],[-123.91983322325382,46.014265411986372],[-123.91982631790422,46.014788605195911],[-123.91980532247941,46.015273792896821],[-123.91982434520386,46.015407418275032],[-123.91977616855517,46.015457933755563],[-123.91941769673937,46.015667276741652],[-123.91926531731437,46.015753469665412],[-123.91880154408263,46.015828671577829],[-123.91861220796683,46.01581715479832],[-123.91803494427703,46.015752963103672],[-123.91601724999546,46.014776221664356],[-123.9152761407844,46.014447864920392],[-123.91524019379999,46.014802049902435],[-123.9152546890154,46.014853488617099],[-123.91535341296682,46.014930474727606],[-123.91541224902466,46.015005598529889],[-123.91549467124861,46.015145891656374],[-123.91561772067959,46.015241104397582],[-123.91571423118215,46.015353550807482],[-123.91591913689847,46.015507029937382],[-123.91596018721201,46.015541509344004],[-123.91616787950231,46.015675699903106],[-123.91632305448449,46.015781230740359],[-123.91646997574584,46.015886999060434],[-123.91647013923922,46.015889738355092],[-123.91647730599855,46.016068983754458],[-123.91650119579521,46.016290821784906],[-123.91693336629525,46.016523592273629],[-123.91730288199918,46.016670097433327],[-123.91776518379048,46.016892934926048],[-123.91826443059446,46.017114422802052],[-123.91874384259697,46.017228101205816],[-123.91930233149732,46.017241522237654],[-123.91990706477017,46.017198446290962],[-123.92026784345963,46.017251354385976],[-123.92054297766822,46.017353943993641],[-123.92095467107137,46.01740207842397],[-123.92158343876966,46.017372290727408],[-123.92212873411341,46.017237635166822],[-123.92272476720272,46.016924246276957],[-123.92294249277647,46.016640231986962],[-123.92305279152032,46.016403793202805],[-123.92318826734662,46.016193237765386],[-123.92350267769606,46.015984889302921],[-123.92395653262874,46.015684954649032],[-123.92420294769769,46.015406690867749],[-123.92432550485191,46.015138337439353],[-123.92442571012523,46.014983410570586],[-123.92466419396854,46.014881810365026],[-123.92494393473793,46.014896999345311],[-123.92548155577421,46.014956821939769],[-123.92598506867746,46.014992938680059],[-123.92632420964669,46.015006944804597],[-123.92660906452498,46.01502856567236],[-123.92691231779855,46.015068035571801],[-123.9272047508646,46.015150350322067],[-123.92738744393887,46.015221864226611],[-123.92753585550528,46.015306174442749],[-123.92758464300834,46.015338230944259],[-123.92771506760782,46.015349226909521]]]},"properties":{"OBJECTID":65,"NAME":"Unincorp Clatsop Co","Shape__Area":1001530.1496149119,"Shape__Length":5485.8104358115379}}]}