{"type":"FeatureCollection","features":[{"type":"Feature","id":0,"geometry":{"type":"Point","coordinates":[-123.80368026149205,46.191699796504139]},"properties":{"FID":0,"Id":0,"Site_Type":"SCHOOL","Name":"Astor Elementary School","POINT_X":-123.80366546400001,"POINT_Y":46.1916944122}},{"type":"Feature","id":1,"geometry":{"type":"Point","coordinates":[-123.8308502617765,46.179139796631226]},"properties":{"FID":1,"Id":0,"Site_Type":"SCHOOL","Name":"Astoria Middle School","POINT_X":-123.830835463,"POINT_Y":46.179134415900002}},{"type":"Feature","id":2,"geometry":{"type":"Point","coordinates":[-123.84872726756504,46.176464507142398]},"properties":{"FID":2,"Id":0,"Site_Type":"SCHOOL","Name":"Astoria Senior High School","POINT_X":-123.848712467,"POINT_Y":46.176459128399998}},{"type":"Feature","id":3,"geometry":{"type":"Point","coordinates":[-123.84207026134821,46.147679795625621]},"properties":{"FID":3,"Id":0,"Site_Type":"SCHOOL","Name":"Lewis & Clark Elementary","POINT_X":-123.842055468,"POINT_Y":46.147674417700003}},{"type":"Feature","id":4,"geometry":{"type":"Point","coordinates":[-123.9188052496048,45.993930609156379]},"properties":{"FID":4,"Id":0,"Site_Type":"SCHOOL","Name":"Broadway Middle School","POINT_X":-123.91879047800001,"POINT_Y":45.993925247299998}},{"type":"Feature","id":5,"geometry":{"type":"Point","coordinates":[-123.9591802563702,45.901479796553062]},"properties":{"FID":5,"Id":0,"Site_Type":"SCHOOL","Name":"Cannon Beach Elementary","POINT_X":-123.95916549899999,"POINT_Y":45.901474443700003}},{"type":"Feature","id":6,"geometry":{"type":"Point","coordinates":[-123.91432790746651,46.024791431733753]},"properties":{"FID":6,"Id":0,"Site_Type":"SCHOOL","Name":"Gearhart Elementary School","POINT_X":-123.91431313,"POINT_Y":46.024786067800001}},{"type":"Feature","id":7,"geometry":{"type":"Point","coordinates":[-123.90785025803868,45.987279796428943]},"properties":{"FID":7,"Id":0,"Site_Type":"SCHOOL","Name":"Seaside Heights Elementary School","POINT_X":-123.90783548900001,"POINT_Y":45.987274433800003}},{"type":"Feature","id":8,"geometry":{"type":"Point","coordinates":[-123.91690070077559,46.006307105473759]},"properties":{"FID":8,"Id":0,"Site_Type":"SCHOOL","Name":"Seaside High School","POINT_X":-123.916885927,"POINT_Y":46.006301742799998}},{"type":"Feature","id":9,"geometry":{"type":"Point","coordinates":[-123.93154025998119,46.158249795833321]},"properties":{"FID":9,"Id":0,"Site_Type":"SCHOOL","Name":"Warrenton Grade School","POINT_X":-123.931525451,"POINT_Y":46.158244426800003}},{"type":"Feature","id":10,"geometry":{"type":"Point","coordinates":[-123.9281670387505,46.147256398538943]},"properties":{"FID":10,"Id":0,"Site_Type":"SCHOOL","Name":"Warrenton High School","POINT_X":-123.928152232,"POINT_Y":46.147251029700001}},{"type":"Feature","id":11,"geometry":{"type":"Point","coordinates":[-123.85701012232224,46.187182557680174]},"properties":{"FID":11,"Id":0,"Site_Type":"LAW ENFORCEMENT","Name":"Oregon State Police","POINT_X":-123.856995318,"POINT_Y":46.187177179300001}},{"type":"Feature","id":12,"geometry":{"type":"Point","coordinates":[-123.96077801418774,45.889810865893928]},"properties":{"FID":12,"Id":0,"Site_Type":"LAW ENFORCEMENT","Name":"Cannon Beach Police Department","POINT_X":-123.960763259,"POINT_Y":45.889805513900001}},{"type":"Feature","id":13,"geometry":{"type":"Point","coordinates":[-123.9189302584649,46.024419796141672]},"properties":{"FID":13,"Id":0,"Site_Type":"LAW ENFORCEMENT","Name":"Gearhart City Police Department","POINT_X":-123.91891548,"POINT_Y":46.024414432699999}},{"type":"Feature","id":14,"geometry":{"type":"Point","coordinates":[-123.81836026154234,46.187939796463645]},"properties":{"FID":14,"Id":0,"Site_Type":"HOSPITAL","Name":"Columbia Memorial Hospital","POINT_X":-123.818345463,"POINT_Y":46.187934413999997}},{"type":"Feature","id":15,"geometry":{"type":"Point","coordinates":[-123.91198025829698,45.989039796019149]},"properties":{"FID":15,"Id":0,"Site_Type":"HOSPITAL","Name":"Providence Seaside Hospital","POINT_X":-123.911965489,"POINT_Y":45.989034433699999}},{"type":"Feature","id":16,"geometry":{"type":"Point","coordinates":[-123.74873026134564,46.166109796897857]},"properties":{"FID":16,"Id":0,"Site_Type":"FIRE DEPARTMENT","Name":"John Day RFPD","POINT_X":-123.74871547799999,"POINT_Y":46.166104408199999}},{"type":"Feature","id":17,"geometry":{"type":"Point","coordinates":[-123.85324026060788,46.152339796016904]},"properties":{"FID":17,"Id":0,"Site_Type":"FIRE DEPARTMENT","Name":"Lewis & Clark RFPD","POINT_X":-123.853225464,"POINT_Y":46.152334418999999}},{"type":"Feature","id":18,"geometry":{"type":"Point","coordinates":[-123.81162637878823,46.190985124071965]},"properties":{"FID":18,"Id":0,"Site_Type":"LAW ENFORCEMENT","Name":"Astoria Police Department","POINT_X":-123.81161158,"POINT_Y":46.190979740700001}},{"type":"Feature","id":19,"geometry":{"type":"Point","coordinates":[-123.91943025929372,46.024399795807554]},"properties":{"FID":19,"Id":0,"Site_Type":"FIRE DEPARTMENT","Name":"Gearhart VFD","POINT_X":-123.919415481,"POINT_Y":46.024394432400001}},{"type":"Feature","id":20,"geometry":{"type":"Point","coordinates":[-123.91999025783755,45.99259979550029]},"properties":{"FID":20,"Id":0,"Site_Type":"FIRE DEPARTMENT","Name":"Seaside Fire & Rescue","POINT_X":-123.919975486,"POINT_Y":45.992594433800001}},{"type":"Feature","id":21,"geometry":{"type":"Point","coordinates":[-123.92311025867293,45.987049796404044]},"properties":{"FID":21,"Id":0,"Site_Type":"LAW ENFORCEMENT","Name":"Seaside Police Department","POINT_X":-123.923095488,"POINT_Y":45.9870444353}},{"type":"Feature","id":22,"geometry":{"type":"Point","coordinates":[-123.83633311708336,46.188650798315258]},"properties":{"FID":22,"Id":0,"Site_Type":"LAW ENFORCEMENT","Name":"Clatsop County Sheriff Department","POINT_X":-123.836318315,"POINT_Y":46.188645417700002}},{"type":"Feature","id":23,"geometry":{"type":"Point","coordinates":[-123.82387028580376,46.183224966315549]},"properties":{"FID":23,"Id":0,"Site_Type":"SCHOOL","Name":"Astoria Community College","POINT_X":-123.823855487,"POINT_Y":46.183219584600003}},{"type":"Feature","id":24,"geometry":{"type":"Point","coordinates":[-123.75130494794969,46.190640770776554]},"properties":{"FID":24,"Id":0,"Site_Type":"SCHOOL","Name":"Community College","POINT_X":-123.75129015900001,"POINT_Y":46.190635381}},{"type":"Feature","id":25,"geometry":{"type":"Point","coordinates":[-123.80314201727317,46.14289155548196]},"properties":{"FID":25,"Id":0,"Site_Type":"FIRE DEPARTMENT","Name":"OLNEY-WALLUSKI VOLUNTEER FIRE AND RESCUE DISTRICT","POINT_X":-123.803127231,"POINT_Y":46.142886173699999}},{"type":"Feature","id":26,"geometry":{"type":"Point","coordinates":[-123.96034792862812,45.888185938797001]},"properties":{"FID":26,"Id":0,"Site_Type":"FIRE DEPARTMENT","Name":"Cannon Beach Station","POINT_X":-123.960333174,"POINT_Y":45.888180586799997}},{"type":"Feature","id":27,"geometry":{"type":"Point","coordinates":[-123.92570096583117,46.163683073094688]},"properties":{"FID":27,"Id":0,"Site_Type":"FIRE DEPARTMENT","Name":"WARRENTON FIRE DEPARTMENT","POINT_X":-123.925686156,"POINT_Y":46.163677703200001}},{"type":"Feature","id":28,"geometry":{"type":"Point","coordinates":[-123.92576070528909,46.16357581288181]},"properties":{"FID":28,"Id":0,"Site_Type":"LAW ENFORCEMENT","Name":"WARRENTON POLICE DEPARTMENT","POINT_X":-123.925745896,"POINT_Y":46.163570442999998}},{"type":"Feature","id":29,"geometry":{"type":"Point","coordinates":[-123.85032352045374,46.188442865304303]},"properties":{"FID":29,"Id":0,"Site_Type":"FIRE DEPARTMENT","Name":"ASTORIA FIRE DEPARTMENT STATION 2","POINT_X":-123.850308717,"POINT_Y":46.188437486200002}},{"type":"Feature","id":30,"geometry":{"type":"Point","coordinates":[-123.96398518758141,45.80424159402061]},"properties":{"FID":30,"Id":0,"Site_Type":"FIRE DEPARTMENT","Name":"ARCH CAPE STATION","POINT_X":-123.96397045000001,"POINT_Y":45.804236246800002}},{"type":"Feature","id":31,"geometry":{"type":"Point","coordinates":[-123.90711845558012,46.142602811388002]},"properties":{"FID":31,"Id":0,"Site_Type":"SCHOOL","Name":"South Jetty High School","POINT_X":-123.90710365299999,"POINT_Y":46.142597440599999}},{"type":"Feature","id":32,"geometry":{"type":"Point","coordinates":[-123.82777806108938,46.185833096267039]},"properties":{"FID":32,"Id":0,"Site_Type":"SCHOOL","Name":"Star of the Sea School","POINT_X":-123.827763261,"POINT_Y":46.1858277149}},{"type":"Feature","id":33,"geometry":{"type":"Point","coordinates":[-123.91689011960091,45.994980232517172]},"properties":{"FID":33,"Id":0,"Site_Type":"SCHOOL","Name":"Seaside Head Start","POINT_X":-123.916875348,"POINT_Y":45.9949748704}},{"type":"Feature","id":34,"geometry":{"type":"Point","coordinates":[-123.81142444582215,46.19077700571173]},"properties":{"FID":34,"Id":0,"Site_Type":"FIRE DEPARTMENT","Name":"Astoria Fire Station","POINT_X":-123.811409647,"POINT_Y":46.190771622299998}},{"type":"Feature","id":35,"geometry":{"type":"Point","coordinates":[-123.91746036520419,46.075847140260485]},"properties":{"FID":35,"Id":0,"Site_Type":"FIRE DEPARTMENT","Name":"Fire Station","POINT_X":-123.91744557600001,"POINT_Y":46.075841773999997}},{"type":"Feature","id":36,"geometry":{"type":"Point","coordinates":[-123.8381045461945,46.168827336211457]},"properties":{"FID":36,"Id":0,"Site_Type":"BRIDGE","Name":"Youngs Bay, Hwy 105 (Old Youngs Bay)","POINT_X":-123.83808974900001,"POINT_Y":46.168821956800002}},{"type":"Feature","id":37,"geometry":{"type":"Point","coordinates":[-123.86019392867527,46.152460054130458]},"properties":{"FID":37,"Id":0,"Site_Type":"BRIDGE","Name":"Lewis & Clark River, Hwy 105","POINT_X":-123.860179131,"POINT_Y":46.152454677900003}},{"type":"Feature","id":38,"geometry":{"type":"Point","coordinates":[-123.89899434736557,46.061617452434533]},"properties":{"FID":38,"Id":0,"Site_Type":"BRIDGE","Name":"Cullaby Slough, Loundsberry Rd","POINT_X":-123.898979564,"POINT_Y":46.061612085}},{"type":"Feature","id":39,"geometry":{"type":"Point","coordinates":[-123.9191915931421,46.049708078486802]},"properties":{"FID":39,"Id":0,"Site_Type":"BRIDGE","Name":"Neacoxie Creek, Highlands Dr","POINT_X":-123.91917680900001,"POINT_Y":46.049702713800002}},{"type":"Feature","id":40,"geometry":{"type":"Point","coordinates":[-123.75250317097671,46.091151899024631]},"properties":{"FID":40,"Id":0,"Site_Type":"BRIDGE","Name":"Klaskanine River, Youngs River Loop Rd","POINT_X":-123.752488403,"POINT_Y":46.091146514599998}},{"type":"Feature","id":41,"geometry":{"type":"Point","coordinates":[-123.90920860458507,46.094275918264366]},"properties":{"FID":41,"Id":0,"Site_Type":"BRIDGE","Name":"Cullaby Creek, Cullaby Lake Rd","POINT_X":-123.909193813,"POINT_Y":46.094270550200001}},{"type":"Feature","id":42,"geometry":{"type":"Point","coordinates":[-123.91140234998296,46.010819487761893]},"properties":{"FID":42,"Id":0,"Site_Type":"BRIDGE","Name":"Neawanna Creek, Hwy 9","POINT_X":-123.911387576,"POINT_Y":46.010814124200003}},{"type":"Feature","id":43,"geometry":{"type":"Point","coordinates":[-123.92413405362936,46.149454798107513]},"properties":{"FID":43,"Id":0,"Site_Type":"BRIDGE","Name":"Skipanon River, Hwy 104 Spur","POINT_X":-123.92411924699999,"POINT_Y":46.149449428799997}},{"type":"Feature","id":44,"geometry":{"type":"Point","coordinates":[-123.92188085953786,46.109459103563843]},"properties":{"FID":44,"Id":0,"Site_Type":"BRIDGE","Name":"Hwy 9 over Glenwood Private Rd (Pooles)","POINT_X":-123.92186606200001,"POINT_Y":46.109453735999999}},{"type":"Feature","id":45,"geometry":{"type":"Point","coordinates":[-123.92654102277893,45.952906993667369]},"properties":{"FID":45,"Id":0,"Site_Type":"BRIDGE","Name":"Necanicum River, Hwy 9 (Skiberene)","POINT_X":-123.926526259,"POINT_Y":45.952901634699998}},{"type":"Feature","id":46,"geometry":{"type":"Point","coordinates":[-123.95792181082834,45.902137562421345]},"properties":{"FID":46,"Id":0,"Site_Type":"BRIDGE","Name":"Ecola Creek (Ecola Creek), Hwy 9 Frtg Rd","POINT_X":-123.957907053,"POINT_Y":45.902132209400001}},{"type":"Feature","id":47,"geometry":{"type":"Point","coordinates":[-123.96475878770458,45.803256316961175]},"properties":{"FID":47,"Id":0,"Site_Type":"BRIDGE","Name":"Arch Cape Creek & Webb Ave, Hwy 9","POINT_X":-123.96474404999999,"POINT_Y":45.803250969899999}},{"type":"Feature","id":48,"geometry":{"type":"Point","coordinates":[-123.75340599092989,46.167552517805227]},"properties":{"FID":48,"Id":0,"Site_Type":"BRIDGE","Name":"John Day River, Hwy 2W","POINT_X":-123.753391206,"POINT_Y":46.167547129500001}},{"type":"Feature","id":49,"geometry":{"type":"Point","coordinates":[-123.96106200194721,45.825229383936872]},"properties":{"FID":49,"Id":0,"Site_Type":"BRIDGE","Name":"Austins Point Half Viaduct, Hwy 9","POINT_X":-123.96104726,"POINT_Y":45.825224035300003}},{"type":"Feature","id":50,"geometry":{"type":"Point","coordinates":[-123.7983088305964,46.148602210559353]},"properties":{"FID":50,"Id":0,"Site_Type":"BRIDGE","Name":"Walluski River, Hwy 102","POINT_X":-123.798294043,"POINT_Y":46.148596828000002}},{"type":"Feature","id":51,"geometry":{"type":"Point","coordinates":[-123.83823755120278,46.17171937291058]},"properties":{"FID":51,"Id":0,"Site_Type":"BRIDGE","Name":"Hwy 105 over Port of Astoria Belt Line (Abandoned)","POINT_X":-123.838222753,"POINT_Y":46.171713993300003}},{"type":"Feature","id":52,"geometry":{"type":"Point","coordinates":[-123.92746025222834,45.974788046183157]},"properties":{"FID":52,"Id":0,"Site_Type":"BRIDGE","Name":"Shangri La Creek, Hwy 9 (Dooley)","POINT_X":-123.927445483,"POINT_Y":45.974782686200001}},{"type":"Feature","id":53,"geometry":{"type":"Point","coordinates":[-123.71597489611189,46.090001848160028]},"properties":{"FID":53,"Id":0,"Site_Type":"BRIDGE","Name":"North Fork Klaskanine River, Hwy 102 at MP 11.85","POINT_X":-123.715960134,"POINT_Y":46.0899964599}},{"type":"Feature","id":54,"geometry":{"type":"Point","coordinates":[-123.95387974308478,45.899376594299184]},"properties":{"FID":54,"Id":0,"Site_Type":"BRIDGE","Name":"Ecola Creek, Hwy 9","POINT_X":-123.953864987,"POINT_Y":45.899371240999997}},{"type":"Feature","id":55,"geometry":{"type":"Point","coordinates":[-123.95810165635694,45.887648532050946]},"properties":{"FID":55,"Id":0,"Site_Type":"BRIDGE","Name":"Hwy 9 over Sunset Blvd (Cannon Beach)","POINT_X":-123.95808690200001,"POINT_Y":45.887643179800001}},{"type":"Feature","id":56,"geometry":{"type":"Point","coordinates":[-123.95812948940089,45.872226500610807]},"properties":{"FID":56,"Id":0,"Site_Type":"BRIDGE","Name":"Hwy 9 over Warren St  (Cannon Beach)","POINT_X":-123.95811473800001,"POINT_Y":45.872221149200001}},{"type":"Feature","id":57,"geometry":{"type":"Point","coordinates":[-123.92558037776107,45.989407108741737]},"properties":{"FID":57,"Id":0,"Site_Type":"BRIDGE","Name":"Necanicum River, Avenue G","POINT_X":-123.92556560600001,"POINT_Y":45.989401747800002}},{"type":"Feature","id":58,"geometry":{"type":"Point","coordinates":[-123.85597992256221,46.204080784504548]},"properties":{"FID":58,"Id":0,"Site_Type":"BRIDGE","Name":"Columbia River & Hwy 2W & Hwy 9 (Astoria-Megler)","POINT_X":-123.855965114,"POINT_Y":46.204075405099999}},{"type":"Feature","id":59,"geometry":{"type":"Point","coordinates":[-123.85418286637415,46.187691559608147]},"properties":{"FID":59,"Id":0,"Site_Type":"BRIDGE","Name":"Toll House over Hwy 9 (Astoria-Megler Br)","POINT_X":-123.854168062,"POINT_Y":46.187686180900002}},{"type":"Feature","id":60,"geometry":{"type":"Point","coordinates":[-123.85755979623947,46.091709213646674]},"properties":{"FID":60,"Id":0,"Site_Type":"BRIDGE","Name":"Lewis & Clark Rd over Main Line Road","POINT_X":-123.857545012,"POINT_Y":46.091703840299999}},{"type":"Feature","id":61,"geometry":{"type":"Point","coordinates":[-123.92081093043214,46.132671515312417]},"properties":{"FID":61,"Id":0,"Site_Type":"BRIDGE","Name":"Skipanon River, Rodney Acres Rd","POINT_X":-123.92079612800001,"POINT_Y":46.1326661465}},{"type":"Feature","id":62,"geometry":{"type":"Point","coordinates":[-123.92423039884014,45.993138134503432]},"properties":{"FID":62,"Id":0,"Site_Type":"BRIDGE","Name":"Necanicum River, W Broadway","POINT_X":-123.924215627,"POINT_Y":45.993132773299997}},{"type":"Feature","id":63,"geometry":{"type":"Point","coordinates":[-123.89899434736557,46.061617452434533]},"properties":{"FID":63,"Id":0,"Site_Type":"BRIDGE","Name":"Cullaby Creek, Loundsberry Rd","POINT_X":-123.898979564,"POINT_Y":46.061612085}},{"type":"Feature","id":64,"geometry":{"type":"Point","coordinates":[-123.82180924758067,46.185330570258401]},"properties":{"FID":64,"Id":0,"Site_Type":"BRIDGE","Name":"Ravine, Irving Ave at MP 0,63","POINT_X":-123.821794449,"POINT_Y":46.185325188199997}},{"type":"Feature","id":65,"geometry":{"type":"Point","coordinates":[-123.80748997366211,46.188280622858258]},"properties":{"FID":65,"Id":0,"Site_Type":"BRIDGE","Name":"Ravine, Irving Ave at MP 1.40","POINT_X":-123.807475176,"POINT_Y":46.188275239200003}},{"type":"Feature","id":66,"geometry":{"type":"Point","coordinates":[-123.79985082473915,46.191391665609402]},"properties":{"FID":66,"Id":0,"Site_Type":"BRIDGE","Name":"Franklin Ave over 38th St","POINT_X":-123.799836028,"POINT_Y":46.191386281}},{"type":"Feature","id":67,"geometry":{"type":"Point","coordinates":[-123.80298988298932,46.194444695545009]},"properties":{"FID":67,"Id":0,"Site_Type":"BRIDGE","Name":"36TH ST. BRIDGE PORT OF ASTORIA AT MP 0.00","POINT_X":-123.802975085,"POINT_Y":46.194439311099998}},{"type":"Feature","id":68,"geometry":{"type":"Point","coordinates":[-123.86846311845692,46.176172373776808]},"properties":{"FID":68,"Id":0,"Site_Type":"BRIDGE","Name":"Youngs Bay, Hwy 9 (New Youngs Bay)","POINT_X":-123.86844831499999,"POINT_Y":46.176166997199999}},{"type":"Feature","id":69,"geometry":{"type":"Point","coordinates":[-123.92446101615786,46.138601605152928]},"properties":{"FID":69,"Id":0,"Site_Type":"BRIDGE","Name":"Skipanon River, Hwy 9","POINT_X":-123.92444621200001,"POINT_Y":46.138596236399998}},{"type":"Feature","id":70,"geometry":{"type":"Point","coordinates":[-123.92419138726927,45.992069131545996]},"properties":{"FID":70,"Id":0,"Site_Type":"BRIDGE","Name":"Necanicum River, Avenue A","POINT_X":-123.92417661499999,"POINT_Y":45.9920637703}},{"type":"Feature","id":71,"geometry":{"type":"Point","coordinates":[-123.91767175762395,45.935646033274622]},"properties":{"FID":71,"Id":0,"Site_Type":"BRIDGE","Name":"Sign Truss Br, Hwy 47 at MP 0.45","POINT_X":-123.917656999,"POINT_Y":45.935640674299997}},{"type":"Feature","id":72,"geometry":{"type":"Point","coordinates":[-123.91961024027977,45.982588156103326]},"properties":{"FID":72,"Id":0,"Site_Type":"BRIDGE","Name":"Neawanna Creek, Sundquist Rd","POINT_X":-123.91959547099999,"POINT_Y":45.982582794899997}},{"type":"Feature","id":73,"geometry":{"type":"Point","coordinates":[-123.92726029449231,45.979277060965067]},"properties":{"FID":73,"Id":0,"Site_Type":"BRIDGE","Name":"Necanicum River, Avenue U","POINT_X":-123.927245525,"POINT_Y":45.979271700799998}},{"type":"Feature","id":74,"geometry":{"type":"Point","coordinates":[-123.9207020838608,45.965474092588181]},"properties":{"FID":74,"Id":0,"Site_Type":"BRIDGE","Name":"Beerman Creek, Beerman Creek Rd","POINT_X":-123.92068731800001,"POINT_Y":45.965468732399998}},{"type":"Feature","id":75,"geometry":{"type":"Point","coordinates":[-123.77752847305983,46.143541232723081]},"properties":{"FID":75,"Id":0,"Site_Type":"BRIDGE","Name":"Wallooskee River, Walluski Loop Rd","POINT_X":-123.77751369000001,"POINT_Y":46.143535848200003}},{"type":"Feature","id":76,"geometry":{"type":"Point","coordinates":[-123.78565071204882,46.069740466905579]},"properties":{"FID":76,"Id":0,"Site_Type":"BRIDGE","Name":"Youngs River, Youngs River Loop Rd","POINT_X":-123.78563594400001,"POINT_Y":46.0697350871}},{"type":"Feature","id":77,"geometry":{"type":"Point","coordinates":[-123.74630011018004,46.089679897256126]},"properties":{"FID":77,"Id":0,"Site_Type":"BRIDGE","Name":"South Fork Klaskanine River, Olney Cutoff Rd","POINT_X":-123.746285344,"POINT_Y":46.089674512199998}},{"type":"Feature","id":78,"geometry":{"type":"Point","coordinates":[-123.7394890520895,46.093551916109945]},"properties":{"FID":78,"Id":0,"Site_Type":"BRIDGE","Name":"North Fork Klaskanine River, Olney Cutoff Rd","POINT_X":-123.739474286,"POINT_Y":46.093546530200001}},{"type":"Feature","id":79,"geometry":{"type":"Point","coordinates":[-123.85447977152481,46.109379477676626]},"properties":{"FID":79,"Id":0,"Site_Type":"BRIDGE","Name":"McEwan Slough, Lewis & Clark Rd","POINT_X":-123.854464984,"POINT_Y":46.109374103}},{"type":"Feature","id":80,"geometry":{"type":"Point","coordinates":[-123.85364074996522,46.103221398334838]},"properties":{"FID":80,"Id":0,"Site_Type":"BRIDGE","Name":"Lewis & Clark River, Lewis & Clark Spur","POINT_X":-123.853625964,"POINT_Y":46.103216023900004}},{"type":"Feature","id":81,"geometry":{"type":"Point","coordinates":[-123.84460958239715,46.076879102665806]},"properties":{"FID":81,"Id":0,"Site_Type":"BRIDGE","Name":"Lewis & Clark River, Logan Rd","POINT_X":-123.844594804,"POINT_Y":46.076873728700001}},{"type":"Feature","id":82,"geometry":{"type":"Point","coordinates":[-123.92096405666847,46.165044081361508]},"properties":{"FID":82,"Id":0,"Site_Type":"BRIDGE","Name":"Skipanon River, Hwy 105","POINT_X":-123.920949247,"POINT_Y":46.165038710899999}},{"type":"Feature","id":83,"geometry":{"type":"Point","coordinates":[-123.92847293034185,46.100570907735538]},"properties":{"FID":83,"Id":0,"Site_Type":"BRIDGE","Name":"Neacoxie Lake, Sunset Beach Rd","POINT_X":-123.928458134,"POINT_Y":46.100565541400002}},{"type":"Feature","id":84,"geometry":{"type":"Point","coordinates":[-123.92945026772692,46.178719306460465]},"properties":{"FID":84,"Id":0,"Site_Type":"BRIDGE","Name":"Power Slough (Alder Creek), Hwy 104","POINT_X":-123.929435454,"POINT_Y":46.178713936199998}},{"type":"Feature","id":85,"geometry":{"type":"Point","coordinates":[-123.92892418244986,45.96618800578964]},"properties":{"FID":85,"Id":0,"Site_Type":"BRIDGE","Name":"Circle Creek, Rippett Rd","POINT_X":-123.92890941500001,"POINT_Y":45.9661826464}},{"type":"Feature","id":86,"geometry":{"type":"Point","coordinates":[-123.91926583141118,45.941532035812237]},"properties":{"FID":86,"Id":0,"Site_Type":"BRIDGE","Name":"Sign Truss Br, Hwy 9 at MP 24.94","POINT_X":-123.91925107100001,"POINT_Y":45.941526676700001}},{"type":"Feature","id":87,"geometry":{"type":"Point","coordinates":[-123.92109081718003,45.938038006708616]},"properties":{"FID":87,"Id":0,"Site_Type":"BRIDGE","Name":"Hwy 9 over Hwy 47","POINT_X":-123.92107605699999,"POINT_Y":45.938032647999997}},{"type":"Feature","id":88,"geometry":{"type":"Point","coordinates":[-123.91962289534268,46.12855144912146]},"properties":{"FID":88,"Id":0,"Site_Type":"BRIDGE","Name":"Skipanon River, Perkins Rd","POINT_X":-123.919608094,"POINT_Y":46.1285460804}},{"type":"Feature","id":89,"geometry":{"type":"Point","coordinates":[-123.85254383511194,46.1877135620704]},"properties":{"FID":89,"Id":0,"Site_Type":"BRIDGE","Name":"Sign Truss Br, Hwy 2W at MP 99.33","POINT_X":-123.852529031,"POINT_Y":46.187708183200002}},{"type":"Feature","id":90,"geometry":{"type":"Point","coordinates":[-123.95360179117637,45.904048606766146]},"properties":{"FID":90,"Id":0,"Site_Type":"BRIDGE","Name":"Hwy 9 over Hwy 9 Conn to Cannon Beach","POINT_X":-123.95358703399999,"POINT_Y":45.904043253200001}},{"type":"Feature","id":91,"geometry":{"type":"Point","coordinates":[-123.74895302600166,46.128341209886962]},"properties":{"FID":91,"Id":0,"Site_Type":"BRIDGE","Name":"Wallooskee River, Labiske Rd at MP 1.81","POINT_X":-123.748938251,"POINT_Y":46.128335823100002}},{"type":"Feature","id":92,"geometry":{"type":"Point","coordinates":[-123.74753301329045,46.129177213389227]},"properties":{"FID":92,"Id":0,"Site_Type":"BRIDGE","Name":"Wallooskee River, Labiske Rd at MP 1.90","POINT_X":-123.747518238,"POINT_Y":46.129171826499999}},{"type":"Feature","id":93,"geometry":{"type":"Point","coordinates":[-123.91474128680089,45.993138243809923]},"properties":{"FID":93,"Id":0,"Site_Type":"BRIDGE","Name":"Neawanna Creek, E Broadway","POINT_X":-123.914726516,"POINT_Y":45.993132881599998}},{"type":"Feature","id":94,"geometry":{"type":"Point","coordinates":[-123.91466035757465,46.001519292291988]},"properties":{"FID":94,"Id":0,"Site_Type":"BRIDGE","Name":"Neawanna Creek, 12th Ave E","POINT_X":-123.914645585,"POINT_Y":46.001513929600002}},{"type":"Feature","id":95,"geometry":{"type":"Point","coordinates":[-123.92418041129561,45.9945191389358]},"properties":{"FID":95,"Id":0,"Site_Type":"BRIDGE","Name":"Necanicum River, 1st Ave","POINT_X":-123.92416563899999,"POINT_Y":45.994513777599998}},{"type":"Feature","id":96,"geometry":{"type":"Point","coordinates":[-123.81270709756491,46.10771569165518]},"properties":{"FID":96,"Id":0,"Site_Type":"BRIDGE","Name":"Tucker Creek, Youngs River Loop Rd","POINT_X":-123.812692317,"POINT_Y":46.1077103127}},{"type":"Feature","id":97,"geometry":{"type":"Point","coordinates":[-123.92213044784663,46.001499205737858]},"properties":{"FID":97,"Id":0,"Site_Type":"BRIDGE","Name":"Necanicum River, 12th Ave","POINT_X":-123.922115674,"POINT_Y":46.001493843799999}},{"type":"Feature","id":98,"geometry":{"type":"Point","coordinates":[-123.90786030463127,46.010388519428808]},"properties":{"FID":98,"Id":0,"Site_Type":"BRIDGE","Name":"Stanley Creek, Lewis & Clark Rd","POINT_X":-123.90784553100001,"POINT_Y":46.010383155600003}},{"type":"Feature","id":99,"geometry":{"type":"Point","coordinates":[-123.71875791781885,46.089001845309767]},"properties":{"FID":99,"Id":0,"Site_Type":"BRIDGE","Name":"KLASKANINE HATCHERY BRIDGE 1","POINT_X":-123.718743155,"POINT_Y":46.0889964574}},{"type":"Feature","id":100,"geometry":{"type":"Point","coordinates":[-123.97277422914601,46.204222752030695]},"properties":{"FID":100,"Id":0,"Site_Type":"BRIDGE","Name":"SWASH LAKE FORT STEVENS STATE PARK","POINT_X":-123.972759404,"POINT_Y":46.204217385}},{"type":"Feature","id":101,"geometry":{"type":"Point","coordinates":[-123.9789323086496,46.197180604063568]},"properties":{"FID":101,"Id":0,"Site_Type":"BRIDGE","Name":"JETTY RD FORT STEVENS STATE PARK","POINT_X":-123.97891748399999,"POINT_Y":46.197175238100002}},{"type":"Feature","id":102,"geometry":{"type":"Point","coordinates":[-123.87723017283732,46.125059587046003]},"properties":{"FID":102,"Id":0,"Site_Type":"BRIDGE","Name":"Fort Clatsop Rd., Estuary Bridge","POINT_X":-123.87721537900001,"POINT_Y":46.125054214000002}},{"type":"Feature","id":103,"geometry":{"type":"Point","coordinates":[-123.83656553228512,46.19131362721599]},"properties":{"FID":103,"Id":0,"Site_Type":"BRIDGE","Name":"6th Street Bridge @ The Water Front","POINT_X":-123.83655073,"POINT_Y":46.1913082465}},{"type":"Feature","id":104,"geometry":{"type":"Point","coordinates":[-123.83557151268073,46.191197626365962]},"properties":{"FID":104,"Id":0,"Site_Type":"BRIDGE","Name":"7th Street Bridge @ The Water Front","POINT_X":-123.83555671000001,"POINT_Y":46.191192245499998}},{"type":"Feature","id":105,"geometry":{"type":"Point","coordinates":[-123.8346404946505,46.191072625974321]},"properties":{"FID":105,"Id":0,"Site_Type":"BRIDGE","Name":"8th Street Bridge @ The Water Front","POINT_X":-123.83462569300001,"POINT_Y":46.191067244999999}},{"type":"Feature","id":106,"geometry":{"type":"Point","coordinates":[-123.83364647479848,46.190866624399767]},"properties":{"FID":106,"Id":0,"Site_Type":"BRIDGE","Name":"9th Street Bridge @ The Water Front","POINT_X":-123.833631673,"POINT_Y":46.190861243400001}},{"type":"Feature","id":107,"geometry":{"type":"Point","coordinates":[-123.83266545651871,46.190619622748919]},"properties":{"FID":107,"Id":0,"Site_Type":"BRIDGE","Name":"10th Street Bridge @ The Water Front","POINT_X":-123.83265065499999,"POINT_Y":46.190614241600002}},{"type":"Feature","id":108,"geometry":{"type":"Point","coordinates":[-123.83166543747362,46.190438620817929]},"properties":{"FID":108,"Id":0,"Site_Type":"BRIDGE","Name":"11th Street Bridge @ The Water Front","POINT_X":-123.83165063600001,"POINT_Y":46.190433239599997}},{"type":"Feature","id":109,"geometry":{"type":"Point","coordinates":[-123.7188499184947,46.08904084619823]},"properties":{"FID":109,"Id":0,"Site_Type":"BRIDGE","Name":"KLASKANINE HATCHERY BR. OFF OF Hwy 102 at MP 11.85","POINT_X":-123.718835156,"POINT_Y":46.089035458300003}},{"type":"Feature","id":110,"geometry":{"type":"Point","coordinates":[-123.96634275941597,45.799670300162177]},"properties":{"FID":110,"Id":0,"Site_Type":"TUNNEL","Name":"Arch Cape Tunnel, Hwy9","POINT_X":-123.966328022,"POINT_Y":45.799664953399997}},{"type":"Feature","id":111,"geometry":{"type":"Point","coordinates":[-123.82910107299446,46.190025687039025]},"properties":{"FID":111,"Id":0,"Site_Type":"LAW ENFORCEMENT","Name":"UNITED STATES CUSTOMS AND BORDER PROTECTION","POINT_X":-123.829086272,"POINT_Y":46.190020305600001}},{"type":"Feature","id":112,"geometry":{"type":"Point","coordinates":[-123.88504488182667,46.153641318701951]},"properties":{"FID":112,"Id":0,"Site_Type":"COAST GUARD","Name":"UNITED STATES COAST GUARD GROUP - AIR STATION ASTORIA","POINT_X":-123.88503008000001,"POINT_Y":46.153635944999998}},{"type":"Feature","id":113,"geometry":{"type":"Point","coordinates":[-123.83520613326084,46.188724749328308]},"properties":{"FID":113,"Id":0,"Site_Type":"EMERGENCY MANAGEMENT","Name":"CLATSOP COUNTY EMERGENCY MANAGEMENT","POINT_X":-123.83519133199999,"POINT_Y":46.188719368599997}},{"type":"Feature","id":114,"geometry":{"type":"Point","coordinates":[-123.91409025285225,45.561859797167735]},"properties":{"FID":114,"Id":0,"Site_Type":"SCHOOL","Name":"Garibaldi Elementary School","POINT_X":-123.91407557399999,"POINT_Y":45.561854457499997}},{"type":"Feature","id":115,"geometry":{"type":"Point","coordinates":[-123.93962025429281,45.638839797079498]},"properties":{"FID":115,"Id":0,"Site_Type":"SCHOOL","Name":"Neah-Kah-Nie Jr/Sr High School","POINT_X":-123.939605555,"POINT_Y":45.638834455999998}},{"type":"Feature","id":116,"geometry":{"type":"Point","coordinates":[-123.89556569368821,45.721004745614209]},"properties":{"FID":116,"Id":0,"Site_Type":"SCHOOL","Name":"Nehalem Elementary School","POINT_X":-123.895550984,"POINT_Y":45.720999395600003}},{"type":"Feature","id":117,"geometry":{"type":"Point","coordinates":[-123.88897910781509,45.203766750506198]},"properties":{"FID":117,"Id":0,"Site_Type":"SCHOOL","Name":"Nestucca High School","POINT_X":-123.888964507,"POINT_Y":45.2037614276}},{"type":"Feature","id":118,"geometry":{"type":"Point","coordinates":[-123.90405024775342,45.188189798463476]},"properties":{"FID":118,"Id":0,"Site_Type":"SCHOOL","Name":"Nestucca Valley Elementary","POINT_X":-123.904035648,"POINT_Y":45.188184477900002}},{"type":"Feature","id":119,"geometry":{"type":"Point","coordinates":[-123.81988025249436,45.453789798096857]},"properties":{"FID":119,"Id":0,"Site_Type":"SCHOOL","Name":"East Elementary School","POINT_X":-123.81986560999999,"POINT_Y":45.453784454500003}},{"type":"Feature","id":120,"geometry":{"type":"Point","coordinates":[-123.8466039646413,45.452143154713141]},"properties":{"FID":120,"Id":0,"Site_Type":"SCHOOL","Name":"Liberty Elementary School","POINT_X":-123.846589319,"POINT_Y":45.452137813999997}},{"type":"Feature","id":121,"geometry":{"type":"Point","coordinates":[-123.81667025200176,45.407519797938726]},"properties":{"FID":121,"Id":0,"Site_Type":"SCHOOL","Name":"South Prairie Elementary School","POINT_X":-123.81665562000001,"POINT_Y":45.407514456500003}},{"type":"Feature","id":122,"geometry":{"type":"Point","coordinates":[-123.83610025192729,45.448649798578543]},"properties":{"FID":122,"Id":0,"Site_Type":"SCHOOL","Name":"Tillamook High School","POINT_X":-123.836085608,"POINT_Y":45.448644457}},{"type":"Feature","id":123,"geometry":{"type":"Point","coordinates":[-123.82002025152983,45.454849798449011]},"properties":{"FID":123,"Id":0,"Site_Type":"SCHOOL","Name":"Tillamook Junior High School","POINT_X":-123.82000560900001,"POINT_Y":45.454844454800003}},{"type":"Feature","id":124,"geometry":{"type":"Point","coordinates":[-123.9433655230559,45.614671268647008]},"properties":{"FID":124,"Id":0,"Site_Type":"LAW ENFORCEMENT","Name":"Rockaway Police Department","POINT_X":-123.943350829,"POINT_Y":45.614665929200001}},{"type":"Feature","id":125,"geometry":{"type":"Point","coordinates":[-123.84074760373285,45.456478649316352]},"properties":{"FID":125,"Id":0,"Site_Type":"LAW ENFORCEMENT","Name":"Tillamook City Police Department","POINT_X":-123.840732958,"POINT_Y":45.456473307700001}},{"type":"Feature","id":126,"geometry":{"type":"Point","coordinates":[-123.85433225243,45.456642353268258]},"properties":{"FID":126,"Id":0,"Site_Type":"HOSPITAL","Name":"Tillamook County General Hospital","POINT_X":-123.854317604,"POINT_Y":45.4566370131}},{"type":"Feature","id":127,"geometry":{"type":"Point","coordinates":[-123.88806024906452,45.206709798618562]},"properties":{"FID":127,"Id":0,"Site_Type":"FIRE DEPARTMENT","Name":"Nestucca RFPD","POINT_X":-123.888045648,"POINT_Y":45.206704475400002}},{"type":"Feature","id":128,"geometry":{"type":"Point","coordinates":[-123.97748024664871,45.107329798252898]},"properties":{"FID":128,"Id":0,"Site_Type":"FIRE DEPARTMENT","Name":"Nestucca RFPD Neskowin #84","POINT_X":-123.97746565200001,"POINT_Y":45.107324489600003}},{"type":"Feature","id":129,"geometry":{"type":"Point","coordinates":[-123.96119024770289,45.201229797739643]},"properties":{"FID":129,"Id":0,"Site_Type":"FIRE DEPARTMENT","Name":"Nestucca RFPD Pacific City #82","POINT_X":-123.961175637,"POINT_Y":45.201224482299999}},{"type":"Feature","id":130,"geometry":{"type":"Point","coordinates":[-123.92230025060515,45.303469797279035]},"properties":{"FID":130,"Id":0,"Site_Type":"FIRE DEPARTMENT","Name":"Nestucca RFPD Sandlake #85","POINT_X":-123.922285624,"POINT_Y":45.303464472400002}},{"type":"Feature","id":131,"geometry":{"type":"Point","coordinates":[-123.96924025181053,45.460269797290245]},"properties":{"FID":131,"Id":0,"Site_Type":"FIRE DEPARTMENT","Name":"Netarts Oceanside RFPD Station #62 Oceanside","POINT_X":-123.96922558599999,"POINT_Y":45.460264468799998}},{"type":"Feature","id":132,"geometry":{"type":"Point","coordinates":[-123.94800195637657,45.436804770670491]},"properties":{"FID":132,"Id":0,"Site_Type":"FIRE DEPARTMENT","Name":"Netarts Oceanside RFPD Station #61 Hall","POINT_X":-123.947987299,"POINT_Y":45.436799441200002}},{"type":"Feature","id":133,"geometry":{"type":"Point","coordinates":[-123.84025025154367,45.455749797967279]},"properties":{"FID":133,"Id":0,"Site_Type":"FIRE DEPARTMENT","Name":"Tillamook Fire Dist Main Station #71","POINT_X":-123.84023560599999,"POINT_Y":45.455744456399998}},{"type":"Feature","id":134,"geometry":{"type":"Point","coordinates":[-123.89042025316293,45.524459797924735]},"properties":{"FID":134,"Id":0,"Site_Type":"FIRE DEPARTMENT","Name":"Bay City Fire Department","POINT_X":-123.890405586,"POINT_Y":45.524454457799997}},{"type":"Feature","id":135,"geometry":{"type":"Point","coordinates":[-123.91424878478989,45.559739311500465]},"properties":{"FID":135,"Id":0,"Site_Type":"FIRE DEPARTMENT","Name":"City Of Garibaldi Fire Department","POINT_X":-123.91423410599999,"POINT_Y":45.559733971999997}},{"type":"Feature","id":136,"geometry":{"type":"Point","coordinates":[-123.93343025507188,45.718459796809228]},"properties":{"FID":136,"Id":0,"Site_Type":"FIRE DEPARTMENT","Name":"Manzanita Fire Department","POINT_X":-123.93341554,"POINT_Y":45.718454450899998}},{"type":"Feature","id":137,"geometry":{"type":"Point","coordinates":[-123.89543025566689,45.717189797190827]},"properties":{"FID":137,"Id":0,"Site_Type":"FIRE DEPARTMENT","Name":"Nehalem VFD","POINT_X":-123.895415547,"POINT_Y":45.717184447400001}},{"type":"Feature","id":138,"geometry":{"type":"Point","coordinates":[-123.94369521705667,45.610083710115568]},"properties":{"FID":138,"Id":0,"Site_Type":"FIRE DEPARTMENT","Name":"Rockaway Beach Fire Department","POINT_X":-123.943680524,"POINT_Y":45.610078371}},{"type":"Feature","id":139,"geometry":{"type":"Point","coordinates":[-123.84038202449591,45.45613730172991]},"properties":{"FID":139,"Id":0,"Site_Type":"LAW ENFORCEMENT","Name":"Tillamook 911 Center","POINT_X":-123.840367379,"POINT_Y":45.456131960100002}},{"type":"Feature","id":140,"geometry":{"type":"Point","coordinates":[-123.80461025218554,45.42481979856516]},"properties":{"FID":140,"Id":0,"Site_Type":"LAW ENFORCEMENT","Name":"Tillamook County Sheriff's Office And OSP","POINT_X":-123.80459561799999,"POINT_Y":45.424814455000003}},{"type":"Feature","id":141,"geometry":{"type":"Point","coordinates":[-123.84165056552847,45.455313442820184]},"properties":{"FID":141,"Id":0,"Site_Type":"SCHOOL","Name":"Pacific Christian School","POINT_X":-123.84163592,"POINT_Y":45.4553081014}},{"type":"Feature","id":142,"geometry":{"type":"Point","coordinates":[-123.81520124434236,45.449397114088349]},"properties":{"FID":142,"Id":0,"Site_Type":"SCHOOL","Name":"Tillamook Seventh Day Adventist School","POINT_X":-123.815186604,"POINT_Y":45.449391770299997}},{"type":"Feature","id":143,"geometry":{"type":"Point","coordinates":[-123.79670046657148,45.424311748807796]},"properties":{"FID":143,"Id":0,"Site_Type":"SCHOOL","Name":"Trask River High School","POINT_X":-123.796685834,"POINT_Y":45.424306404399999}},{"type":"Feature","id":144,"geometry":{"type":"Point","coordinates":[-123.88484112766136,45.686160995860241]},"properties":{"FID":144,"Id":0,"Site_Type":"HOSPITAL","Name":"Nehalem Valley Care Center","POINT_X":-123.88482642699999,"POINT_Y":45.6861556466}},{"type":"Feature","id":145,"geometry":{"type":"Point","coordinates":[-123.9142448640809,45.559915575893804]},"properties":{"FID":145,"Id":0,"Site_Type":"LAW ENFORCEMENT","Name":"City Of Garibaldi Police Department","POINT_X":-123.914230186,"POINT_Y":45.5599102364}},{"type":"Feature","id":146,"geometry":{"type":"Point","coordinates":[-123.93968572894174,45.614726791121612]},"properties":{"FID":146,"Id":0,"Site_Type":"SCHOOL","Name":"Neah-Kah-Nie Pre-K Program","POINT_X":-123.939671035,"POINT_Y":45.614721451299999}},{"type":"Feature","id":147,"geometry":{"type":"Point","coordinates":[-123.95436895959935,45.501205637745436]},"properties":{"FID":147,"Id":0,"Site_Type":"FIRE DEPARTMENT","Name":"Cape Meares Fire Station 73","POINT_X":-123.954354287,"POINT_Y":45.501200305499999}},{"type":"Feature","id":148,"geometry":{"type":"Point","coordinates":[-123.8441921156608,45.496308878655562]},"properties":{"FID":148,"Id":0,"Site_Type":"BRIDGE","Name":"Kilchis River, Alderbrook Loop","POINT_X":-123.844177461,"POINT_Y":45.496303535300001}},{"type":"Feature","id":149,"geometry":{"type":"Point","coordinates":[-123.84583303155512,45.489133858273995]},"properties":{"FID":149,"Id":0,"Site_Type":"BRIDGE","Name":"Hwy 9 over POTB RR (Juno)","POINT_X":-123.845818378,"POINT_Y":45.489128515499999}},{"type":"Feature","id":150,"geometry":{"type":"Point","coordinates":[-123.88952136982483,45.709159454585723]},"properties":{"FID":150,"Id":0,"Site_Type":"BRIDGE","Name":"Nehalem River, Hwy 9","POINT_X":-123.889506664,"POINT_Y":45.709154104600003}},{"type":"Feature","id":151,"geometry":{"type":"Point","coordinates":[-123.84487167860307,45.768809935732648]},"properties":{"FID":151,"Id":0,"Site_Type":"BRIDGE","Name":"North Fork Nehalem River, North Fork Nehalem Rd","POINT_X":-123.84485696599999,"POINT_Y":45.768804577899999}},{"type":"Feature","id":152,"geometry":{"type":"Point","coordinates":[-123.88046924498335,45.701187471518708]},"properties":{"FID":152,"Id":0,"Site_Type":"BRIDGE","Name":"Gallagher Slough, Hwy 9","POINT_X":-123.880454542,"POINT_Y":45.701182121000002}},{"type":"Feature","id":153,"geometry":{"type":"Point","coordinates":[-123.90016038009966,45.192002839296897]},"properties":{"FID":153,"Id":0,"Site_Type":"BRIDGE","Name":"Clear Creek, Hwy 9","POINT_X":-123.90014578,"POINT_Y":45.191997518100003}},{"type":"Feature","id":154,"geometry":{"type":"Point","coordinates":[-123.83453556201472,45.761765958562606]},"properties":{"FID":154,"Id":0,"Site_Type":"BRIDGE","Name":"Rack Heap Creek, Hwy 46 (Little Rack Creek)","POINT_X":-123.834520853,"POINT_Y":45.761760600099997}},{"type":"Feature","id":155,"geometry":{"type":"Point","coordinates":[-123.83377754529542,45.760079953829369]},"properties":{"FID":155,"Id":0,"Site_Type":"BRIDGE","Name":"Big Rack Heap Creek, Hwy 46","POINT_X":-123.83376283600001,"POINT_Y":45.760074595299997}},{"type":"Feature","id":156,"geometry":{"type":"Point","coordinates":[-123.87790522023953,45.700051480126454]},"properties":{"FID":156,"Id":0,"Site_Type":"BRIDGE","Name":"Hwy 9 over POTB RR (Wheeler)","POINT_X":-123.877890518,"POINT_Y":45.7000461294}},{"type":"Feature","id":157,"geometry":{"type":"Point","coordinates":[-123.85867421274875,45.709120614329926]},"properties":{"FID":157,"Id":0,"Site_Type":"BRIDGE","Name":"Nehalem River, Hwy 46","POINT_X":-123.858659511,"POINT_Y":45.709115261100003}},{"type":"Feature","id":158,"geometry":{"type":"Point","coordinates":[-123.8922398783175,45.559950872102952]},"properties":{"FID":158,"Id":0,"Site_Type":"BRIDGE","Name":"Miami River, Hwy 9","POINT_X":-123.892225203,"POINT_Y":45.559945530299998}},{"type":"Feature","id":159,"geometry":{"type":"Point","coordinates":[-123.87688870147134,45.456864645582073]},"properties":{"FID":159,"Id":0,"Site_Type":"BRIDGE","Name":"Tillamook River, Hwy 131","POINT_X":-123.87687405,"POINT_Y":45.4568593077}},{"type":"Feature","id":160,"geometry":{"type":"Point","coordinates":[-123.84380705015052,45.699887655691334]},"properties":{"FID":160,"Id":0,"Site_Type":"BRIDGE","Name":"Nehalem River, Miami Foley Rd","POINT_X":-123.843792353,"POINT_Y":45.699882301400002}},{"type":"Feature","id":161,"geometry":{"type":"Point","coordinates":[-123.86746024698634,45.708062564920233]},"properties":{"FID":161,"Id":0,"Site_Type":"BRIDGE","Name":"Mohler Oflow, Hwy 46","POINT_X":-123.86744554400001,"POINT_Y":45.708057212699998}},{"type":"Feature","id":162,"geometry":{"type":"Point","coordinates":[-123.95401063822978,45.211810633088213]},"properties":{"FID":162,"Id":0,"Site_Type":"BRIDGE","Name":"Nestucca River, Ferry St","POINT_X":-123.953996026,"POINT_Y":45.211805316400003}},{"type":"Feature","id":163,"geometry":{"type":"Point","coordinates":[-123.84465291146743,45.479533846961644]},"properties":{"FID":163,"Id":0,"Site_Type":"BRIDGE","Name":"Wilson River Slough, Hwy 9","POINT_X":-123.84463826,"POINT_Y":45.479528504599998}},{"type":"Feature","id":164,"geometry":{"type":"Point","coordinates":[-123.84449989550052,45.478311845492357]},"properties":{"FID":164,"Id":0,"Site_Type":"BRIDGE","Name":"Wilson River, Hwy 9","POINT_X":-123.844485244,"POINT_Y":45.478306503100001}},{"type":"Feature","id":165,"geometry":{"type":"Point","coordinates":[-123.84420465950754,45.459078813135299]},"properties":{"FID":165,"Id":0,"Site_Type":"BRIDGE","Name":"Hoquarten Slough, Hwy 9","POINT_X":-123.844190013,"POINT_Y":45.459073471799996}},{"type":"Feature","id":166,"geometry":{"type":"Point","coordinates":[-123.84479331038708,45.43038676020344]},"properties":{"FID":166,"Id":0,"Site_Type":"BRIDGE","Name":"Tillamook River, Tillamook River Rd","POINT_X":-123.84477866899999,"POINT_Y":45.430381420499998}},{"type":"Feature","id":167,"geometry":{"type":"Point","coordinates":[-123.95448905481388,45.741854241806259]},"properties":{"FID":167,"Id":0,"Site_Type":"BRIDGE","Name":"Half Viaduct, Hwy 9 at MP 40.86","POINT_X":-123.954474332,"POINT_Y":45.741848896800001}},{"type":"Feature","id":168,"geometry":{"type":"Point","coordinates":[-123.95615007261165,45.74262623566684]},"properties":{"FID":168,"Id":0,"Site_Type":"BRIDGE","Name":"Half Viaduct, Hwy 9 at MP 40.78","POINT_X":-123.95613534899999,"POINT_Y":45.742620890799998}},{"type":"Feature","id":169,"geometry":{"type":"Point","coordinates":[-123.95670607860285,45.742906234146361]},"properties":{"FID":169,"Id":0,"Site_Type":"BRIDGE","Name":"Half Viaduct, Hwy 9 at MP 40.75","POINT_X":-123.956691355,"POINT_Y":45.742900889399998}},{"type":"Feature","id":170,"geometry":{"type":"Point","coordinates":[-123.95971411087511,45.74425622342256]},"properties":{"FID":170,"Id":0,"Site_Type":"BRIDGE","Name":"Half Viaduct, Hwy 9 at MP 40.65","POINT_X":-123.959699387,"POINT_Y":45.744250878899997}},{"type":"Feature","id":171,"geometry":{"type":"Point","coordinates":[-123.95971411087511,45.74425622342256]},"properties":{"FID":171,"Id":0,"Site_Type":"BRIDGE","Name":"Half Viaduct, Hwy 9 at MP 40.65","POINT_X":-123.959699387,"POINT_Y":45.744250878899997}},{"type":"Feature","id":172,"geometry":{"type":"Point","coordinates":[-123.96105813134139,45.745468220456026]},"properties":{"FID":172,"Id":0,"Site_Type":"BRIDGE","Name":"Half Viaduct, Hwy 9 at MP 40.58","POINT_X":-123.96104340700001,"POINT_Y":45.745462875999998}},{"type":"Feature","id":173,"geometry":{"type":"Point","coordinates":[-123.95862224106729,45.756754263726904]},"properties":{"FID":173,"Id":0,"Site_Type":"BRIDGE","Name":"Necarney Creek, Hwy 9 (Sam Reed)","POINT_X":-123.95860751399999,"POINT_Y":45.7567489184}},{"type":"Feature","id":174,"geometry":{"type":"Point","coordinates":[-123.95723329164292,45.762170283065743]},"properties":{"FID":174,"Id":0,"Site_Type":"BRIDGE","Name":"Short Sand Beach Creek, Hwy 9","POINT_X":-123.957218564,"POINT_Y":45.7621649373}},{"type":"Feature","id":175,"geometry":{"type":"Point","coordinates":[-123.9407568397541,45.635447910946908]},"properties":{"FID":175,"Id":0,"Site_Type":"BRIDGE","Name":"Lake Lytle Outlet, Hwy 9","POINT_X":-123.940742141,"POINT_Y":45.635442570199999}},{"type":"Feature","id":176,"geometry":{"type":"Point","coordinates":[-123.93772092766655,45.16119339658804]},"properties":{"FID":176,"Id":0,"Site_Type":"BRIDGE","Name":"Little Nestucca River, Hwy 9","POINT_X":-123.937706328,"POINT_Y":45.161188080999999}},{"type":"Feature","id":177,"geometry":{"type":"Point","coordinates":[-123.9575860877017,45.743304230534271]},"properties":{"FID":177,"Id":0,"Site_Type":"BRIDGE","Name":"Neahkahnie Mountain (Chasm)","POINT_X":-123.957571364,"POINT_Y":45.743298885800002}},{"type":"Feature","id":178,"geometry":{"type":"Point","coordinates":[-123.82432117642045,45.422564848869705]},"properties":{"FID":178,"Id":0,"Site_Type":"BRIDGE","Name":"South Prairie Creek, Hwy 9","POINT_X":-123.82430653999999,"POINT_Y":45.422559507400003}},{"type":"Feature","id":179,"geometry":{"type":"Point","coordinates":[-123.82438213948495,45.419508842897059]},"properties":{"FID":179,"Id":0,"Site_Type":"BRIDGE","Name":"Anderson Creek, Hwy 9","POINT_X":-123.82436750399999,"POINT_Y":45.419503501599998}},{"type":"Feature","id":180,"geometry":{"type":"Point","coordinates":[-123.83290461145964,45.456986866314999]},"properties":{"FID":180,"Id":0,"Site_Type":"BRIDGE","Name":"POTB RR over Hwy 37","POINT_X":-123.832889967,"POINT_Y":45.456981523899998}},{"type":"Feature","id":181,"geometry":{"type":"Point","coordinates":[-123.83953548837883,45.748723865503756]},"properties":{"FID":181,"Id":0,"Site_Type":"BRIDGE","Name":"Gravel Creek, Hwy 46","POINT_X":-123.839520781,"POINT_Y":45.7487185082}},{"type":"Feature","id":182,"geometry":{"type":"Point","coordinates":[-123.91391284221297,45.152766516076198]},"properties":{"FID":182,"Id":0,"Site_Type":"BRIDGE","Name":"Little Nestucca River, Hwy 130 at MP 1.27 (Meda)","POINT_X":-123.913898248,"POINT_Y":45.152761198500002}},{"type":"Feature","id":183,"geometry":{"type":"Point","coordinates":[-123.85977965768041,45.456197730189359]},"properties":{"FID":183,"Id":0,"Site_Type":"BRIDGE","Name":"Trask River, Hwy 131 (Stillwell)","POINT_X":-123.859765009,"POINT_Y":45.456192390600002}},{"type":"Feature","id":184,"geometry":{"type":"Point","coordinates":[-123.79546317276458,45.426831001746294]},"properties":{"FID":184,"Id":0,"Site_Type":"BRIDGE","Name":"Mill Creek, Long Prairie Rd","POINT_X":-123.79544854,"POINT_Y":45.426825657099997}},{"type":"Feature","id":185,"geometry":{"type":"Point","coordinates":[-123.82415226041243,45.429508861704846]},"properties":{"FID":185,"Id":0,"Site_Type":"BRIDGE","Name":"Trask River, Hwy 9","POINT_X":-123.824137623,"POINT_Y":45.429503519900003}},{"type":"Feature","id":186,"geometry":{"type":"Point","coordinates":[-123.84261851859155,45.447786801648192]},"properties":{"FID":186,"Id":0,"Site_Type":"BRIDGE","Name":"Drainage Ditch, Hwy 9 at MP 66.36","POINT_X":-123.84260387400001,"POINT_Y":45.4477814607}},{"type":"Feature","id":187,"geometry":{"type":"Point","coordinates":[-123.85037512487889,45.495867847291031]},"properties":{"FID":187,"Id":0,"Site_Type":"BRIDGE","Name":"Kilchis River & Possetti Road, Hwy 9","POINT_X":-123.85036046899999,"POINT_Y":45.495862504599998}},{"type":"Feature","id":188,"geometry":{"type":"Point","coordinates":[-123.85427517055356,45.498889832263316]},"properties":{"FID":188,"Id":0,"Site_Type":"BRIDGE","Name":"Stasek Slough, Hwy 9","POINT_X":-123.854260514,"POINT_Y":45.498884489799998}},{"type":"Feature","id":189,"geometry":{"type":"Point","coordinates":[-123.85871120605671,45.50120381698256]},"properties":{"FID":189,"Id":0,"Site_Type":"BRIDGE","Name":"Hathaway Slough, Hwy 9","POINT_X":-123.858696548,"POINT_Y":45.501198474900001}},{"type":"Feature","id":190,"geometry":{"type":"Point","coordinates":[-123.85163314423258,45.497272842797713]},"properties":{"FID":190,"Id":0,"Site_Type":"BRIDGE","Name":"Neilson Slough, Hwy 9","POINT_X":-123.851618488,"POINT_Y":45.497267500200003}},{"type":"Feature","id":191,"geometry":{"type":"Point","coordinates":[-123.86117522455743,45.502514809037784]},"properties":{"FID":191,"Id":0,"Site_Type":"BRIDGE","Name":"Tidal Slough & Cattlepass, Hwy 9 at MP 62.25","POINT_X":-123.861160566,"POINT_Y":45.502509467099998}},{"type":"Feature","id":192,"geometry":{"type":"Point","coordinates":[-123.86409724634471,45.50403980090303]},"properties":{"FID":192,"Id":0,"Site_Type":"BRIDGE","Name":"Tidal Slough (Vaughn Cr) & Ctlps, Hwy9 at MP 62.07","POINT_X":-123.864082587,"POINT_Y":45.5040344592}},{"type":"Feature","id":193,"geometry":{"type":"Point","coordinates":[-123.89795360330871,45.531172733206894]},"properties":{"FID":193,"Id":0,"Site_Type":"BRIDGE","Name":"Hwy 9 over POTB RR at MP 59.32","POINT_X":-123.89793893300001,"POINT_Y":45.531167393499999}},{"type":"Feature","id":194,"geometry":{"type":"Point","coordinates":[-123.8439576443259,45.457836812699746]},"properties":{"FID":194,"Id":0,"Site_Type":"BRIDGE","Name":"Sign Truss Br, Hwy 9 NB at MP 65.64","POINT_X":-123.843942998,"POINT_Y":45.457831471399999}},{"type":"Feature","id":195,"geometry":{"type":"Point","coordinates":[-123.87624654454216,45.73364861751719]},"properties":{"FID":195,"Id":0,"Site_Type":"BRIDGE","Name":"North Fork Nehalem River, McDonald Dike Rd","POINT_X":-123.876231835,"POINT_Y":45.733643264800001}},{"type":"Feature","id":196,"geometry":{"type":"Point","coordinates":[-123.89007458021291,45.206999984795459]},"properties":{"FID":196,"Id":0,"Site_Type":"BRIDGE","Name":"Nestucca River, Woods Cloverdale Rd","POINT_X":-123.890059978,"POINT_Y":45.206994661800003}},{"type":"Feature","id":197,"geometry":{"type":"Point","coordinates":[-123.92296488909456,45.306894152818479]},"properties":{"FID":197,"Id":0,"Site_Type":"BRIDGE","Name":"Sand Creek, Sand Lake Rd","POINT_X":-123.922950262,"POINT_Y":45.306888827800002}},{"type":"Feature","id":198,"geometry":{"type":"Point","coordinates":[-123.80979172468869,45.470451006100618]},"properties":{"FID":198,"Id":0,"Site_Type":"BRIDGE","Name":"Dougherty Slough, Wilson River Loop","POINT_X":-123.80977708,"POINT_Y":45.470445660599999}},{"type":"Feature","id":199,"geometry":{"type":"Point","coordinates":[-123.96484349542669,45.202124499098886]},"properties":{"FID":199,"Id":0,"Site_Type":"BRIDGE","Name":"Nestucca River, Pacific Ave","POINT_X":-123.964828884,"POINT_Y":45.202119183999997}},{"type":"Feature","id":200,"geometry":{"type":"Point","coordinates":[-123.95683240826266,45.195946505282592]},"properties":{"FID":200,"Id":0,"Site_Type":"BRIDGE","Name":"Slough, Brooten Rd at MP 01.75","POINT_X":-123.95681779900001,"POINT_Y":45.195941189700001}},{"type":"Feature","id":201,"geometry":{"type":"Point","coordinates":[-123.9760388841635,45.09443162184909]},"properties":{"FID":201,"Id":0,"Site_Type":"BRIDGE","Name":"Neskowin Creek, Hwy 9","POINT_X":-123.97602429299999,"POINT_Y":45.0944263138}},{"type":"Feature","id":202,"geometry":{"type":"Point","coordinates":[-123.84432775956128,45.467197826998174]},"properties":{"FID":202,"Id":0,"Site_Type":"BRIDGE","Name":"Hall Slough, Hwy 9","POINT_X":-123.84431311100001,"POINT_Y":45.467192485200002}},{"type":"Feature","id":203,"geometry":{"type":"Point","coordinates":[-123.84438273706327,45.465319823598513]},"properties":{"FID":203,"Id":0,"Site_Type":"BRIDGE","Name":"Dougherty Slough, Hwy 9","POINT_X":-123.844368089,"POINT_Y":45.465314481900002}},{"type":"Feature","id":204,"geometry":{"type":"Point","coordinates":[-123.84470450282021,45.446136787768168]},"properties":{"FID":204,"Id":0,"Site_Type":"BRIDGE","Name":"Trask River, Tillamook River Rd","POINT_X":-123.844689858,"POINT_Y":45.446131447200003}},{"type":"Feature","id":205,"geometry":{"type":"Point","coordinates":[-123.844627525029,45.447969791666786]},"properties":{"FID":205,"Id":0,"Site_Type":"BRIDGE","Name":"Trask River Overflow, Tillamook River Rd","POINT_X":-123.84461288,"POINT_Y":45.447964450999997}},{"type":"Feature","id":206,"geometry":{"type":"Point","coordinates":[-123.82450400032185,45.407969822577314]},"properties":{"FID":206,"Id":0,"Site_Type":"BRIDGE","Name":"Tillamook River, Bewley Creek Rd","POINT_X":-123.824489367,"POINT_Y":45.407964481999997}},{"type":"Feature","id":207,"geometry":{"type":"Point","coordinates":[-123.80950466424486,45.465517999270965]},"properties":{"FID":207,"Id":0,"Site_Type":"BRIDGE","Name":"Creek Oflow, Wilson R Loop Rd at MP 0.82 (Oflow#1)","POINT_X":-123.809490021,"POINT_Y":45.465512654000001}},{"type":"Feature","id":208,"geometry":{"type":"Point","coordinates":[-123.80930265832896,45.465044999701711]},"properties":{"FID":208,"Id":0,"Site_Type":"BRIDGE","Name":"Creek Oflow, Wilson R Loop Rd at MP 0.69 (Oflow#2)","POINT_X":-123.80928801500001,"POINT_Y":45.465039654400002}},{"type":"Feature","id":209,"geometry":{"type":"Point","coordinates":[-123.80988870698368,45.468965002908391]},"properties":{"FID":209,"Id":0,"Site_Type":"BRIDGE","Name":"Creek, Wilson River Loop Rd at MP 0.59","POINT_X":-123.809874063,"POINT_Y":45.468959657500001}},{"type":"Feature","id":210,"geometry":{"type":"Point","coordinates":[-123.84222912424522,45.415533746916459]},"properties":{"FID":210,"Id":0,"Site_Type":"BRIDGE","Name":"Tillamook River, Tillamook River Rd (Blaser)","POINT_X":-123.84221448700001,"POINT_Y":45.415528407700002}},{"type":"Feature","id":211,"geometry":{"type":"Point","coordinates":[-123.92987585194018,45.303355112630051]},"properties":{"FID":211,"Id":0,"Site_Type":"BRIDGE","Name":"Sand Creek, Galloway Rd","POINT_X":-123.92986122400001,"POINT_Y":45.3033497885}},{"type":"Feature","id":212,"geometry":{"type":"Point","coordinates":[-123.94745640060576,45.592336713675401]},"properties":{"FID":212,"Id":0,"Site_Type":"BRIDGE","Name":"Twin Rocks Friends Camp Ped over Hwy 9","POINT_X":-123.94744171000001,"POINT_Y":45.592331375900002}},{"type":"Feature","id":213,"geometry":{"type":"Point","coordinates":[-123.77724330135003,45.440645117074169]},"properties":{"FID":213,"Id":0,"Site_Type":"BRIDGE","Name":"Trask River, Long Prairie Rd","POINT_X":-123.77722866800001,"POINT_Y":45.440639769800001}},{"type":"Feature","id":214,"geometry":{"type":"Point","coordinates":[-123.92960203481418,45.658298054770242]},"properties":{"FID":214,"Id":0,"Site_Type":"BRIDGE","Name":"Jetty Creek, Hwy 9","POINT_X":-123.929587333,"POINT_Y":45.658292711599998}},{"type":"Feature","id":215,"geometry":{"type":"Point","coordinates":[-123.97086561428493,45.35838600321123]},"properties":{"FID":215,"Id":0,"Site_Type":"BRIDGE","Name":"CAPE LOOKOUT STATE PARK FOOT BRIDGE (35)","POINT_X":-123.970850969,"POINT_Y":45.358380680300002}},{"type":"Feature","id":216,"geometry":{"type":"Point","coordinates":[-123.97072361465636,45.358386003908784]},"properties":{"FID":216,"Id":0,"Site_Type":"BRIDGE","Name":"CAPE LOOKOUT STATE PARK FOOT BRIDGE (35)","POINT_X":-123.97070897,"POINT_Y":45.358380681}},{"type":"Feature","id":217,"geometry":{"type":"Point","coordinates":[-123.96165627480892,45.75832025051978]},"properties":{"FID":217,"Id":0,"Site_Type":"BRIDGE","Name":"Necarney Suspension Bridge - Oswald West SP","POINT_X":-123.961641547,"POINT_Y":45.758314905399999}},{"type":"Feature","id":218,"geometry":{"type":"Point","coordinates":[-123.96165627480892,45.75832025051978]},"properties":{"FID":218,"Id":0,"Site_Type":"BRIDGE","Name":"Short Sand Beach Access","POINT_X":-123.961641547,"POINT_Y":45.758314905399999}},{"type":"Feature","id":219,"geometry":{"type":"Point","coordinates":[-123.96165627480892,45.75832025051978]},"properties":{"FID":219,"Id":0,"Site_Type":"BRIDGE","Name":"Short Sand Beach (Upper)","POINT_X":-123.961641547,"POINT_Y":45.758314905399999}},{"type":"Feature","id":220,"geometry":{"type":"Point","coordinates":[-123.87405911516257,45.589823078615517]},"properties":{"FID":220,"Id":0,"Site_Type":"BRIDGE","Name":"Minich Creek, Miami-Foley Rd","POINT_X":-123.87404443600001,"POINT_Y":45.589817733300002}},{"type":"Feature","id":221,"geometry":{"type":"Point","coordinates":[-123.93926843615677,45.426080278146749]},"properties":{"FID":221,"Id":0,"Site_Type":"BRIDGE","Name":"Rice Creek, Netarts Bay Dr","POINT_X":-123.93925378199999,"POINT_Y":45.4260749484}},{"type":"Feature","id":222,"geometry":{"type":"Point","coordinates":[-123.86016057075814,45.745362745350008]},"properties":{"FID":222,"Id":0,"Site_Type":"BRIDGE","Name":"Coal Creek, North Fork Nehalem River Rd","POINT_X":-123.86014586100001,"POINT_Y":45.745357390400002}},{"type":"Feature","id":223,"geometry":{"type":"Point","coordinates":[-123.87380596857582,45.574959023141538]},"properties":{"FID":223,"Id":0,"Site_Type":"BRIDGE","Name":"Miami River, Moss Creek Rd","POINT_X":-123.873791293,"POINT_Y":45.574953678599996}},{"type":"Feature","id":224,"geometry":{"type":"Point","coordinates":[-123.86237286117692,45.567823053243679]},"properties":{"FID":224,"Id":0,"Site_Type":"BRIDGE","Name":"Moss Creek, Moss Creek Rd","POINT_X":-123.86235818900001,"POINT_Y":45.567817707899998}},{"type":"Feature","id":225,"geometry":{"type":"Point","coordinates":[-123.84651901758794,45.695076623203171]},"properties":{"FID":225,"Id":0,"Site_Type":"BRIDGE","Name":"Foley Creek, South Lommen Rd","POINT_X":-123.846504321,"POINT_Y":45.695071269499998}},{"type":"Feature","id":226,"geometry":{"type":"Point","coordinates":[-123.84853810088083,45.702806642387031]},"properties":{"FID":226,"Id":0,"Site_Type":"BRIDGE","Name":"North Lommen Rd over Port of Tillamook Bay RR","POINT_X":-123.848523402,"POINT_Y":45.702801288499998}},{"type":"Feature","id":227,"geometry":{"type":"Point","coordinates":[-123.87353559556122,45.740384657165386]},"properties":{"FID":227,"Id":0,"Site_Type":"BRIDGE","Name":"Anderson Creek, North Fork Nehalem River Rd","POINT_X":-123.873520885,"POINT_Y":45.740379303799998}},{"type":"Feature","id":228,"geometry":{"type":"Point","coordinates":[-123.87051991204282,45.570359021928368]},"properties":{"FID":228,"Id":0,"Site_Type":"BRIDGE","Name":"Moss Creek, Moss Creek Rd","POINT_X":-123.87050523800001,"POINT_Y":45.570353677299998}},{"type":"Feature","id":229,"geometry":{"type":"Point","coordinates":[-123.93896574704311,45.627555890527354]},"properties":{"FID":229,"Id":0,"Site_Type":"BRIDGE","Name":"Lake Lytle, NE 12th Ave","POINT_X":-123.938951051,"POINT_Y":45.627550550000002}},{"type":"Feature","id":230,"geometry":{"type":"Point","coordinates":[-123.83529721545979,45.508061960952872]},"properties":{"FID":230,"Id":0,"Site_Type":"BRIDGE","Name":"Kilchis River, Curl Rd #3037","POINT_X":-123.83528256,"POINT_Y":45.508056615999998}},{"type":"Feature","id":231,"geometry":{"type":"Point","coordinates":[-123.86811899709987,45.482300734193117]},"properties":{"FID":231,"Id":0,"Site_Type":"BRIDGE","Name":"Freeman Slough, Makinster Rd","POINT_X":-123.868104342,"POINT_Y":45.482295394099999}},{"type":"Feature","id":232,"geometry":{"type":"Point","coordinates":[-123.87247190651732,45.47418069760775]},"properties":{"FID":232,"Id":0,"Site_Type":"BRIDGE","Name":"Hall Slough, Goodspeed Rd","POINT_X":-123.872457252,"POINT_Y":45.474175358399997}},{"type":"Feature","id":233,"geometry":{"type":"Point","coordinates":[-123.80753880190335,45.477306029383747]},"properties":{"FID":233,"Id":0,"Site_Type":"BRIDGE","Name":"Wilson River, Wilson River Loop","POINT_X":-123.807524157,"POINT_Y":45.477300683300001}},{"type":"Feature","id":234,"geometry":{"type":"Point","coordinates":[-123.87766850914565,45.441289614327999]},"properties":{"FID":234,"Id":0,"Site_Type":"BRIDGE","Name":"Fagan Creek, Burton Fraser Rd","POINT_X":-123.877653861,"POINT_Y":45.441284277400001}},{"type":"Feature","id":235,"geometry":{"type":"Point","coordinates":[-123.86943808416058,45.408347598072559]},"properties":{"FID":235,"Id":0,"Site_Type":"BRIDGE","Name":"Beaver Creek, Ekloff Rd","POINT_X":-123.86942344400001,"POINT_Y":45.4083422621}},{"type":"Feature","id":236,"geometry":{"type":"Point","coordinates":[-123.86331858287315,45.449639700738018]},"properties":{"FID":236,"Id":0,"Site_Type":"BRIDGE","Name":"Trask River, Wyss Rd","POINT_X":-123.863303935,"POINT_Y":45.449634361900003}},{"type":"Feature","id":237,"geometry":{"type":"Point","coordinates":[-123.82417175490347,45.470389934071335]},"properties":{"FID":237,"Id":0,"Site_Type":"BRIDGE","Name":"Dougherty Slough, Kiger Rd","POINT_X":-123.824157109,"POINT_Y":45.470384590000002}},{"type":"Feature","id":238,"geometry":{"type":"Point","coordinates":[-123.84442933862647,45.432819766125263]},"properties":{"FID":238,"Id":0,"Site_Type":"BRIDGE","Name":"Tillamook River Overflow, Tillamook River Rd","POINT_X":-123.844414697,"POINT_Y":45.432814426199997}},{"type":"Feature","id":239,"geometry":{"type":"Point","coordinates":[-123.94702748553482,45.273396974743591]},"properties":{"FID":239,"Id":0,"Site_Type":"BRIDGE","Name":"Sand Lake, Whalen Island Rd","POINT_X":-123.94701286199999,"POINT_Y":45.273391654000001}},{"type":"Feature","id":240,"geometry":{"type":"Point","coordinates":[-123.92489050152365,45.20168274222727]},"properties":{"FID":240,"Id":0,"Site_Type":"BRIDGE","Name":"Slough, Learned Rd","POINT_X":-123.924875896,"POINT_Y":45.201677423100001}},{"type":"Feature","id":241,"geometry":{"type":"Point","coordinates":[-123.98248099632609,45.103012631658423]},"properties":{"FID":241,"Id":0,"Site_Type":"BRIDGE","Name":"Hawk Creek, Salem Ave","POINT_X":-123.982466402,"POINT_Y":45.1030073238}},{"type":"Feature","id":242,"geometry":{"type":"Point","coordinates":[-123.84871092410596,45.47981982697393]},"properties":{"FID":242,"Id":0,"Site_Type":"BRIDGE","Name":"Wilson River Overflow, Boquist Rd","POINT_X":-123.848696272,"POINT_Y":45.479814484999999}},{"type":"Feature","id":243,"geometry":{"type":"Point","coordinates":[-123.91606702370113,45.318139207416102]},"properties":{"FID":243,"Id":0,"Site_Type":"BRIDGE","Name":"Sand Creek, Sand Lake Rd","POINT_X":-123.91605239499999,"POINT_Y":45.318133881100003}},{"type":"Feature","id":244,"geometry":{"type":"Point","coordinates":[-123.93508201985948,45.394205244510573]},"properties":{"FID":244,"Id":0,"Site_Type":"BRIDGE","Name":"Whiskey Creek, Whiskey Creek Rd","POINT_X":-123.935067373,"POINT_Y":45.394199915999998}},{"type":"Feature","id":245,"geometry":{"type":"Point","coordinates":[-123.84517917220865,45.419053738406717]},"properties":{"FID":245,"Id":0,"Site_Type":"BRIDGE","Name":"Beaver Creek, Tillamook River Rd","POINT_X":-123.845164533,"POINT_Y":45.419048399300003}},{"type":"Feature","id":246,"geometry":{"type":"Point","coordinates":[-123.84181011567831,45.414947748010867]},"properties":{"FID":246,"Id":0,"Site_Type":"BRIDGE","Name":"Sutton Creek, Weber Rd","POINT_X":-123.84179547799999,"POINT_Y":45.414942408800002}},{"type":"Feature","id":247,"geometry":{"type":"Point","coordinates":[-123.95655628377769,45.501750596882026]},"properties":{"FID":247,"Id":0,"Site_Type":"BRIDGE","Name":" ","POINT_X":-123.95654161100001,"POINT_Y":45.5017452648}},{"type":"Feature","id":248,"geometry":{"type":"Point","coordinates":[-123.95213072599731,45.501712387714626]},"properties":{"FID":248,"Id":0,"Site_Type":"BRIDGE","Name":" ","POINT_X":-123.952116054,"POINT_Y":45.501707055200001}},{"type":"Feature","id":249,"geometry":{"type":"Point","coordinates":[-123.93174286459495,45.698769373916669]},"properties":{"FID":249,"Id":0,"Site_Type":"AIRPORT","Name":"Nehalem Bay State Airport","POINT_X":-123.931728154,"POINT_Y":45.698764028900001}},{"type":"Feature","id":250,"geometry":{"type":"Point","coordinates":[-123.85304282157014,45.726194490657448]},"properties":{"FID":250,"Id":0,"Site_Type":"FIRE DEPARTMENT","Name":"Nehalem Bay Fire and Rescue","POINT_X":-123.85302811699999,"POINT_Y":45.726189136000002}},{"type":"Feature","id":251,"geometry":{"type":"Point","coordinates":[-123.96171335720695,45.19868583640887]},"properties":{"FID":251,"Id":0,"Site_Type":"AIRPORT","Name":"Pacific City State Airport","POINT_X":-123.961698747,"POINT_Y":45.198680521199996}},{"type":"Feature","id":252,"geometry":{"type":"Point","coordinates":[-123.96005459768695,45.501641447150412]},"properties":{"FID":252,"Id":0,"Site_Type":"TSUNAMI SIREN","Name":"Cape Meares","POINT_X":-123.960039925,"POINT_Y":45.501636115499998}},{"type":"Feature","id":253,"geometry":{"type":"Point","coordinates":[-123.91425194166422,45.559832855901739]},"properties":{"FID":253,"Id":0,"Site_Type":"TSUNAMI SIREN","Name":"Garibaldi","POINT_X":-123.914237263,"POINT_Y":45.559827516399999}},{"type":"Feature","id":254,"geometry":{"type":"Point","coordinates":[-123.94239550507784,45.630585689060624]},"properties":{"FID":254,"Id":0,"Site_Type":"TSUNAMI SIREN","Name":"Manhattan Beach","POINT_X":-123.942380808,"POINT_Y":45.630580348700001}},{"type":"Feature","id":255,"geometry":{"type":"Point","coordinates":[-123.94477022542343,45.618859892407862]},"properties":{"FID":255,"Id":0,"Site_Type":"TSUNAMI SIREN","Name":"Rockaway Beach","POINT_X":-123.94475552999999,"POINT_Y":45.618854552899997}},{"type":"Feature","id":256,"geometry":{"type":"Point","coordinates":[-123.9464721948199,45.60482920077775]},"properties":{"FID":256,"Id":0,"Site_Type":"TSUNAMI SIREN","Name":"Rockaway Beach","POINT_X":-123.946457502,"POINT_Y":45.6048238622}},{"type":"Feature","id":257,"geometry":{"type":"Point","coordinates":[-123.94370035895781,45.61019637582848]},"properties":{"FID":257,"Id":0,"Site_Type":"TSUNAMI SIREN","Name":"Rockaway Beach","POINT_X":-123.943685665,"POINT_Y":45.610191036700002}},{"type":"Feature","id":258,"geometry":{"type":"Point","coordinates":[-123.94743078875101,45.595694008095556]},"properties":{"FID":258,"Id":0,"Site_Type":"TSUNAMI SIREN","Name":"Twin Rocks","POINT_X":-123.94741609800001,"POINT_Y":45.595688670100003}},{"type":"Feature","id":259,"geometry":{"type":"Point","coordinates":[-123.94713119189535,45.591631785121372]},"properties":{"FID":259,"Id":0,"Site_Type":"TSUNAMI SIREN","Name":"Twin Rocks","POINT_X":-123.947116502,"POINT_Y":45.591626447300001}},{"type":"Feature","id":260,"geometry":{"type":"Point","coordinates":[-123.9142641226493,45.559790125846654]},"properties":{"FID":260,"Id":0,"Site_Type":"CITY HALL","Name":"City of Garibaldi City Hall","POINT_X":-123.91424944400001,"POINT_Y":45.5597847863}},{"type":"Feature","id":261,"geometry":{"type":"Point","coordinates":[-123.89543478595037,45.717249012687851]},"properties":{"FID":261,"Id":0,"Site_Type":"CITY HALL","Name":"Nehalem City Hall","POINT_X":-123.895420077,"POINT_Y":45.717243662900003}},{"type":"Feature","id":262,"geometry":{"type":"Point","coordinates":[-124.04137024072691,44.641679797903748]},"properties":{"FID":262,"Id":0,"Site_Type":"SCHOOL","Name":"Isaac Newton Magnet School","POINT_X":-124.04135573000001,"POINT_Y":44.641674521299997}},{"type":"Feature","id":263,"geometry":{"type":"Point","coordinates":[-124.01582024459611,44.960939798108377]},"properties":{"FID":263,"Id":0,"Site_Type":"SCHOOL","Name":"Lincoln City Career Technical High School","POINT_X":-124.01580567400001,"POINT_Y":44.960934501300002}},{"type":"Feature","id":264,"geometry":{"type":"Point","coordinates":[-124.04632527221219,44.638521725132414]},"properties":{"FID":264,"Id":0,"Site_Type":"SCHOOL","Name":"Newport High School","POINT_X":-124.046310761,"POINT_Y":44.638516449199997}},{"type":"Feature","id":265,"geometry":{"type":"Point","coordinates":[-124.00299024605815,44.980869798473478]},"properties":{"FID":265,"Id":0,"Site_Type":"SCHOOL","Name":"Oceanlake Elementary School","POINT_X":-124.00297567299999,"POINT_Y":44.980864499299997}},{"type":"Feature","id":266,"geometry":{"type":"Point","coordinates":[-123.93358992833859,44.618047083057142]},"properties":{"FID":266,"Id":0,"Site_Type":"SCHOOL","Name":"Olalla Center for Children & Families","POINT_X":-123.93357543800001,"POINT_Y":44.618041796999997}},{"type":"Feature","id":267,"geometry":{"type":"Point","coordinates":[-124.04709024072532,44.645879797926412]},"properties":{"FID":267,"Id":0,"Site_Type":"SCHOOL","Name":"Sam Case Elementary School","POINT_X":-124.047075728,"POINT_Y":44.645874521700001}},{"type":"Feature","id":268,"geometry":{"type":"Point","coordinates":[-124.01261719516546,44.929736871656473]},"properties":{"FID":268,"Id":0,"Site_Type":"SCHOOL","Name":"Taft Elementary School","POINT_X":-124.01260263099999,"POINT_Y":44.9297315763}},{"type":"Feature","id":269,"geometry":{"type":"Point","coordinates":[-124.01506024438332,44.937789798076928]},"properties":{"FID":269,"Id":0,"Site_Type":"SCHOOL","Name":"Taft High School","POINT_X":-124.015045679,"POINT_Y":44.937784502500001}},{"type":"Feature","id":270,"geometry":{"type":"Point","coordinates":[-123.92154924822465,44.633731672882021]},"properties":{"FID":270,"Id":0,"Site_Type":"SCHOOL","Name":"Toledo High School","POINT_X":-123.921534757,"POINT_Y":44.633726384699997}},{"type":"Feature","id":271,"geometry":{"type":"Point","coordinates":[-124.0670502371707,44.406159798166605]},"properties":{"FID":271,"Id":0,"Site_Type":"SCHOOL","Name":"Crestview Heights Waldport Elementary School","POINT_X":-124.067035769,"POINT_Y":44.406154537299997}},{"type":"Feature","id":272,"geometry":{"type":"Point","coordinates":[-124.05910023823796,44.42781979900073]},"properties":{"FID":272,"Id":0,"Site_Type":"SCHOOL","Name":"Waldport High School","POINT_X":-124.059085767,"POINT_Y":44.427814536100001}},{"type":"Feature","id":273,"geometry":{"type":"Point","coordinates":[-124.05335092987112,44.63439790286499]},"properties":{"FID":273,"Id":0,"Site_Type":"LAW ENFORCEMENT","Name":"Newport Police Department","POINT_X":-124.053336419,"POINT_Y":44.634392627899999}},{"type":"Feature","id":274,"geometry":{"type":"Point","coordinates":[-123.99529723847982,44.9859687481568]},"properties":{"FID":274,"Id":0,"Site_Type":"HOSPITAL","Name":"Samaritan North Lincoln Hospital","POINT_X":-123.99528266599999,"POINT_Y":44.985963447899998}},{"type":"Feature","id":275,"geometry":{"type":"Point","coordinates":[-124.05980256362909,44.629106685732523]},"properties":{"FID":275,"Id":0,"Site_Type":"HOSPITAL","Name":"Samaritan Pacific Communities Hospital","POINT_X":-124.05978805300001,"POINT_Y":44.629101411699999}},{"type":"Feature","id":276,"geometry":{"type":"Point","coordinates":[-124.06258023790538,44.427179798610865]},"properties":{"FID":276,"Id":0,"Site_Type":"FIRE DEPARTMENT","Name":"Central Oregon Coast F&R Dist","POINT_X":-124.06256576600001,"POINT_Y":44.427174536099997}},{"type":"Feature","id":277,"geometry":{"type":"Point","coordinates":[-124.03428024386213,44.875779797608935]},"properties":{"FID":277,"Id":0,"Site_Type":"FIRE DEPARTMENT","Name":"Gleneden Beach Fire Station","POINT_X":-124.034265688,"POINT_Y":44.875774507400003}},{"type":"Feature","id":278,"geometry":{"type":"Point","coordinates":[-124.00755838549908,44.983684426560238]},"properties":{"FID":278,"Id":0,"Site_Type":"FIRE DEPARTMENT","Name":"North Lincoln Fire & Rescue Bob Everest","POINT_X":-124.00754381199999,"POINT_Y":44.9836791277}},{"type":"Feature","id":279,"geometry":{"type":"Point","coordinates":[-124.01821024574176,44.964059797812112]},"properties":{"FID":279,"Id":0,"Site_Type":"FIRE DEPARTMENT","Name":"London City Fire Hall Ambulances","POINT_X":-124.018195674,"POINT_Y":44.964054501100001}},{"type":"Feature","id":280,"geometry":{"type":"Point","coordinates":[-124.01873024408397,44.932359797752163]},"properties":{"FID":280,"Id":0,"Site_Type":"FIRE DEPARTMENT","Name":"North Lincoln Fire & Rescue Taft","POINT_X":-124.018715679,"POINT_Y":44.932354502800003}},{"type":"Feature","id":281,"geometry":{"type":"Point","coordinates":[-123.94466024356406,44.884559798009477]},"properties":{"FID":281,"Id":0,"Site_Type":"FIRE DEPARTMENT","Name":"North Lincoln Fire & Rescue - Kernville Station","POINT_X":-123.94464569900001,"POINT_Y":44.884554498200004}},{"type":"Feature","id":282,"geometry":{"type":"Point","coordinates":[-123.94713024665975,45.024479797759504]},"properties":{"FID":282,"Id":0,"Site_Type":"FIRE DEPARTMENT","Name":"North Lincoln Fire & Rescue - Otis Fire Dept.","POINT_X":-123.947115674,"POINT_Y":45.024474490499998}},{"type":"Feature","id":283,"geometry":{"type":"Point","coordinates":[-124.08131023845411,44.499259798148799]},"properties":{"FID":283,"Id":0,"Site_Type":"FIRE DEPARTMENT","Name":"Seal Rock RFPD","POINT_X":-124.08129575,"POINT_Y":44.4992545335}},{"type":"Feature","id":284,"geometry":{"type":"Point","coordinates":[-124.0751702383328,44.440879799136226]},"properties":{"FID":284,"Id":0,"Site_Type":"FIRE DEPARTMENT","Name":"Seal Rock RFPD - Bayshore Station","POINT_X":-124.07515576199999,"POINT_Y":44.440874537100001}},{"type":"Feature","id":285,"geometry":{"type":"Point","coordinates":[-124.08018990558715,44.418120978730045]},"properties":{"FID":285,"Id":0,"Site_Type":"FIRE DEPARTMENT","Name":"Yachats RFPD","POINT_X":-124.08017543299999,"POINT_Y":44.418115718499998}},{"type":"Feature","id":286,"geometry":{"type":"Point","coordinates":[-124.10472023596118,44.311139798997075]},"properties":{"FID":286,"Id":0,"Site_Type":"FIRE DEPARTMENT","Name":"Yachats RFPD & S. Lincoln Ambulance Service","POINT_X":-124.10470578,"POINT_Y":44.311134547199998}},{"type":"Feature","id":287,"geometry":{"type":"Point","coordinates":[-124.0552002416679,44.643519798185878]},"properties":{"FID":287,"Id":0,"Site_Type":"FIRE DEPARTMENT","Name":"Newport FD - Station 1","POINT_X":-124.055185729,"POINT_Y":44.643514522899999}},{"type":"Feature","id":288,"geometry":{"type":"Point","coordinates":[-123.93460753178795,44.629147119435807]},"properties":{"FID":288,"Id":0,"Site_Type":"FIRE DEPARTMENT","Name":"Toledo Fire Department","POINT_X":-123.93459303900001,"POINT_Y":44.629141832800002}},{"type":"Feature","id":289,"geometry":{"type":"Point","coordinates":[-124.01116024493055,44.96162979790693]},"properties":{"FID":289,"Id":0,"Site_Type":"LAW ENFORCEMENT","Name":"Lincoln City Police Department","POINT_X":-124.01114567499999,"POINT_Y":44.961624500600003}},{"type":"Feature","id":290,"geometry":{"type":"Point","coordinates":[-123.93987024169317,44.62446979939228]},"properties":{"FID":290,"Id":0,"Site_Type":"LAW ENFORCEMENT","Name":"Toledo Police Department","POINT_X":-123.939855749,"POINT_Y":44.624464513600003}},{"type":"Feature","id":291,"geometry":{"type":"Point","coordinates":[-124.05486024096676,44.636209798606181]},"properties":{"FID":291,"Id":0,"Site_Type":"LAW ENFORCEMENT","Name":"Lincoln County Sheriff's Office/LINCOLN CO EMERGENCY SERVICES","POINT_X":-124.05484572899999,"POINT_Y":44.636204523700002}},{"type":"Feature","id":292,"geometry":{"type":"Point","coordinates":[-124.05547938388978,44.746870023665991]},"properties":{"FID":292,"Id":0,"Site_Type":"FIRE DEPARTMENT","Name":"OTTER ROCK STATION-2400","POINT_X":-124.05546485000001,"POINT_Y":44.746864742699998}},{"type":"Feature","id":293,"geometry":{"type":"Point","coordinates":[-124.06181329579226,44.80747516489]},"properties":{"FID":293,"Id":0,"Site_Type":"FIRE DEPARTMENT","Name":"DEPOE BAY STATION--2300","POINT_X":-124.061798749,"POINT_Y":44.807469881199999}},{"type":"Feature","id":294,"geometry":{"type":"Point","coordinates":[-123.90170718374408,44.412191008516999]},"properties":{"FID":294,"Id":0,"Site_Type":"FIRE DEPARTMENT","Name":"CENTRAL OREGON COAST FIRE AND RESCUE DISTRICT 7 STATION 7300","POINT_X":-123.90169273799999,"POINT_Y":44.412185730899999}},{"type":"Feature","id":295,"geometry":{"type":"Point","coordinates":[-124.01232209318314,44.960603338569648]},"properties":{"FID":295,"Id":0,"Site_Type":"FIRE DEPARTMENT","Name":"Delake Fire Station","POINT_X":-124.012307523,"POINT_Y":44.960598041499999}},{"type":"Feature","id":296,"geometry":{"type":"Point","coordinates":[-124.06221922345803,44.690340320054219]},"properties":{"FID":296,"Id":0,"Site_Type":"LAW ENFORCEMENT","Name":"OREGON STATE POLICE - NEWPORT","POINT_X":-124.0622047,"POINT_Y":44.690335042900003}},{"type":"Feature","id":297,"geometry":{"type":"Point","coordinates":[-123.9347378198019,44.633053692412275]},"properties":{"FID":297,"Id":0,"Site_Type":"SCHOOL","Name":"Mid Coast Christian School","POINT_X":-123.934723327,"POINT_Y":44.6330484056}},{"type":"Feature","id":298,"geometry":{"type":"Point","coordinates":[-124.00190738328442,44.980161217497184]},"properties":{"FID":298,"Id":0,"Site_Type":"SCHOOL","Name":"Lincoln City Seventh Day Adventist Junior Academy","POINT_X":-124.001892811,"POINT_Y":44.980155918299999}},{"type":"Feature","id":299,"geometry":{"type":"Point","coordinates":[-124.06315901018796,44.586843305845612]},"properties":{"FID":299,"Id":0,"Site_Type":"FIRE DEPARTMENT","Name":"Fire Station 10, South Beach","POINT_X":-124.063144507,"POINT_Y":44.586838034499998}},{"type":"Feature","id":300,"geometry":{"type":"Point","coordinates":[-124.01900698170022,44.938645641805863]},"properties":{"FID":300,"Id":0,"Site_Type":"SCHOOL","Name":"Oregon Coast Community College","POINT_X":-124.018992415,"POINT_Y":44.938640346600003}},{"type":"Feature","id":301,"geometry":{"type":"Point","coordinates":[-124.04406498380921,44.621861455128965]},"properties":{"FID":301,"Id":0,"Site_Type":"SCHOOL","Name":"Oregon State University Marine Science Center","POINT_X":-124.044050477,"POINT_Y":44.6218561799}},{"type":"Feature","id":302,"geometry":{"type":"Point","coordinates":[-123.92030254205524,44.617540591509922]},"properties":{"FID":302,"Id":0,"Site_Type":"SCHOOL","Name":"Toledo Elementary School","POINT_X":-123.920288054,"POINT_Y":44.617535304100002}},{"type":"Feature","id":303,"geometry":{"type":"Point","coordinates":[-124.01617883790937,44.967566906784569]},"properties":{"FID":303,"Id":0,"Site_Type":"BRIDGE","Name":"Devils Lake Outlet, Hwy 9 (D River)","POINT_X":-124.016164266,"POINT_Y":44.967561609699999}},{"type":"Feature","id":304,"geometry":{"type":"Point","coordinates":[-124.01389230427304,44.925756169505867]},"properties":{"FID":304,"Id":0,"Site_Type":"BRIDGE","Name":"Schooner Creek, Hwy 9","POINT_X":-124.013877741,"POINT_Y":44.925750874499997}},{"type":"Feature","id":305,"geometry":{"type":"Point","coordinates":[-124.00502518831789,44.912384230319496]},"properties":{"FID":305,"Id":0,"Site_Type":"BRIDGE","Name":"Drift Creek, Hwy 9","POINT_X":-124.005010629,"POINT_Y":44.912378935100001}},{"type":"Feature","id":306,"geometry":{"type":"Point","coordinates":[-124.0712568984511,44.778354256367017]},"properties":{"FID":306,"Id":0,"Site_Type":"BRIDGE","Name":"Rocky Creek, Hwy 1 Frtg Rd Rt (Ben Jones)","POINT_X":-124.071242356,"POINT_Y":44.778348975199997}},{"type":"Feature","id":307,"geometry":{"type":"Point","coordinates":[-124.10001482465124,44.307616835054318]},"properties":{"FID":307,"Id":0,"Site_Type":"BRIDGE","Name":"Yachats River, Hwy 9","POINT_X":-124.10000037,"POINT_Y":44.307611583000003}},{"type":"Feature","id":308,"geometry":{"type":"Point","coordinates":[-124.10826258975609,44.290964085764458]},"properties":{"FID":308,"Id":0,"Site_Type":"BRIDGE","Name":"Cape Perpetua Half Viaduct, Hwy 9","POINT_X":-124.108248137,"POINT_Y":44.2909588355}},{"type":"Feature","id":309,"geometry":{"type":"Point","coordinates":[-124.04667760545189,44.655260802286868]},"properties":{"FID":309,"Id":0,"Site_Type":"BRIDGE","Name":"Big Creek, Big Creek Rd","POINT_X":-124.046663091,"POINT_Y":44.655255525500003}},{"type":"Feature","id":310,"geometry":{"type":"Point","coordinates":[-124.07013376537624,44.520592559113091]},"properties":{"FID":310,"Id":0,"Site_Type":"BRIDGE","Name":"Beaver Creek, Hwy 9 at MP 149.02","POINT_X":-124.07011927400001,"POINT_Y":44.520587292099997}},{"type":"Feature","id":311,"geometry":{"type":"Point","coordinates":[-124.0898294028287,44.370563101662796]},"properties":{"FID":311,"Id":0,"Site_Type":"BRIDGE","Name":"Big Creek, Hwy 9 at MP 160.15","POINT_X":-124.089814938,"POINT_Y":44.370557845100002}},{"type":"Feature","id":312,"geometry":{"type":"Point","coordinates":[-123.91623433435575,44.877224087887242]},"properties":{"FID":312,"Id":0,"Site_Type":"BRIDGE","Name":"Skunk Creek, Hwy 181","POINT_X":-123.916219795,"POINT_Y":44.8772187856}},{"type":"Feature","id":313,"geometry":{"type":"Point","coordinates":[-123.98866993637242,44.411717970303748]},"properties":{"FID":313,"Id":0,"Site_Type":"BRIDGE","Name":"Southworth Creek, Hwy 27","POINT_X":-123.988655478,"POINT_Y":44.411712701299997}},{"type":"Feature","id":314,"geometry":{"type":"Point","coordinates":[-123.94954035100834,44.40564006788172]},"properties":{"FID":314,"Id":0,"Site_Type":"BRIDGE","Name":"Arnold Creek, Hwy 27","POINT_X":-123.9495259,"POINT_Y":44.405634795399997}},{"type":"Feature","id":315,"geometry":{"type":"Point","coordinates":[-124.07032206459644,44.43192333020383]},"properties":{"FID":315,"Id":0,"Site_Type":"BRIDGE","Name":"Alsea Bay, Hwy 9","POINT_X":-124.070307591,"POINT_Y":44.431918068199998}},{"type":"Feature","id":316,"geometry":{"type":"Point","coordinates":[-124.05545512124591,44.621399994840289]},"properties":{"FID":316,"Id":0,"Site_Type":"BRIDGE","Name":"Yaquina Bay, Hwy 9","POINT_X":-124.055440612,"POINT_Y":44.621394720799998}},{"type":"Feature","id":317,"geometry":{"type":"Point","coordinates":[-123.9633743482984,44.823363020881729]},"properties":{"FID":317,"Id":0,"Site_Type":"BRIDGE","Name":"Root Creek, Hwy 181","POINT_X":-123.963359813,"POINT_Y":44.823357726399998}},{"type":"Feature","id":318,"geometry":{"type":"Point","coordinates":[-123.9258365950557,44.634696902393692]},"properties":{"FID":318,"Id":0,"Site_Type":"BRIDGE","Name":"West Olalla Slough, Hwy 33 Frtg Rd at MP F8.17","POINT_X":-123.925822103,"POINT_Y":44.634691614600001}},{"type":"Feature","id":319,"geometry":{"type":"Point","coordinates":[-124.06194040169567,44.809591037466795]},"properties":{"FID":319,"Id":0,"Site_Type":"BRIDGE","Name":"Depoe Bay, Hwy 9","POINT_X":-124.061925855,"POINT_Y":44.809585753699999}},{"type":"Feature","id":320,"geometry":{"type":"Point","coordinates":[-123.9426454272004,44.405015081229728]},"properties":{"FID":320,"Id":0,"Site_Type":"BRIDGE","Name":"Alsea River, Hwy 27","POINT_X":-123.94263097699999,"POINT_Y":44.405009808099997}},{"type":"Feature","id":321,"geometry":{"type":"Point","coordinates":[-124.02645871635465,44.887673448688432]},"properties":{"FID":321,"Id":0,"Site_Type":"BRIDGE","Name":"Sijota Creek & Golf Access, Hwy 9","POINT_X":-124.02644415899999,"POINT_Y":44.887668157}},{"type":"Feature","id":322,"geometry":{"type":"Point","coordinates":[-124.05103288703469,44.839067823591506]},"properties":{"FID":322,"Id":0,"Site_Type":"BRIDGE","Name":"Fogarty Creek, Hwy 9","POINT_X":-124.051018336,"POINT_Y":44.839062537099998}},{"type":"Feature","id":323,"geometry":{"type":"Point","coordinates":[-124.05800020503298,44.430565246914803]},"properties":{"FID":323,"Id":0,"Site_Type":"BRIDGE","Name":"Lint Creek (Indian Slough), Hwy 27","POINT_X":-124.057985733,"POINT_Y":44.430559983800002}},{"type":"Feature","id":324,"geometry":{"type":"Point","coordinates":[-124.04587830105658,44.42222323041797]},"properties":{"FID":324,"Id":0,"Site_Type":"BRIDGE","Name":"McKinney Slough, Hwy 27","POINT_X":-124.045863833,"POINT_Y":44.4222179665}},{"type":"Feature","id":325,"geometry":{"type":"Point","coordinates":[-123.90335185978138,45.002545730420323]},"properties":{"FID":325,"Id":0,"Site_Type":"BRIDGE","Name":"Bear Creek, Hwy 39","POINT_X":-123.903337298,"POINT_Y":45.002540420000003}},{"type":"Feature","id":326,"geometry":{"type":"Point","coordinates":[-123.99125786977696,44.631016725925171]},"properties":{"FID":326,"Id":0,"Site_Type":"BRIDGE","Name":"Beaver Creek, Hwy 33 at MP 3.23","POINT_X":-123.991243369,"POINT_Y":44.631011444899997}},{"type":"Feature","id":327,"geometry":{"type":"Point","coordinates":[-123.97537497339459,44.62519679066655]},"properties":{"FID":327,"Id":0,"Site_Type":"BRIDGE","Name":"Beaver Creek, Hwy 33 at MP 4.19","POINT_X":-123.97536047600001,"POINT_Y":44.6251915084}},{"type":"Feature","id":328,"geometry":{"type":"Point","coordinates":[-123.97006404804166,44.626904799364752]},"properties":{"FID":328,"Id":0,"Site_Type":"BRIDGE","Name":"Beaver Creek, Hwy 33 at MP 4.47","POINT_X":-123.970049551,"POINT_Y":44.626899516500004}},{"type":"Feature","id":329,"geometry":{"type":"Point","coordinates":[-123.95349425900554,44.630216835568191]},"properties":{"FID":329,"Id":0,"Site_Type":"BRIDGE","Name":"Little Beaver Creek, Hwy 33","POINT_X":-123.95347976399999,"POINT_Y":44.630211550799999}},{"type":"Feature","id":330,"geometry":{"type":"Point","coordinates":[-123.94872243381683,44.64209381324563]},"properties":{"FID":330,"Id":0,"Site_Type":"BRIDGE","Name":"Depot Creek, Hwy 181 at MP 30.63","POINT_X":-123.94870793699999,"POINT_Y":44.642088527299997}},{"type":"Feature","id":331,"geometry":{"type":"Point","coordinates":[-123.94713937631555,44.635010839094448]},"properties":{"FID":331,"Id":0,"Site_Type":"BRIDGE","Name":"Depot Creek, Hwy 181 at MP 31.14","POINT_X":-123.94712488099999,"POINT_Y":44.635005553399999}},{"type":"Feature","id":332,"geometry":{"type":"Point","coordinates":[-124.11036455108825,44.289664119843351]},"properties":{"FID":332,"Id":0,"Site_Type":"BRIDGE","Name":"Cape Perpetua Half Viaduct, Hwy 9 at MP 166.48","POINT_X":-124.110350099,"POINT_Y":44.2896588698}},{"type":"Feature","id":333,"geometry":{"type":"Point","coordinates":[-123.96759887219569,45.024256183535954]},"properties":{"FID":333,"Id":0,"Site_Type":"BRIDGE","Name":"Salmon River, Hwy 9","POINT_X":-123.967584296,"POINT_Y":45.024250878399997}},{"type":"Feature","id":334,"geometry":{"type":"Point","coordinates":[-124.00767800405318,44.899612320260331]},"properties":{"FID":334,"Id":0,"Site_Type":"BRIDGE","Name":"Siletz River, Hwy 9","POINT_X":-124.007663447,"POINT_Y":44.899607025999998}},{"type":"Feature","id":335,"geometry":{"type":"Point","coordinates":[-123.96935480337744,45.020109134932973]},"properties":{"FID":335,"Id":0,"Site_Type":"BRIDGE","Name":"Sign Cantilever Br, Hwy 39 WB at MP 0.27","POINT_X":-123.96934022799999,"POINT_Y":45.0201038302}},{"type":"Feature","id":336,"geometry":{"type":"Point","coordinates":[-124.00292084491679,44.961847904773897]},"properties":{"FID":336,"Id":0,"Site_Type":"BRIDGE","Name":"Creek, East Devils Lake Rd","POINT_X":-124.002906276,"POINT_Y":44.961842606600001}},{"type":"Feature","id":337,"geometry":{"type":"Point","coordinates":[-124.00041185669313,44.961619898395206]},"properties":{"FID":337,"Id":0,"Site_Type":"BRIDGE","Name":"Rock Creek, East Devils Lake Rd","POINT_X":-124.000397288,"POINT_Y":44.961614599999997}},{"type":"Feature","id":338,"geometry":{"type":"Point","coordinates":[-123.99039104957107,45.042353087742342]},"properties":{"FID":338,"Id":0,"Site_Type":"BRIDGE","Name":"Crowley Creek, Three Rocks Rd","POINT_X":-123.990376466,"POINT_Y":45.042347783899999}},{"type":"Feature","id":339,"geometry":{"type":"Point","coordinates":[-123.97465968290419,44.936484295943622]},"properties":{"FID":339,"Id":0,"Site_Type":"BRIDGE","Name":"Schooner Creek, Anderson Creek Rd","POINT_X":-123.974645123,"POINT_Y":44.936478996300004}},{"type":"Feature","id":340,"geometry":{"type":"Point","coordinates":[-123.98148939013527,44.916595350675152]},"properties":{"FID":340,"Id":0,"Site_Type":"BRIDGE","Name":"Drift Creek North, Drift Creek Rd","POINT_X":-123.981474834,"POINT_Y":44.916590052899998}},{"type":"Feature","id":341,"geometry":{"type":"Point","coordinates":[-124.02281207828123,44.502805323203603]},"properties":{"FID":341,"Id":0,"Site_Type":"BRIDGE","Name":"Worth Creek, Beaver Valley Dr","POINT_X":-124.022797598,"POINT_Y":44.5028000525}},{"type":"Feature","id":342,"geometry":{"type":"Point","coordinates":[-124.0520618424152,44.510386488196914]},"properties":{"FID":342,"Id":0,"Site_Type":"BRIDGE","Name":"Beaver Creek, South Beaver Creek Rd","POINT_X":-124.052047356,"POINT_Y":44.510381219999999}},{"type":"Feature","id":343,"geometry":{"type":"Point","coordinates":[-124.04233385632266,44.502397458417462]},"properties":{"FID":343,"Id":0,"Site_Type":"BRIDGE","Name":"South Fork Beaver Creek, South Beaver Creek Rd","POINT_X":-124.042319373,"POINT_Y":44.502392189699997}},{"type":"Feature","id":344,"geometry":{"type":"Point","coordinates":[-124.0033875745752,44.52756109917852]},"properties":{"FID":344,"Id":0,"Site_Type":"BRIDGE","Name":"North Fork Beaver Creek, North Beaver Creek Rd","POINT_X":-124.003373092,"POINT_Y":44.527555825199997}},{"type":"Feature","id":345,"geometry":{"type":"Point","coordinates":[-123.92889764789847,44.642963869578431]},"properties":{"FID":345,"Id":0,"Site_Type":"BRIDGE","Name":"Ollalie Creek, Mossy Lane Rd #563","POINT_X":-123.928883154,"POINT_Y":44.642958581599999}},{"type":"Feature","id":346,"geometry":{"type":"Point","coordinates":[-123.87389001474617,44.62141408173823]},"properties":{"FID":346,"Id":0,"Site_Type":"BRIDGE","Name":"Big Elk Creek, Elk City Rd","POINT_X":-123.873875533,"POINT_Y":44.621408789500002}},{"type":"Feature","id":347,"geometry":{"type":"Point","coordinates":[-123.91083633222458,44.592517056197281]},"properties":{"FID":347,"Id":0,"Site_Type":"BRIDGE","Name":"Mill Creek, Elk City Rd","POINT_X":-123.91082185,"POINT_Y":44.592511769300003}},{"type":"Feature","id":348,"geometry":{"type":"Point","coordinates":[-123.94575025465926,44.622013882815899]},"properties":{"FID":348,"Id":0,"Site_Type":"BRIDGE","Name":"Depoe Slough, Yuina BayRd","POINT_X":-123.945735762,"POINT_Y":44.622008597700002}},{"type":"Feature","id":349,"geometry":{"type":"Point","coordinates":[-123.93508623483196,44.609096949516733]},"properties":{"FID":349,"Id":0,"Site_Type":"BRIDGE","Name":"Yaquina River, Butler Bridge Rd","POINT_X":-123.93507174600001,"POINT_Y":44.609091664099999}},{"type":"Feature","id":350,"geometry":{"type":"Point","coordinates":[-124.00821253786098,44.52898612414846]},"properties":{"FID":350,"Id":0,"Site_Type":"BRIDGE","Name":"North Beaver Creek, Wolkau Rd","POINT_X":-124.008198054,"POINT_Y":44.528980850499998}},{"type":"Feature","id":351,"geometry":{"type":"Point","coordinates":[-124.0130422749851,44.510486226863584]},"properties":{"FID":351,"Id":0,"Site_Type":"BRIDGE","Name":"North Fork Beaver Creek, North Beaver Creek Rd","POINT_X":-124.013027794,"POINT_Y":44.510480954800002}},{"type":"Feature","id":352,"geometry":{"type":"Point","coordinates":[-123.97387379407351,45.020837092810993]},"properties":{"FID":352,"Id":0,"Site_Type":"BRIDGE","Name":"Hwy 39 over Hwy 9","POINT_X":-123.973859218,"POINT_Y":45.020831788499997}},{"type":"Feature","id":353,"geometry":{"type":"Point","coordinates":[-123.98862430550973,44.577746919725044]},"properties":{"FID":353,"Id":0,"Site_Type":"BRIDGE","Name":"Slough, Yaquina Bay Rd","POINT_X":-123.988609815,"POINT_Y":44.577741641400003}},{"type":"Feature","id":354,"geometry":{"type":"Point","coordinates":[-123.99472427251956,44.58086689538991]},"properties":{"FID":354,"Id":0,"Site_Type":"BRIDGE","Name":"Slough, Yaquina Bay Rd","POINT_X":-123.994709781,"POINT_Y":44.580861617499998}},{"type":"Feature","id":355,"geometry":{"type":"Point","coordinates":[-124.01581315078265,44.589724934095017]},"properties":{"FID":355,"Id":0,"Site_Type":"BRIDGE","Name":"Parker Slough, Yaquina Bay Rd","POINT_X":-124.01579865399999,"POINT_Y":44.589719657800003}},{"type":"Feature","id":356,"geometry":{"type":"Point","coordinates":[-123.97465476453006,45.019073071174112]},"properties":{"FID":356,"Id":0,"Site_Type":"BRIDGE","Name":"Sign Truss Br, Hwy 9 at MP 105.22","POINT_X":-123.974640188,"POINT_Y":45.019067767000003}},{"type":"Feature","id":357,"geometry":{"type":"Point","coordinates":[-123.96263843029831,44.829570990862656]},"properties":{"FID":357,"Id":0,"Site_Type":"BRIDGE","Name":"Davis Creek, Hwy 181 (Skalada)","POINT_X":-123.962623894,"POINT_Y":44.829565695900001}},{"type":"Feature","id":358,"geometry":{"type":"Point","coordinates":[-124.11223443444895,44.277336266856281]},"properties":{"FID":358,"Id":0,"Site_Type":"BRIDGE","Name":"Cooks Chasm, Hwy 9","POINT_X":-124.11221998400001,"POINT_Y":44.2773310177}},{"type":"Feature","id":359,"geometry":{"type":"Point","coordinates":[-124.03254183110796,44.482425564944407]},"properties":{"FID":359,"Id":0,"Site_Type":"BRIDGE","Name":"S Fork Beaver Creek, S Beaver Creek Rd at MP 2.65","POINT_X":-124.03252735300001,"POINT_Y":44.482420296400001}},{"type":"Feature","id":360,"geometry":{"type":"Point","coordinates":[-124.03268382456329,44.481736571758049]},"properties":{"FID":360,"Id":0,"Site_Type":"BRIDGE","Name":"S Fork Beaver Creek, S Beaver Creek Rd at MP 2.75","POINT_X":-124.03266934600001,"POINT_Y":44.4817313032}},{"type":"Feature","id":361,"geometry":{"type":"Point","coordinates":[-124.03337279493699,44.47809761103413]},"properties":{"FID":361,"Id":0,"Site_Type":"BRIDGE","Name":"Oliver Creek, S Beaver Creek Rd","POINT_X":-124.03335831699999,"POINT_Y":44.478092342799997}},{"type":"Feature","id":362,"geometry":{"type":"Point","coordinates":[-124.05547538798206,44.728404497808064]},"properties":{"FID":362,"Id":0,"Site_Type":"BRIDGE","Name":"Spencer Creek, Park Rd","POINT_X":-124.055460858,"POINT_Y":44.728399217800003}},{"type":"Feature","id":363,"geometry":{"type":"Point","coordinates":[-124.01425085199152,44.967791899317859]},"properties":{"FID":363,"Id":0,"Site_Type":"BRIDGE","Name":"Drainage Channel, NE 1st St","POINT_X":-124.01423628000001,"POINT_Y":44.967786601999997}},{"type":"Feature","id":364,"geometry":{"type":"Point","coordinates":[-123.92770153472755,44.395043184509177]},"properties":{"FID":364,"Id":0,"Site_Type":"BRIDGE","Name":"Canal Creek, Aldersprings Road","POINT_X":-123.927687089,"POINT_Y":44.395037910399999}},{"type":"Feature","id":365,"geometry":{"type":"Point","coordinates":[-124.05729438414734,44.72941049814289]},"properties":{"FID":365,"Id":0,"Site_Type":"BRIDGE","Name":"Spencer Creek, Hwy 9","POINT_X":-124.057279854,"POINT_Y":44.729405218300002}},{"type":"Feature","id":366,"geometry":{"type":"Point","coordinates":[-124.06374552939167,44.819995976839898]},"properties":{"FID":366,"Id":0,"Site_Type":"BRIDGE","Name":"Pirates Cove Sidewalk Ext, Hwy 9 at MP 126.94","POINT_X":-124.06373098,"POINT_Y":44.819990692700003}},{"type":"Feature","id":367,"geometry":{"type":"Point","coordinates":[-124.01404688676328,44.89406237400312]},"properties":{"FID":367,"Id":0,"Site_Type":"BRIDGE","Name":"Millport Slough   Hwy 009 at MP 120.84","POINT_X":-124.01403233000001,"POINT_Y":44.894057080700001}},{"type":"Feature","id":368,"geometry":{"type":"Point","coordinates":[-123.93916697672627,44.588518998984249]},"properties":{"FID":368,"Id":0,"Site_Type":"BRIDGE","Name":"Montgomery Creek Bridge   South Bay Rd at MP 1.50","POINT_X":-123.93915249200001,"POINT_Y":44.5885137151}},{"type":"Feature","id":369,"geometry":{"type":"Point","coordinates":[-123.93563906998142,44.593738992765054]},"properties":{"FID":369,"Id":0,"Site_Type":"BRIDGE","Name":"Babcock Creek bridge  South Bay Rd at MP 1.09","POINT_X":-123.935624584,"POINT_Y":44.5937337083}},{"type":"Feature","id":370,"geometry":{"type":"Point","coordinates":[-124.10870958925686,44.291728082784971]},"properties":{"FID":370,"Id":0,"Site_Type":"BRIDGE","Name":"Amanda Bridge over Amanda Creek","POINT_X":-124.108695137,"POINT_Y":44.2917228325}},{"type":"Feature","id":371,"geometry":{"type":"Point","coordinates":[-124.0418560053788,44.514608400869392]},"properties":{"FID":371,"Id":0,"Site_Type":"BRIDGE","Name":"Beaver Creek Bridge 1 OPRD","POINT_X":-124.04184152000001,"POINT_Y":44.514603131400001}},{"type":"Feature","id":372,"geometry":{"type":"Point","coordinates":[-123.94456600637456,45.02676744145748]},"properties":{"FID":372,"Id":0,"Site_Type":"BRIDGE","Name":"Deer Creek, Old Scenic Hwy 101","POINT_X":-123.944551433,"POINT_Y":45.0267621339}},{"type":"Feature","id":373,"geometry":{"type":"Point","coordinates":[-123.99803514741356,44.983039779360439]},"properties":{"FID":373,"Id":0,"Site_Type":"BRIDGE","Name":"Devils Lake Creek, W Devils Lake Rd","POINT_X":-123.998020575,"POINT_Y":44.983034479600001}},{"type":"Feature","id":374,"geometry":{"type":"Point","coordinates":[-123.99940933441881,44.920745167287116]},"properties":{"FID":374,"Id":0,"Site_Type":"BRIDGE","Name":"Drift Creek North, Gorton Rd","POINT_X":-123.999394774,"POINT_Y":44.920739871099997}},{"type":"Feature","id":375,"geometry":{"type":"Point","coordinates":[-123.89973336540888,44.583355104971588]},"properties":{"FID":375,"Id":0,"Site_Type":"BRIDGE","Name":"Mill Creek, Local Rd","POINT_X":-123.89971888700001,"POINT_Y":44.5833498175}},{"type":"Feature","id":376,"geometry":{"type":"Point","coordinates":[-123.99821989970356,44.424842843849852]},"properties":{"FID":376,"Id":0,"Site_Type":"BRIDGE","Name":"Drift Creek South, May Rd","POINT_X":-123.998205438,"POINT_Y":44.4248375751}},{"type":"Feature","id":377,"geometry":{"type":"Point","coordinates":[-123.99646692276067,44.8874204056252]},"properties":{"FID":377,"Id":0,"Site_Type":"BRIDGE","Name":"Millport Slough, Millport Slough Rd","POINT_X":-123.99645237,"POINT_Y":44.887415110900001}},{"type":"Feature","id":378,"geometry":{"type":"Point","coordinates":[-123.92770153472755,44.395043184509177]},"properties":{"FID":378,"Id":0,"Site_Type":"BRIDGE","Name":"Canal Creek, Alder Springs Rd","POINT_X":-123.927687089,"POINT_Y":44.395037910399999}},{"type":"Feature","id":379,"geometry":{"type":"Point","coordinates":[-123.94649094727207,45.02314539649614]},"properties":{"FID":379,"Id":0,"Site_Type":"BRIDGE","Name":"Salmon River, Old Scenic Hwy 101","POINT_X":-123.946476375,"POINT_Y":45.0231400893}},{"type":"Feature","id":380,"geometry":{"type":"Point","coordinates":[-124.07873736478861,44.676661977816977]},"properties":{"FID":380,"Id":0,"Site_Type":"LIGHTHOUSE","Name":"Yaquina Head Lighthouse","POINT_X":-124.078722842,"POINT_Y":44.676656702999999}},{"type":"Feature","id":381,"geometry":{"type":"Point","coordinates":[-124.04152982594923,44.633835261747642]},"properties":{"FID":381,"Id":0,"Site_Type":"SCHOOL","Name":"Yaquina View School","POINT_X":-124.04151531700001,"POINT_Y":44.633829985600002}},{"type":"Feature","id":382,"geometry":{"type":"Point","coordinates":[-124.0635420554659,44.624983724309203]},"properties":{"FID":382,"Id":0,"Site_Type":"LIGHTHOUSE","Name":"Yaquina Bay Lighthouse","POINT_X":-124.063527545,"POINT_Y":44.624978450900002}},{"type":"Feature","id":383,"geometry":{"type":"Point","coordinates":[-124.04666552267219,44.603170990816849]},"properties":{"FID":383,"Id":0,"Site_Type":"SCHOOL","Name":"Oregon Coast Community College","POINT_X":-124.046651019,"POINT_Y":44.603165716900001}},{"type":"Feature","id":384,"geometry":{"type":"Point","coordinates":[-124.05896430809172,44.579013813256054]},"properties":{"FID":384,"Id":0,"Site_Type":"AIRPORT","Name":"Newport Municipal Airport","POINT_X":-124.058949807,"POINT_Y":44.579008541900002}},{"type":"Feature","id":385,"geometry":{"type":"Point","coordinates":[-124.04602126576518,44.631753590777798]},"properties":{"FID":385,"Id":0,"Site_Type":"LAW ENFORCEMENT","Name":"UNITED STATES CUSTOMS AND BORDER PROTECTION","POINT_X":-124.046006756,"POINT_Y":44.631748315199999}},{"type":"Feature","id":386,"geometry":{"type":"Point","coordinates":[-124.05636842925028,44.62594771138771]},"properties":{"FID":386,"Id":0,"Site_Type":"COAST GUARD","Name":"Coast Guard Station Yaquina Bay","POINT_X":-124.056353919,"POINT_Y":44.625942437200003}},{"type":"Feature","id":387,"geometry":{"type":"Point","coordinates":[-124.10455023308742,43.986209799633315]},"properties":{"FID":387,"Id":0,"Site_Type":"SCHOOL","Name":"Siuslaw Elementary School","POINT_X":-124.10453583899999,"POINT_Y":43.986204566300003}},{"type":"Feature","id":388,"geometry":{"type":"Point","coordinates":[-124.1058802330105,43.992069799140978]},"properties":{"FID":388,"Id":0,"Site_Type":"SCHOOL","Name":"Siuslaw High School","POINT_X":-124.105865838,"POINT_Y":43.992064565600003}},{"type":"Feature","id":389,"geometry":{"type":"Point","coordinates":[-124.10472023171387,43.988649800198893]},"properties":{"FID":389,"Id":0,"Site_Type":"SCHOOL","Name":"Siuslaw Middle School","POINT_X":-124.104705837,"POINT_Y":43.988644566700003}},{"type":"Feature","id":390,"geometry":{"type":"Point","coordinates":[-124.09924023306513,44.005749799326736]},"properties":{"FID":390,"Id":0,"Site_Type":"LAW ENFORCEMENT","Name":"Oregon State Police","POINT_X":-124.099225836,"POINT_Y":44.005744564300002}},{"type":"Feature","id":391,"geometry":{"type":"Point","coordinates":[-124.11740023161403,43.973179799610286]},"properties":{"FID":391,"Id":0,"Site_Type":"HOSPITAL","Name":"Peace Harbor Hospital","POINT_X":-124.117385838,"POINT_Y":43.973174568300003}},{"type":"Feature","id":392,"geometry":{"type":"Point","coordinates":[-123.86358023477253,44.03641980071275]},"properties":{"FID":392,"Id":0,"Site_Type":"FIRE DEPARTMENT","Name":"Mapleton Fire Station","POINT_X":-123.86356586700001,"POINT_Y":44.036414540899997}},{"type":"Feature","id":393,"geometry":{"type":"Point","coordinates":[-124.09597536929347,44.051574475401885]},"properties":{"FID":393,"Id":0,"Site_Type":"FIRE DEPARTMENT","Name":"Siuslaw Valley F & R - Station 4","POINT_X":-124.095960964,"POINT_Y":44.051569237499997}},{"type":"Feature","id":394,"geometry":{"type":"Point","coordinates":[-124.10703023257074,43.967809799973992]},"properties":{"FID":394,"Id":0,"Site_Type":"FIRE DEPARTMENT","Name":"Siuslaw Valley F & R - Station 2","POINT_X":-124.107015842,"POINT_Y":43.967804567899996}},{"type":"Feature","id":395,"geometry":{"type":"Point","coordinates":[-124.10157023120392,43.89807980022816]},"properties":{"FID":395,"Id":0,"Site_Type":"FIRE DEPARTMENT","Name":"Siuslaw Valley F & R - Station 8","POINT_X":-124.101555854,"POINT_Y":43.8980745717}},{"type":"Feature","id":396,"geometry":{"type":"Point","coordinates":[-124.10209023291738,43.989509799769877]},"properties":{"FID":396,"Id":0,"Site_Type":"FIRE DEPARTMENT","Name":"Siuslaw Valley F & R - Station 1","POINT_X":-124.10207583899999,"POINT_Y":43.989504566000001}},{"type":"Feature","id":397,"geometry":{"type":"Point","coordinates":[-124.10483023232041,43.99413979923721]},"properties":{"FID":397,"Id":0,"Site_Type":"SCHOOL","Name":"Branch - Florence Center","POINT_X":-124.104815837,"POINT_Y":43.994134565499998}},{"type":"Feature","id":398,"geometry":{"type":"Point","coordinates":[-124.10434215716022,43.994842096506311]},"properties":{"FID":398,"Id":0,"Site_Type":"FIRE DEPARTMENT","Name":"SIUSLAW VALLEY FIRE AND RESCUE STATION 7 - OAK STREET STATION","POINT_X":-124.104327762,"POINT_Y":43.994836862699998}},{"type":"Feature","id":399,"geometry":{"type":"Point","coordinates":[-124.11316965247819,43.97507033394816]},"properties":{"FID":399,"Id":0,"Site_Type":"LAW ENFORCEMENT","Name":"FLORENCE POLICE DEPARTMENT","POINT_X":-124.113155259,"POINT_Y":43.975065102099997}},{"type":"Feature","id":400,"geometry":{"type":"Point","coordinates":[-124.11402933061702,43.957005090415997]},"properties":{"FID":400,"Id":0,"Site_Type":"SCHOOL","Name":"Ocean Dunes High School","POINT_X":-124.11401494099999,"POINT_Y":43.956999859699998}},{"type":"Feature","id":401,"geometry":{"type":"Point","coordinates":[-123.85493470315571,44.0356205134863]},"properties":{"FID":401,"Id":0,"Site_Type":"SCHOOL","Name":"Mapleton Elementary School","POINT_X":-123.854920337,"POINT_Y":44.0356152528}},{"type":"Feature","id":402,"geometry":{"type":"Point","coordinates":[-123.85333353446174,44.03638870125188]},"properties":{"FID":402,"Id":0,"Site_Type":"SCHOOL","Name":"Mapleton Junior Senior High School","POINT_X":-123.853319168,"POINT_Y":44.036383440400002}},{"type":"Feature","id":403,"geometry":{"type":"Point","coordinates":[-124.0451371900775,43.874932172164293]},"properties":{"FID":403,"Id":0,"Site_Type":"FIRE DEPARTMENT","Name":"Siuslaw Valley F & R - Station 6","POINT_X":-124.045122826,"POINT_Y":43.874926939399998}},{"type":"Feature","id":404,"geometry":{"type":"Point","coordinates":[-124.12463232334323,43.883026394588349]},"properties":{"FID":404,"Id":0,"Site_Type":"BRIDGE","Name":"Siltcoos River, Hwy 9","POINT_X":-124.124617946,"POINT_Y":43.883021169099997}},{"type":"Feature","id":405,"geometry":{"type":"Point","coordinates":[-124.12184196621986,44.133530254050143]},"properties":{"FID":405,"Id":0,"Site_Type":"BRIDGE","Name":"Cape Creek, Hwy 9","POINT_X":-124.12182754200001,"POINT_Y":44.133525014}},{"type":"Feature","id":406,"geometry":{"type":"Point","coordinates":[-124.11335911069283,44.165332745902354]},"properties":{"FID":406,"Id":0,"Site_Type":"BRIDGE","Name":"China Creek, Hwy 9 at MP 175.68","POINT_X":-124.113344682,"POINT_Y":44.165327503199997}},{"type":"Feature","id":407,"geometry":{"type":"Point","coordinates":[-124.1152810970042,44.174323637139473]},"properties":{"FID":407,"Id":0,"Site_Type":"BRIDGE","Name":"Big Creek, Hwy 9 at MP 175.02","POINT_X":-124.115266666,"POINT_Y":44.174318394099998}},{"type":"Feature","id":408,"geometry":{"type":"Point","coordinates":[-124.10952024050046,44.224122886793594]},"properties":{"FID":408,"Id":0,"Site_Type":"BRIDGE","Name":"Tenmile Creek, Hwy 9","POINT_X":-124.109505801,"POINT_Y":44.224117640400003}},{"type":"Feature","id":409,"geometry":{"type":"Point","coordinates":[-124.10686242678582,44.265472335656902]},"properties":{"FID":409,"Id":0,"Site_Type":"BRIDGE","Name":"Cummins Creek, Hwy 9","POINT_X":-124.10684798,"POINT_Y":44.265467086699999}},{"type":"Feature","id":410,"geometry":{"type":"Point","coordinates":[-124.09779212962515,44.053095230743352]},"properties":{"FID":410,"Id":0,"Site_Type":"BRIDGE","Name":"Sutton Creek, Hwy 9","POINT_X":-124.097777724,"POINT_Y":44.053089992899999}},{"type":"Feature","id":411,"geometry":{"type":"Point","coordinates":[-124.12292794815137,44.128663328720592]},"properties":{"FID":411,"Id":0,"Site_Type":"BRIDGE","Name":"Slide Viaduct, Hwy 9 at MP 178.75","POINT_X":-124.122913525,"POINT_Y":44.1286580891}},{"type":"Feature","id":412,"geometry":{"type":"Point","coordinates":[-124.12316394355355,44.128010339424662]},"properties":{"FID":412,"Id":0,"Site_Type":"BRIDGE","Name":"Slide Viaduct, Hwy 9 at MP 178.82","POINT_X":-124.12314952,"POINT_Y":44.128005099799999}},{"type":"Feature","id":413,"geometry":{"type":"Point","coordinates":[-124.10860342022194,43.964682125653681]},"properties":{"FID":413,"Id":0,"Site_Type":"BRIDGE","Name":"Siuslaw River, Hwy 9 (Florence)","POINT_X":-124.10858903,"POINT_Y":43.964676893899998}},{"type":"Feature","id":414,"geometry":{"type":"Point","coordinates":[-123.85791949454861,44.0319636632467]},"properties":{"FID":414,"Id":0,"Site_Type":"BRIDGE","Name":"Siuslaw River & Riverview Ave, Hwy 62 (Mapleton)","POINT_X":-123.857905128,"POINT_Y":44.031958403099999}},{"type":"Feature","id":415,"geometry":{"type":"Point","coordinates":[-123.95629946020379,44.018775149293404]},"properties":{"FID":415,"Id":0,"Site_Type":"BRIDGE","Name":"Creek, Hwy 62 R/W Rt at MP 8.48","POINT_X":-123.95628508199999,"POINT_Y":44.018769899600002}},{"type":"Feature","id":416,"geometry":{"type":"Point","coordinates":[-123.93656064533015,44.015373144357014]},"properties":{"FID":416,"Id":0,"Site_Type":"BRIDGE","Name":"Divide Creek, Hwy 62","POINT_X":-123.936546271,"POINT_Y":44.015367892900002}},{"type":"Feature","id":417,"geometry":{"type":"Point","coordinates":[-124.04518476046809,43.985017816716407]},"properties":{"FID":417,"Id":0,"Site_Type":"BRIDGE","Name":"COR over Hwy 62","POINT_X":-124.045170375,"POINT_Y":43.985012577600003}},{"type":"Feature","id":418,"geometry":{"type":"Point","coordinates":[-124.03789878989292,43.987731781047657]},"properties":{"FID":418,"Id":0,"Site_Type":"BRIDGE","Name":"Patterson Creek, Hwy 62 R/W Lt","POINT_X":-124.037884405,"POINT_Y":43.987726541100002}},{"type":"Feature","id":419,"geometry":{"type":"Point","coordinates":[-124.1032209547828,43.929654190177182]},"properties":{"FID":419,"Id":0,"Site_Type":"BRIDGE","Name":"Woahink Lake, Canary Rd","POINT_X":-124.103206572,"POINT_Y":43.929648960000002}},{"type":"Feature","id":420,"geometry":{"type":"Point","coordinates":[-124.09978999354378,43.929654176293944]},"properties":{"FID":420,"Id":0,"Site_Type":"BRIDGE","Name":"Woahink Lake, Canary Rd","POINT_X":-124.099775611,"POINT_Y":43.929648945700002}},{"type":"Feature","id":421,"geometry":{"type":"Point","coordinates":[-124.09508202474235,43.931232152948432]},"properties":{"FID":421,"Id":0,"Site_Type":"BRIDGE","Name":"Woahink Lake, Canary Rd","POINT_X":-124.09506764299999,"POINT_Y":43.931226921799997}},{"type":"Feature","id":422,"geometry":{"type":"Point","coordinates":[-124.04658358116644,43.865082118079762]},"properties":{"FID":422,"Id":0,"Site_Type":"BRIDGE","Name":"Fiddle Creek, Canary Rd South","POINT_X":-124.046569218,"POINT_Y":43.865076886099999}},{"type":"Feature","id":423,"geometry":{"type":"Point","coordinates":[-124.11167823863725,44.245295611042181]},"properties":{"FID":423,"Id":0,"Site_Type":"BRIDGE","Name":"Bob Creek, Hwy 9","POINT_X":-124.111663795,"POINT_Y":44.245290363700001}},{"type":"Feature","id":424,"geometry":{"type":"Point","coordinates":[-124.10708792206633,43.928826208065018]},"properties":{"FID":424,"Id":0,"Site_Type":"BRIDGE","Name":"Honeyman State Park Conn Trail (Ped Br) over Hwy 9","POINT_X":-124.107073539,"POINT_Y":43.928820978300003}},{"type":"Feature","id":425,"geometry":{"type":"Point","coordinates":[-124.0811524082925,43.915354135198157]},"properties":{"FID":425,"Id":0,"Site_Type":"BRIDGE","Name":"Gibbs Creek, Clear Lake Rd","POINT_X":-124.08113803099999,"POINT_Y":43.915348903599998}},{"type":"Feature","id":426,"geometry":{"type":"Point","coordinates":[-124.11526710825557,44.183321510972121]},"properties":{"FID":426,"Id":0,"Site_Type":"BRIDGE","Name":"Rock Creek, Hwy 9","POINT_X":-124.115252676,"POINT_Y":44.183316267499997}},{"type":"Feature","id":427,"geometry":{"type":"Point","coordinates":[-124.08075953093217,43.976964981911571]},"properties":{"FID":427,"Id":0,"Site_Type":"BRIDGE","Name":"North Fork Siuslaw River, Hwy 62","POINT_X":-124.080745142,"POINT_Y":43.976959746799999}},{"type":"Feature","id":428,"geometry":{"type":"Point","coordinates":[-124.11923399946329,44.134635219286139]},"properties":{"FID":428,"Id":0,"Site_Type":"BRIDGE","Name":"CAPE CREEK AT HECETA LIGHT HOUSE","POINT_X":-124.119219575,"POINT_Y":44.134629978900001}},{"type":"Feature","id":429,"geometry":{"type":"Point","coordinates":[-123.85386149490118,44.021030810834581]},"properties":{"FID":429,"Id":0,"Site_Type":"BRIDGE","Name":"Hadsall Creek, Sweets Creek Rd","POINT_X":-123.85384713099999,"POINT_Y":44.021025550899999}},{"type":"Feature","id":430,"geometry":{"type":"Point","coordinates":[-123.91094088824784,44.011842120720246]},"properties":{"FID":430,"Id":0,"Site_Type":"BRIDGE","Name":"Sweets Creek, Sweets Creek Rd","POINT_X":-123.910926518,"POINT_Y":44.011836866899998}},{"type":"Feature","id":431,"geometry":{"type":"Point","coordinates":[-123.85498352970737,44.033341635576249]},"properties":{"FID":431,"Id":0,"Site_Type":"BRIDGE","Name":"Knowles Creek, East Mapleton Rd","POINT_X":-123.854969164,"POINT_Y":44.033336375099999}},{"type":"Feature","id":432,"geometry":{"type":"Point","coordinates":[-123.85901150052774,44.036572599736473]},"properties":{"FID":432,"Id":0,"Site_Type":"BRIDGE","Name":"Plowman Creek, East Mapleton Rd","POINT_X":-123.858997133,"POINT_Y":44.036567339400001}},{"type":"Feature","id":433,"geometry":{"type":"Point","coordinates":[-123.94799052791706,44.014661190841437]},"properties":{"FID":433,"Id":0,"Site_Type":"BRIDGE","Name":"Hoffman Creek, Bernhardt Creek Rd","POINT_X":-123.947976152,"POINT_Y":44.014655940499999}},{"type":"Feature","id":434,"geometry":{"type":"Point","coordinates":[-123.98199018903566,44.015003288895194]},"properties":{"FID":434,"Id":0,"Site_Type":"BRIDGE","Name":"Duncan Inlet, Duncan Island Rd","POINT_X":-123.981975808,"POINT_Y":44.0149980419}},{"type":"Feature","id":435,"geometry":{"type":"Point","coordinates":[-123.93894062649409,44.016761129793544]},"properties":{"FID":435,"Id":0,"Site_Type":"BRIDGE","Name":"Divide Creek, Tiernan Rd East","POINT_X":-123.938926251,"POINT_Y":44.0167558785}},{"type":"Feature","id":436,"geometry":{"type":"Point","coordinates":[-124.03865165254804,44.020473429055684]},"properties":{"FID":436,"Id":0,"Site_Type":"BRIDGE","Name":"North Fork Siuslaw Overflow, North Fork Siuslaw Rd","POINT_X":-124.03863726199999,"POINT_Y":44.020468187299997}},{"type":"Feature","id":437,"geometry":{"type":"Point","coordinates":[-124.03595168278386,44.021761395604784]},"properties":{"FID":437,"Id":0,"Site_Type":"BRIDGE","Name":"N Fork Siuslaw River, N Fork Siuslaw Rd at MP 5.48","POINT_X":-124.035937292,"POINT_Y":44.0217561535}},{"type":"Feature","id":438,"geometry":{"type":"Point","coordinates":[-124.03377070383796,44.021903383945194]},"properties":{"FID":438,"Id":0,"Site_Type":"BRIDGE","Name":"N Fork Siuslaw River, N Fork Siuslaw Rd at MP 5.60","POINT_X":-124.033756314,"POINT_Y":44.021898141599998}},{"type":"Feature","id":439,"geometry":{"type":"Point","coordinates":[-124.03178172313677,44.021592379331217]},"properties":{"FID":439,"Id":0,"Site_Type":"BRIDGE","Name":"Overflow, North Fork Siuslaw Rd","POINT_X":-124.031767333,"POINT_Y":44.021587136800001}},{"type":"Feature","id":440,"geometry":{"type":"Point","coordinates":[-124.00761005570702,44.048552819267705]},"properties":{"FID":440,"Id":0,"Site_Type":"BRIDGE","Name":"Condon Creek, North Fork Siuslaw Rd","POINT_X":-124.00759566399999,"POINT_Y":44.048547572799997}},{"type":"Feature","id":441,"geometry":{"type":"Point","coordinates":[-124.11478699556866,44.088485829117289]},"properties":{"FID":441,"Id":0,"Site_Type":"BRIDGE","Name":"Quarry Creek, Baker Beach Rd","POINT_X":-124.114772581,"POINT_Y":44.088480590899998}},{"type":"Feature","id":442,"geometry":{"type":"Point","coordinates":[-124.09088120392094,44.054661170956699]},"properties":{"FID":442,"Id":0,"Site_Type":"BRIDGE","Name":"Mercer Creek, Sutton Lake Rd","POINT_X":-124.090866799,"POINT_Y":44.054655932400003}},{"type":"Feature","id":443,"geometry":{"type":"Point","coordinates":[-124.08387029768865,44.064730984598398]},"properties":{"FID":443,"Id":0,"Site_Type":"BRIDGE","Name":"Sutton Lake, Sutton Lake Rd","POINT_X":-124.083855892,"POINT_Y":44.064725744699999}},{"type":"Feature","id":444,"geometry":{"type":"Point","coordinates":[-124.090789230634,44.0690229615685]},"properties":{"FID":444,"Id":0,"Site_Type":"BRIDGE","Name":"Rath Creek, Sutton Lake Rd","POINT_X":-124.090774823,"POINT_Y":44.0690177221}},{"type":"Feature","id":445,"geometry":{"type":"Point","coordinates":[-124.06913145875077,44.066202878281111]},"properties":{"FID":445,"Id":0,"Site_Type":"BRIDGE","Name":"Mercer Lake/Levoge Creek, dahlin Rd","POINT_X":-124.06911705500001,"POINT_Y":44.0661976369}},{"type":"Feature","id":446,"geometry":{"type":"Point","coordinates":[-124.05999029294557,43.939703988483913]},"properties":{"FID":446,"Id":0,"Site_Type":"BRIDGE","Name":"South Slough, South Slough Rd","POINT_X":-124.05997591400001,"POINT_Y":43.939698753499997}},{"type":"Feature","id":447,"geometry":{"type":"Point","coordinates":[-124.11421046986617,43.881882354791294]},"properties":{"FID":447,"Id":0,"Site_Type":"BRIDGE","Name":"Siltcoos River, West Lake Rd","POINT_X":-124.11419609399999,"POINT_Y":43.881877128399999}},{"type":"Feature","id":448,"geometry":{"type":"Point","coordinates":[-124.1219839629737,44.132616267714418]},"properties":{"FID":448,"Id":0,"Site_Type":"TUNNEL","Name":"Cape Creek Tunnel, Hwy 9 (North Portal)","POINT_X":-124.12196953900001,"POINT_Y":44.132611027700001}},{"type":"Feature","id":449,"geometry":{"type":"Point","coordinates":[-124.12883441172779,43.692360736690063]},"properties":{"FID":449,"Id":0,"Site_Type":"SCHOOL","Name":"Highland Elementary School","POINT_X":-124.128820069,"POINT_Y":43.692355522699998}},{"type":"Feature","id":450,"geometry":{"type":"Point","coordinates":[-124.12371022860799,43.694079800591084]},"properties":{"FID":450,"Id":0,"Site_Type":"SCHOOL","Name":"Reedsport Community Charter School","POINT_X":-124.12369588599999,"POINT_Y":43.694074585999999}},{"type":"Feature","id":451,"geometry":{"type":"Point","coordinates":[-124.13623104021676,43.694628969466301]},"properties":{"FID":451,"Id":0,"Site_Type":"HOSPITAL","Name":"Lower Umpqua Hospital","POINT_X":-124.13621669600001,"POINT_Y":43.694623755999999}},{"type":"Feature","id":452,"geometry":{"type":"Point","coordinates":[-124.11077022987266,43.732099800305065]},"properties":{"FID":452,"Id":0,"Site_Type":"FIRE DEPARTMENT","Name":"Gardiner RFPD","POINT_X":-124.11075588200001,"POINT_Y":43.732094582199998}},{"type":"Feature","id":453,"geometry":{"type":"Point","coordinates":[-124.17491022859892,43.677749800844786]},"properties":{"FID":453,"Id":0,"Site_Type":"FIRE DEPARTMENT","Name":"Winchester Bay RFPD","POINT_X":-124.174895882,"POINT_Y":43.677744592099998}},{"type":"Feature","id":454,"geometry":{"type":"Point","coordinates":[-124.09687022967699,43.701789799734001]},"properties":{"FID":454,"Id":0,"Site_Type":"FIRE DEPARTMENT","Name":"Reedsport FD Station 1","POINT_X":-124.09685589,"POINT_Y":43.701784582099997}},{"type":"Feature","id":455,"geometry":{"type":"Point","coordinates":[-124.12660022869761,43.694619800413648]},"properties":{"FID":455,"Id":0,"Site_Type":"FIRE DEPARTMENT","Name":"Reedsport FD Station 2","POINT_X":-124.126585886,"POINT_Y":43.694614586}},{"type":"Feature","id":456,"geometry":{"type":"Point","coordinates":[-124.09687022967699,43.701789799734001]},"properties":{"FID":456,"Id":0,"Site_Type":"LAW ENFORCEMENT","Name":"Reedsport Police Department","POINT_X":-124.09685589,"POINT_Y":43.701784582099997}},{"type":"Feature","id":457,"geometry":{"type":"Point","coordinates":[-124.10050022900722,43.701159800501536]},"properties":{"FID":457,"Id":0,"Site_Type":"LAW ENFORCEMENT","Name":"Douglas County Sheriff's Office","POINT_X":-124.100485889,"POINT_Y":43.701154583200001}},{"type":"Feature","id":458,"geometry":{"type":"Point","coordinates":[-124.11510421640799,43.696932964506495]},"properties":{"FID":458,"Id":0,"Site_Type":"BRIDGE","Name":"Scholfield Creek, Hwy 9","POINT_X":-124.115089875,"POINT_Y":43.696927748900002}},{"type":"Feature","id":459,"geometry":{"type":"Point","coordinates":[-124.15256090489076,43.807054699316602]},"properties":{"FID":459,"Id":0,"Site_Type":"BRIDGE","Name":"Tahkenitch Creek, Hwy 9","POINT_X":-124.15254653700001,"POINT_Y":43.807049481}},{"type":"Feature","id":460,"geometry":{"type":"Point","coordinates":[-123.99960593719857,43.693443527807204]},"properties":{"FID":460,"Id":0,"Site_Type":"BRIDGE","Name":"Dean Creek, Hwy 45","POINT_X":-123.99959161300001,"POINT_Y":43.693438301199997}},{"type":"Feature","id":461,"geometry":{"type":"Point","coordinates":[-123.87580597268446,43.654693971509296]},"properties":{"FID":461,"Id":0,"Site_Type":"BRIDGE","Name":"Mill Creek, Hwy 45","POINT_X":-123.875791674,"POINT_Y":43.654688735199997}},{"type":"Feature","id":462,"geometry":{"type":"Point","coordinates":[-124.10172342232984,43.70831285056984]},"properties":{"FID":462,"Id":0,"Site_Type":"BRIDGE","Name":"Umpqua River & McIntosh Slough, Hwy 9","POINT_X":-124.101709081,"POINT_Y":43.708307632999997}},{"type":"Feature","id":463,"geometry":{"type":"Point","coordinates":[-124.13297295029716,43.692094060414412]},"properties":{"FID":463,"Id":0,"Site_Type":"BRIDGE","Name":"Hwy 9 over Ranch Rd","POINT_X":-124.13295860700001,"POINT_Y":43.692088846799997}},{"type":"Feature","id":464,"geometry":{"type":"Point","coordinates":[-124.10125443280603,43.718232796818384]},"properties":{"FID":464,"Id":0,"Site_Type":"BRIDGE","Name":"Smith River, Hwy 9","POINT_X":-124.101240089,"POINT_Y":43.718227578600001}},{"type":"Feature","id":465,"geometry":{"type":"Point","coordinates":[-124.09920446244176,43.712893816895317]},"properties":{"FID":465,"Id":0,"Site_Type":"BRIDGE","Name":"Hwy 9 over LPN RR","POINT_X":-124.09919012,"POINT_Y":43.712888598799999}},{"type":"Feature","id":466,"geometry":{"type":"Point","coordinates":[-124.0677120833616,43.811954335908695]},"properties":{"FID":466,"Id":0,"Site_Type":"BRIDGE","Name":"Perkins Creek, Fivemile Rd #49","POINT_X":-124.067697727,"POINT_Y":43.811949108999997}},{"type":"Feature","id":467,"geometry":{"type":"Point","coordinates":[-124.07971278687853,43.738474601168214]},"properties":{"FID":467,"Id":0,"Site_Type":"BRIDGE","Name":"Frantz Creek, Smith River Rd #48","POINT_X":-124.079698443,"POINT_Y":43.7384693797}},{"type":"Feature","id":468,"geometry":{"type":"Point","coordinates":[-124.0622630721397,43.742032509595333]},"properties":{"FID":468,"Id":0,"Site_Type":"BRIDGE","Name":"Hudson Slough. Smith River Rd #48","POINT_X":-124.06224872999999,"POINT_Y":43.742027286199999}},{"type":"Feature","id":469,"geometry":{"type":"Point","coordinates":[-124.02098567629149,43.755104281708995]},"properties":{"FID":469,"Id":0,"Site_Type":"BRIDGE","Name":"Joyce Creek, Smith River Rd #48","POINT_X":-124.020971338,"POINT_Y":43.755099053599999}},{"type":"Feature","id":470,"geometry":{"type":"Point","coordinates":[-124.00112475786835,43.769632163453835]},"properties":{"FID":470,"Id":0,"Site_Type":"BRIDGE","Name":"Noel Creek, Smith River Rd #48","POINT_X":-124.001110419,"POINT_Y":43.769626932500003}},{"type":"Feature","id":471,"geometry":{"type":"Point","coordinates":[-123.98269144475157,43.790674118638833]},"properties":{"FID":471,"Id":0,"Site_Type":"BRIDGE","Name":"Eslick Creek, Smith River Rd #48","POINT_X":-123.98267710499999,"POINT_Y":43.790668884699997}},{"type":"Feature","id":472,"geometry":{"type":"Point","coordinates":[-124.00519383847374,43.686054589576081]},"properties":{"FID":472,"Id":0,"Site_Type":"BRIDGE","Name":"Dean Creek, Deans Creek Rd #64","POINT_X":-124.00517951499999,"POINT_Y":43.686049363999999}},{"type":"Feature","id":473,"geometry":{"type":"Point","coordinates":[-124.1784722979063,43.675033325303872]},"properties":{"FID":473,"Id":0,"Site_Type":"BRIDGE","Name":"Winchester Creek.Salmon Harbor Dr","POINT_X":-124.178457951,"POINT_Y":43.675028117099998}},{"type":"Feature","id":474,"geometry":{"type":"Point","coordinates":[-124.07314283275227,43.683443870108803]},"properties":{"FID":474,"Id":0,"Site_Type":"BRIDGE","Name":"Oar Creek, Scolfield Rd #55","POINT_X":-124.0731285,"POINT_Y":43.683438651199999}},{"type":"Feature","id":475,"geometry":{"type":"Point","coordinates":[-124.09201214263557,43.782432509615035]},"properties":{"FID":475,"Id":0,"Site_Type":"BRIDGE","Name":"Leitel Creek, Fivemile Rd #49","POINT_X":-124.091997789,"POINT_Y":43.782427286800001}},{"type":"Feature","id":476,"geometry":{"type":"Point","coordinates":[-124.04158401974274,43.840893156634515]},"properties":{"FID":476,"Id":0,"Site_Type":"BRIDGE","Name":"Fivemile Creek, Fivemile Rd #49","POINT_X":-124.041569662,"POINT_Y":43.840887925499999}},{"type":"Feature","id":477,"geometry":{"type":"Point","coordinates":[-124.02642465334553,43.743093355142328]},"properties":{"FID":477,"Id":0,"Site_Type":"BRIDGE","Name":"Otter Slough, Southside Rd","POINT_X":-124.026410316,"POINT_Y":43.7430881282}},{"type":"Feature","id":478,"geometry":{"type":"Point","coordinates":[-124.03473550053218,43.734024440196272]},"properties":{"FID":478,"Id":0,"Site_Type":"BRIDGE","Name":"Brainard Slough Creek, Southside Rd","POINT_X":-124.034721164,"POINT_Y":43.734019214600004}},{"type":"Feature","id":479,"geometry":{"type":"Point","coordinates":[-124.09467353384476,43.714754788155126]},"properties":{"FID":479,"Id":0,"Site_Type":"BRIDGE","Name":"Smith River, Smith River Rd (Gardiner)","POINT_X":-124.09465919199999,"POINT_Y":43.7147495695}},{"type":"Feature","id":480,"geometry":{"type":"Point","coordinates":[-124.08250472770615,43.721504703158523]},"properties":{"FID":480,"Id":0,"Site_Type":"BRIDGE","Name":"Smith River Rd #48 over LP & N Railroad","POINT_X":-124.082490386,"POINT_Y":43.721499482900001}},{"type":"Feature","id":481,"geometry":{"type":"Point","coordinates":[-124.06369304446483,43.738504534247312]},"properties":{"FID":481,"Id":0,"Site_Type":"BRIDGE","Name":"Smith River, Southside Rd","POINT_X":-124.06367870299999,"POINT_Y":43.738499311200002}},{"type":"Feature","id":482,"geometry":{"type":"Point","coordinates":[-123.92021392686244,43.660060858593582]},"properties":{"FID":482,"Id":0,"Site_Type":"BRIDGE","Name":"Charlotte Creek  Hwy 045 @ MP 10.67","POINT_X":-123.92019962000001,"POINT_Y":43.6600556263}},{"type":"Feature","id":483,"geometry":{"type":"Point","coordinates":[-124.17805330547922,43.674625325659619]},"properties":{"FID":483,"Id":0,"Site_Type":"BRIDGE","Name":"SALMON HARBOR PEDESTRAIN BRIDGE CNTY RD 251 MP 0.1","POINT_X":-124.17803895900001,"POINT_Y":43.674620117400003}},{"type":"Feature","id":484,"geometry":{"type":"Point","coordinates":[-124.17808562375285,43.681149177276311]},"properties":{"FID":484,"Id":0,"Site_Type":"COAST GUARD","Name":"UNITED STATES COAST GUARD STATION - UMPQUA RIVER","POINT_X":-124.178071276,"POINT_Y":43.681143968699999}},{"type":"Feature","id":485,"geometry":{"type":"Point","coordinates":[-124.42044021961529,43.115679800185447]},"properties":{"FID":485,"Id":0,"Site_Type":"SCHOOL","Name":"Bandon Senior High School","POINT_X":-124.420425939,"POINT_Y":43.115674647799999}},{"type":"Feature","id":486,"geometry":{"type":"Point","coordinates":[-124.4194302206935,43.115649799930829]},"properties":{"FID":486,"Id":0,"Site_Type":"SCHOOL","Name":"Harbor Lights Middle School","POINT_X":-124.41941593999999,"POINT_Y":43.115644647400003}},{"type":"Feature","id":487,"geometry":{"type":"Point","coordinates":[-124.4164802205095,43.113889799504612]},"properties":{"FID":487,"Id":0,"Site_Type":"SCHOOL","Name":"Ocean Crest Elementary School","POINT_X":-124.41646593999999,"POINT_Y":43.113884646800003}},{"type":"Feature","id":488,"geometry":{"type":"Point","coordinates":[-124.22331022488763,43.365349800623008]},"properties":{"FID":488,"Id":0,"Site_Type":"SCHOOL","Name":"Blossom Gulch Elementary School","POINT_X":-124.223295928,"POINT_Y":43.365344614800001}},{"type":"Feature","id":489,"geometry":{"type":"Point","coordinates":[-124.27326022426757,43.387799800461245]},"properties":{"FID":489,"Id":0,"Site_Type":"SCHOOL","Name":"Madison Elementary School","POINT_X":-124.27324591599999,"POINT_Y":43.387794618100003}},{"type":"Feature","id":490,"geometry":{"type":"Point","coordinates":[-124.22130427305378,43.360402336782037]},"properties":{"FID":490,"Id":0,"Site_Type":"SCHOOL","Name":"Marshfield Senior High School","POINT_X":-124.221289977,"POINT_Y":43.360397151000001}},{"type":"Feature","id":491,"geometry":{"type":"Point","coordinates":[-124.19702022477459,43.366239801425841]},"properties":{"FID":491,"Id":0,"Site_Type":"SCHOOL","Name":"Millicoma Intermediate School","POINT_X":-124.19700593100001,"POINT_Y":43.366234613000003}},{"type":"Feature","id":492,"geometry":{"type":"Point","coordinates":[-124.21946022464067,43.362059800671943]},"properties":{"FID":492,"Id":0,"Site_Type":"SCHOOL","Name":"Resource Link Charter School","POINT_X":-124.219445929,"POINT_Y":43.3620546147}},{"type":"Feature","id":493,"geometry":{"type":"Point","coordinates":[-124.27343022413272,43.389629800841107]},"properties":{"FID":493,"Id":0,"Site_Type":"SCHOOL","Name":"Sunset Middle School","POINT_X":-124.273415915,"POINT_Y":43.389624618399999}},{"type":"Feature","id":494,"geometry":{"type":"Point","coordinates":[-124.19420800627267,43.185548126565138]},"properties":{"FID":494,"Id":0,"Site_Type":"SCHOOL","Name":"Coquille High School","POINT_X":-124.194193746,"POINT_Y":43.185542948600002}},{"type":"Feature","id":495,"geometry":{"type":"Point","coordinates":[-124.18759892605445,43.184646767609877]},"properties":{"FID":495,"Id":0,"Site_Type":"SCHOOL","Name":"Coquille Valley Middle School","POINT_X":-124.18758466600001,"POINT_Y":43.184641589000002}},{"type":"Feature","id":496,"geometry":{"type":"Point","coordinates":[-124.18288022261389,43.187079801363559]},"properties":{"FID":496,"Id":0,"Site_Type":"SCHOOL","Name":"Lincoln Elementary School","POINT_X":-124.182865963,"POINT_Y":43.187074622200001}},{"type":"Feature","id":497,"geometry":{"type":"Point","coordinates":[-124.22826022516314,43.402559800879509]},"properties":{"FID":497,"Id":0,"Site_Type":"SCHOOL","Name":"Hillcrest Elementary School","POINT_X":-124.228245921,"POINT_Y":43.402554613299998}},{"type":"Feature","id":498,"geometry":{"type":"Point","coordinates":[-124.2109229329714,43.501537771614132]},"properties":{"FID":498,"Id":0,"Site_Type":"SCHOOL","Name":"North Bay Light House Elementary School","POINT_X":-124.210908613,"POINT_Y":43.501532576599999}},{"type":"Feature","id":499,"geometry":{"type":"Point","coordinates":[-124.23268022400192,43.398789800240252]},"properties":{"FID":499,"Id":0,"Site_Type":"SCHOOL","Name":"North Bend Middle School","POINT_X":-124.23266592,"POINT_Y":43.398784613300002}},{"type":"Feature","id":500,"geometry":{"type":"Point","coordinates":[-124.23382892342302,43.401373290870737]},"properties":{"FID":500,"Id":0,"Site_Type":"SCHOOL","Name":"North Bend Senior High School","POINT_X":-124.233814618,"POINT_Y":43.401368103899998}},{"type":"Feature","id":501,"geometry":{"type":"Point","coordinates":[-124.22642022525304,43.40742979970593]},"properties":{"FID":501,"Id":0,"Site_Type":"SCHOOL","Name":"Oregon Coast Technology School","POINT_X":-124.22640592,"POINT_Y":43.407424611700002}},{"type":"Feature","id":502,"geometry":{"type":"Point","coordinates":[-124.26795766994735,43.392642760020465]},"properties":{"FID":502,"Id":0,"Site_Type":"LAW ENFORCEMENT","Name":"Oregon State Police","POINT_X":-124.267943362,"POINT_Y":43.3926375769}},{"type":"Feature","id":503,"geometry":{"type":"Point","coordinates":[-124.41393022094513,43.116869800609379]},"properties":{"FID":503,"Id":0,"Site_Type":"LAW ENFORCEMENT","Name":"Bandon Police Department","POINT_X":-124.413915941,"POINT_Y":43.116864647500002}},{"type":"Feature","id":504,"geometry":{"type":"Point","coordinates":[-124.18928022285237,43.18220980152072]},"properties":{"FID":504,"Id":0,"Site_Type":"LAW ENFORCEMENT","Name":"Coquille City Police Department","POINT_X":-124.189265963,"POINT_Y":43.182204623200001}},{"type":"Feature","id":505,"geometry":{"type":"Point","coordinates":[-124.22575022468445,43.407529800252568]},"properties":{"FID":505,"Id":0,"Site_Type":"LAW ENFORCEMENT","Name":"North Bend Police Department","POINT_X":-124.22573592000001,"POINT_Y":43.4075246122}},{"type":"Feature","id":506,"geometry":{"type":"Point","coordinates":[-124.40201957923649,43.112476119706734]},"properties":{"FID":506,"Id":0,"Site_Type":"HOSPITAL","Name":"Southern Coos Hospital","POINT_X":-124.402005301,"POINT_Y":43.112470965699998}},{"type":"Feature","id":507,"geometry":{"type":"Point","coordinates":[-124.17935022291995,43.179489800995945]},"properties":{"FID":507,"Id":0,"Site_Type":"HOSPITAL","Name":"Coquille Valley Hospital","POINT_X":-124.17933596500001,"POINT_Y":43.179484621900002}},{"type":"Feature","id":508,"geometry":{"type":"Point","coordinates":[-124.23297022463849,43.383419800230001]},"properties":{"FID":508,"Id":0,"Site_Type":"HOSPITAL","Name":"Bay Area Hospital","POINT_X":-124.23295592300001,"POINT_Y":43.383414614300001}},{"type":"Feature","id":509,"geometry":{"type":"Point","coordinates":[-124.41381021989622,43.117169799921506]},"properties":{"FID":509,"Id":0,"Site_Type":"FIRE DEPARTMENT","Name":"Bandon RFPD","POINT_X":-124.41379594,"POINT_Y":43.117164646799999}},{"type":"Feature","id":510,"geometry":{"type":"Point","coordinates":[-124.4078858745212,43.084716167251962]},"properties":{"FID":510,"Id":0,"Site_Type":"AIRPORT","Name":"Bandon State Airport","POINT_X":-124.407871601,"POINT_Y":43.084711015499998}},{"type":"Feature","id":511,"geometry":{"type":"Point","coordinates":[-124.29186022405337,43.370959800751599]},"properties":{"FID":511,"Id":0,"Site_Type":"FIRE DEPARTMENT","Name":"Charleston RFPD","POINT_X":-124.291845916,"POINT_Y":43.370954621099997}},{"type":"Feature","id":512,"geometry":{"type":"Point","coordinates":[-124.30662022340192,43.334989800097858]},"properties":{"FID":512,"Id":0,"Site_Type":"FIRE DEPARTMENT","Name":"Charleston RFPD","POINT_X":-124.30660592,"POINT_Y":43.334984624000001}},{"type":"Feature","id":513,"geometry":{"type":"Point","coordinates":[-124.32477022342502,43.341099800157977]},"properties":{"FID":513,"Id":0,"Site_Type":"FIRE DEPARTMENT","Name":"Charleston RFPD","POINT_X":-124.324755916,"POINT_Y":43.341094625399997}},{"type":"Feature","id":514,"geometry":{"type":"Point","coordinates":[-124.1897202225899,43.176659800999772]},"properties":{"FID":514,"Id":0,"Site_Type":"FIRE DEPARTMENT","Name":"Coquille Fire","POINT_X":-124.189705964,"POINT_Y":43.176654623099999}},{"type":"Feature","id":515,"geometry":{"type":"Point","coordinates":[-124.27314022180072,43.157039801252239]},"properties":{"FID":515,"Id":0,"Site_Type":"FIRE DEPARTMENT","Name":"Coquille Fire","POINT_X":-124.273125955,"POINT_Y":43.157034632399998}},{"type":"Feature","id":516,"geometry":{"type":"Point","coordinates":[-124.20710702563234,43.255135070663918]},"properties":{"FID":516,"Id":0,"Site_Type":"FIRE DEPARTMENT","Name":"Greenacres RFPD","POINT_X":-124.207092751,"POINT_Y":43.255129889800003}},{"type":"Feature","id":517,"geometry":{"type":"Point","coordinates":[-124.21316022592524,43.50179979983843]},"properties":{"FID":517,"Id":0,"Site_Type":"FIRE DEPARTMENT","Name":"Hauser RFPD","POINT_X":-124.21314590599999,"POINT_Y":43.501794605000001}},{"type":"Feature","id":518,"geometry":{"type":"Point","coordinates":[-124.17451765031213,43.576263223630683]},"properties":{"FID":518,"Id":0,"Site_Type":"FIRE DEPARTMENT","Name":"Lakeside RFPD","POINT_X":-124.17450332200001,"POINT_Y":43.576258020799997}},{"type":"Feature","id":519,"geometry":{"type":"Point","coordinates":[-124.1998602249647,43.33464980070849]},"properties":{"FID":519,"Id":0,"Site_Type":"FIRE DEPARTMENT","Name":"Millington RFD #5","POINT_X":-124.19984593700001,"POINT_Y":43.334644614399998}},{"type":"Feature","id":520,"geometry":{"type":"Point","coordinates":[-124.19367022428249,43.321519800593883]},"properties":{"FID":520,"Id":0,"Site_Type":"FIRE DEPARTMENT","Name":"Millington RFD #5","POINT_X":-124.193655939,"POINT_Y":43.321514614500003}},{"type":"Feature","id":521,"geometry":{"type":"Point","coordinates":[-124.21237022514217,43.434539800512866]},"properties":{"FID":521,"Id":0,"Site_Type":"FIRE DEPARTMENT","Name":"North Bay RFPD","POINT_X":-124.212355917,"POINT_Y":43.4345346096}},{"type":"Feature","id":522,"geometry":{"type":"Point","coordinates":[-124.14877022400752,43.28100980075736]},"properties":{"FID":522,"Id":0,"Site_Type":"FIRE DEPARTMENT","Name":"Sumner RFPD","POINT_X":-124.14875595300001,"POINT_Y":43.281004612799997}},{"type":"Feature","id":523,"geometry":{"type":"Point","coordinates":[-124.21571022456936,43.367469800568578]},"properties":{"FID":523,"Id":0,"Site_Type":"FIRE DEPARTMENT","Name":"Coos Bay Fire Station - Central","POINT_X":-124.215695928,"POINT_Y":43.367464613899998}},{"type":"Feature","id":524,"geometry":{"type":"Point","coordinates":[-124.1960002252284,43.36483980059964]},"properties":{"FID":524,"Id":0,"Site_Type":"FIRE DEPARTMENT","Name":"Coos Bay Fire Station - Eastside","POINT_X":-124.195985932,"POINT_Y":43.364834612199999}},{"type":"Feature","id":525,"geometry":{"type":"Point","coordinates":[-124.27535022477635,43.391129800199707]},"properties":{"FID":525,"Id":0,"Site_Type":"FIRE DEPARTMENT","Name":"Coos Bay Fire Station - Empire","POINT_X":-124.275335916,"POINT_Y":43.391124617800003}},{"type":"Feature","id":526,"geometry":{"type":"Point","coordinates":[-124.22655022546395,43.40821980010444]},"properties":{"FID":526,"Id":0,"Site_Type":"FIRE DEPARTMENT","Name":"North Bend Fire","POINT_X":-124.22653592,"POINT_Y":43.408214612099997}},{"type":"Feature","id":527,"geometry":{"type":"Point","coordinates":[-124.24562022431641,43.414989800205923]},"properties":{"FID":527,"Id":0,"Site_Type":"FIRE DEPARTMENT","Name":"North Bend Fire","POINT_X":-124.245605915,"POINT_Y":43.414984613599998}},{"type":"Feature","id":528,"geometry":{"type":"Point","coordinates":[-124.24295022416896,43.391769799938317]},"properties":{"FID":528,"Id":0,"Site_Type":"FIRE DEPARTMENT","Name":"North Bend Fire","POINT_X":-124.24293591999999,"POINT_Y":43.391764614400003}},{"type":"Feature","id":529,"geometry":{"type":"Point","coordinates":[-124.41731021990215,43.10868979991276]},"properties":{"FID":529,"Id":0,"Site_Type":"FIRE DEPARTMENT","Name":"Coos RFD Station","POINT_X":-124.41729594100001,"POINT_Y":43.108684647600001}},{"type":"Feature","id":530,"geometry":{"type":"Point","coordinates":[-124.21743022414697,43.367939800707489]},"properties":{"FID":530,"Id":0,"Site_Type":"LAW ENFORCEMENT","Name":"Coos Bay Police Department","POINT_X":-124.217415927,"POINT_Y":43.367934614200003}},{"type":"Feature","id":531,"geometry":{"type":"Point","coordinates":[-124.18648022297447,43.17655980110893]},"properties":{"FID":531,"Id":0,"Site_Type":"LAW ENFORCEMENT","Name":"Coos County Sheriff's Office/COOS COUNTY EMERGENCY MANAGEMENT","POINT_X":-124.186465965,"POINT_Y":43.176554622899999}},{"type":"Feature","id":532,"geometry":{"type":"Point","coordinates":[-124.25223435772847,43.395320776419915]},"properties":{"FID":532,"Id":0,"Site_Type":"SCHOOL","Name":"Southwestern Oregon Community College","POINT_X":-124.25222005099999,"POINT_Y":43.395315591600003}},{"type":"Feature","id":533,"geometry":{"type":"Point","coordinates":[-124.25321104022534,43.393056544091323]},"properties":{"FID":533,"Id":0,"Site_Type":"SCHOOL","Name":"Oregon Coast Culinary Institute","POINT_X":-124.253196734,"POINT_Y":43.393051359499999}},{"type":"Feature","id":534,"geometry":{"type":"Point","coordinates":[-124.36318270427148,43.185679869038907]},"properties":{"FID":534,"Id":0,"Site_Type":"FIRE DEPARTMENT","Name":"BANDON RURAL FIRE PROTECTION DISTRICT - RANDOLPH STATION","POINT_X":-124.363168419,"POINT_Y":43.185674707099999}},{"type":"Feature","id":535,"geometry":{"type":"Point","coordinates":[-124.20812638100755,43.255731735595532]},"properties":{"FID":535,"Id":0,"Site_Type":"SCHOOL","Name":"Green Acres School","POINT_X":-124.208112106,"POINT_Y":43.255726554799999}},{"type":"Feature","id":536,"geometry":{"type":"Point","coordinates":[-124.32936957367481,43.344872964644537]},"properties":{"FID":536,"Id":0,"Site_Type":"SCHOOL","Name":"Oregon Institute of Marine Biology","POINT_X":-124.329355265,"POINT_Y":43.344867790099997}},{"type":"Feature","id":537,"geometry":{"type":"Point","coordinates":[-124.22957256427408,43.380941315797394]},"properties":{"FID":537,"Id":0,"Site_Type":"SCHOOL","Name":"Christ Lutheran School","POINT_X":-124.229558264,"POINT_Y":43.380936129600002}},{"type":"Feature","id":538,"geometry":{"type":"Point","coordinates":[-124.23725573777885,43.393139565188868]},"properties":{"FID":538,"Id":0,"Site_Type":"SCHOOL","Name":"Kingsview Christian School","POINT_X":-124.237241434,"POINT_Y":43.393134379099997}},{"type":"Feature","id":539,"geometry":{"type":"Point","coordinates":[-124.19547048198297,43.190215116809249]},"properties":{"FID":539,"Id":0,"Site_Type":"SCHOOL","Name":"United Valley Christian Academy","POINT_X":-124.19545622,"POINT_Y":43.190209938599999}},{"type":"Feature","id":540,"geometry":{"type":"Point","coordinates":[-124.2353701900163,43.387565391690934]},"properties":{"FID":540,"Id":0,"Site_Type":"SCHOOL","Name":"Oregon Coast Technology School","POINT_X":-124.235355887,"POINT_Y":43.387560205699998}},{"type":"Feature","id":541,"geometry":{"type":"Point","coordinates":[-124.1853875856777,43.175666148352093]},"properties":{"FID":541,"Id":0,"Site_Type":"SCHOOL","Name":"Winter Lakes High School","POINT_X":-124.185373328,"POINT_Y":43.175660970099997}},{"type":"Feature","id":542,"geometry":{"type":"Point","coordinates":[-124.24956244615493,43.390995551385174]},"properties":{"FID":542,"Id":0,"Site_Type":"SCHOOL","Name":"Gold Coast SDA Christian School","POINT_X":-124.24954814100001,"POINT_Y":43.390990366600001}},{"type":"Feature","id":543,"geometry":{"type":"Point","coordinates":[-124.23799767141199,43.380927348625796]},"properties":{"FID":543,"Id":0,"Site_Type":"HOSPITAL","Name":"North Bend Medical Center","POINT_X":-124.23798336900001,"POINT_Y":43.380922163299999}},{"type":"Feature","id":544,"geometry":{"type":"Point","coordinates":[-124.18066736303513,43.179503109779269]},"properties":{"FID":544,"Id":0,"Site_Type":"HOSPITAL","Name":"North Bend Medical Center","POINT_X":-124.180653105,"POINT_Y":43.179497930799997}},{"type":"Feature","id":545,"geometry":{"type":"Point","coordinates":[-124.41367900395777,43.113893276467856]},"properties":{"FID":545,"Id":0,"Site_Type":"HOSPITAL","Name":"North Bend Medical Center","POINT_X":-124.413664724,"POINT_Y":43.113888123499997}},{"type":"Feature","id":546,"geometry":{"type":"Point","coordinates":[-124.23446886737348,43.386626383960326]},"properties":{"FID":546,"Id":0,"Site_Type":"HOSPITAL","Name":"Bay Clinic","POINT_X":-124.23445456499999,"POINT_Y":43.386621197899998}},{"type":"Feature","id":547,"geometry":{"type":"Point","coordinates":[-124.19816255311633,43.174037012927442]},"properties":{"FID":547,"Id":0,"Site_Type":"BRIDGE","Name":"Coquille River, Hwy 244","POINT_X":-124.19814829400001,"POINT_Y":43.174031835999997}},{"type":"Feature","id":548,"geometry":{"type":"Point","coordinates":[-124.23910833467741,43.388907358516832]},"properties":{"FID":548,"Id":0,"Site_Type":"BRIDGE","Name":"Poney Slough, Broadway St","POINT_X":-124.23909403099999,"POINT_Y":43.388902172800002}},{"type":"Feature","id":549,"geometry":{"type":"Point","coordinates":[-124.2319863524483,43.403696206846305]},"properties":{"FID":549,"Id":0,"Site_Type":"BRIDGE","Name":"Poney Slough, Vermont Ave","POINT_X":-124.231972047,"POINT_Y":43.403691019599997}},{"type":"Feature","id":550,"geometry":{"type":"Point","coordinates":[-124.41552558591945,43.003225145242709]},"properties":{"FID":550,"Id":0,"Site_Type":"BRIDGE","Name":"Fourmile Creek, Hwy 9","POINT_X":-124.415511325,"POINT_Y":43.003219999000002}},{"type":"Feature","id":551,"geometry":{"type":"Point","coordinates":[-124.20459116387319,43.564372968490275]},"properties":{"FID":551,"Id":0,"Site_Type":"BRIDGE","Name":"CORP over Hwy 9 Frtg Rd (Lakeside)","POINT_X":-124.204576833,"POINT_Y":43.564367769199997}},{"type":"Feature","id":552,"geometry":{"type":"Point","coordinates":[-124.19219128583792,43.57636986645776]},"properties":{"FID":552,"Id":0,"Site_Type":"BRIDGE","Name":"Tenmile Creek & CORP, Hwy 9 & Frtg Rd (Lakeside)","POINT_X":-124.19217695499999,"POINT_Y":43.576364665299998}},{"type":"Feature","id":553,"geometry":{"type":"Point","coordinates":[-124.19295327708046,43.576594867453295]},"properties":{"FID":553,"Id":0,"Site_Type":"BRIDGE","Name":"Tenmile Creek, Hwy 9 Frtg Rd","POINT_X":-124.192938946,"POINT_Y":43.576589666399997}},{"type":"Feature","id":554,"geometry":{"type":"Point","coordinates":[-124.34938350020863,43.13253182800873]},"properties":{"FID":554,"Id":0,"Site_Type":"BRIDGE","Name":"Bear Creek, Hwy 244","POINT_X":-124.34936922599999,"POINT_Y":43.132526667900002}},{"type":"Feature","id":555,"geometry":{"type":"Point","coordinates":[-124.22702633219919,43.173251118482135]},"properties":{"FID":555,"Id":0,"Site_Type":"BRIDGE","Name":"Pulaski Creek, Hwy 244","POINT_X":-124.227012069,"POINT_Y":43.1732459443}},{"type":"Feature","id":556,"geometry":{"type":"Point","coordinates":[-124.23065930442017,43.173340130234891]},"properties":{"FID":556,"Id":0,"Site_Type":"BRIDGE","Name":"Fat Elk Creek, Hwy 244","POINT_X":-124.230645041,"POINT_Y":43.173334956399998}},{"type":"Feature","id":557,"geometry":{"type":"Point","coordinates":[-124.35224747463235,43.132509837339555]},"properties":{"FID":557,"Id":0,"Site_Type":"BRIDGE","Name":"Bear Creek Oflow, Hwy 244","POINT_X":-124.3522332,"POINT_Y":43.132504677500002}},{"type":"Feature","id":558,"geometry":{"type":"Point","coordinates":[-124.19397286250194,43.356502491706145]},"properties":{"FID":558,"Id":0,"Site_Type":"BRIDGE","Name":"Isthmus Slough, Hwy 241 (Eastside)","POINT_X":-124.193958571,"POINT_Y":43.356497303600001}},{"type":"Feature","id":559,"geometry":{"type":"Point","coordinates":[-124.40711905657285,43.119085124935012]},"properties":{"FID":559,"Id":0,"Site_Type":"BRIDGE","Name":"Ferry Creek, Hwy 9","POINT_X":-124.407104777,"POINT_Y":43.1190799711}},{"type":"Feature","id":560,"geometry":{"type":"Point","coordinates":[-124.1923295392975,43.185758903026162]},"properties":{"FID":560,"Id":0,"Site_Type":"BRIDGE","Name":"Cunningham Creek, Hwy 35 (County Rd 249)","POINT_X":-124.192315279,"POINT_Y":43.185753724800001}},{"type":"Feature","id":561,"geometry":{"type":"Point","coordinates":[-124.14821547987174,43.288532930908438]},"properties":{"FID":561,"Id":0,"Site_Type":"BRIDGE","Name":"Catching Slough, County Rd 23 (Lone Tree)","POINT_X":-124.148201207,"POINT_Y":43.288527742399999}},{"type":"Feature","id":562,"geometry":{"type":"Point","coordinates":[-124.22181136640289,43.428884955562133]},"properties":{"FID":562,"Id":0,"Site_Type":"BRIDGE","Name":"Coos Bay, Hwy 9 (McCullough)","POINT_X":-124.22179705800001,"POINT_Y":43.4288797659}},{"type":"Feature","id":563,"geometry":{"type":"Point","coordinates":[-124.32120476717266,43.338914056178275]},"properties":{"FID":563,"Id":0,"Site_Type":"BRIDGE","Name":"South Slough, Hwy 240","POINT_X":-124.321190461,"POINT_Y":43.338908881199998}},{"type":"Feature","id":564,"geometry":{"type":"Point","coordinates":[-124.22398638775663,43.415907075437694]},"properties":{"FID":564,"Id":0,"Site_Type":"BRIDGE","Name":"Hwy 9 over COR (North Bend)","POINT_X":-124.223972081,"POINT_Y":43.415901886699999}},{"type":"Feature","id":565,"geometry":{"type":"Point","coordinates":[-124.17583401049481,43.362885377791315]},"properties":{"FID":565,"Id":0,"Site_Type":"BRIDGE","Name":"Catching Slough, Hwy 241","POINT_X":-124.175819721,"POINT_Y":43.362880187599998}},{"type":"Feature","id":566,"geometry":{"type":"Point","coordinates":[-124.20135879634304,43.355943521401635]},"properties":{"FID":566,"Id":0,"Site_Type":"BRIDGE","Name":"Hwy 241 over COR","POINT_X":-124.20134450400001,"POINT_Y":43.355938334000001}},{"type":"Feature","id":567,"geometry":{"type":"Point","coordinates":[-124.20938672163525,43.356054545837182]},"properties":{"FID":567,"Id":0,"Site_Type":"BRIDGE","Name":"Coalbank Slough, Hwy 9","POINT_X":-124.20937242799999,"POINT_Y":43.3560493592}},{"type":"Feature","id":568,"geometry":{"type":"Point","coordinates":[-124.08245987003355,43.365785048868105]},"properties":{"FID":568,"Id":0,"Site_Type":"BRIDGE","Name":"Coos River, County Rd 26 (Anson Roger)","POINT_X":-124.082445593,"POINT_Y":43.365779849500001}},{"type":"Feature","id":569,"geometry":{"type":"Point","coordinates":[-124.20582285134851,43.325943795160576]},"properties":{"FID":569,"Id":0,"Site_Type":"BRIDGE","Name":"Shinglehouse Slough, Hwy 9 SB","POINT_X":-124.20580856399999,"POINT_Y":43.325938610000001}},{"type":"Feature","id":570,"geometry":{"type":"Point","coordinates":[-124.22625579071963,43.288489186113019]},"properties":{"FID":570,"Id":0,"Site_Type":"BRIDGE","Name":"Davis Slough, Hwy 35 EB","POINT_X":-124.226241507,"POINT_Y":43.288484005100003}},{"type":"Feature","id":571,"geometry":{"type":"Point","coordinates":[-124.22506995269892,43.245736549352081]},"properties":{"FID":571,"Id":0,"Site_Type":"BRIDGE","Name":"Hwy 35 over COR","POINT_X":-124.225055677,"POINT_Y":43.2457313707}},{"type":"Feature","id":572,"geometry":{"type":"Point","coordinates":[-124.23573996385993,43.227375727044908]},"properties":{"FID":572,"Id":0,"Site_Type":"BRIDGE","Name":"Beaver Creek, Hwy 35 EB","POINT_X":-124.23572569,"POINT_Y":43.227370550499998}},{"type":"Feature","id":573,"geometry":{"type":"Point","coordinates":[-124.23597596164409,43.227419727569718]},"properties":{"FID":573,"Id":0,"Site_Type":"BRIDGE","Name":"Beaver Creek, Hwy 35 WB","POINT_X":-124.235961687,"POINT_Y":43.227414551099997}},{"type":"Feature","id":574,"geometry":{"type":"Point","coordinates":[-124.29062311620413,43.11615677415616]},"properties":{"FID":574,"Id":0,"Site_Type":"BRIDGE","Name":"Lampa Creek, Hwy 244","POINT_X":-124.290608854,"POINT_Y":43.116151609399999}},{"type":"Feature","id":575,"geometry":{"type":"Point","coordinates":[-124.41519433503564,43.051891726945655]},"properties":{"FID":575,"Id":0,"Site_Type":"BRIDGE","Name":"Twomile Creek, Hwy 9","POINT_X":-124.415180066,"POINT_Y":43.051886577799998}},{"type":"Feature","id":576,"geometry":{"type":"Point","coordinates":[-124.23222234015547,43.406618182011655]},"properties":{"FID":576,"Id":0,"Site_Type":"BRIDGE","Name":"Pony Creek, Hwy 240","POINT_X":-124.232208034,"POINT_Y":43.406612994600003}},{"type":"Feature","id":577,"geometry":{"type":"Point","coordinates":[-124.07091289469435,43.400226714265493]},"properties":{"FID":577,"Id":0,"Site_Type":"BRIDGE","Name":"Cattlepass, Hwy 241 at MP 9.13","POINT_X":-124.070898613,"POINT_Y":43.400221511799998}},{"type":"Feature","id":578,"geometry":{"type":"Point","coordinates":[-124.20567585317484,43.325860795560494]},"properties":{"FID":578,"Id":0,"Site_Type":"BRIDGE","Name":"Shinglehouse Slough, Hwy 9 NB","POINT_X":-124.205661566,"POINT_Y":43.325855610399998}},{"type":"Feature","id":579,"geometry":{"type":"Point","coordinates":[-124.22615879239322,43.288364187711146]},"properties":{"FID":579,"Id":0,"Site_Type":"BRIDGE","Name":"Davis Slough, Hwy 35 WB","POINT_X":-124.22614450899999,"POINT_Y":43.288359006699999}},{"type":"Feature","id":580,"geometry":{"type":"Point","coordinates":[-124.39538901288373,43.147092849497255]},"properties":{"FID":580,"Id":0,"Site_Type":"BRIDGE","Name":"Coquille River, Hwy 9 (Bullards)","POINT_X":-124.39537473,"POINT_Y":43.147087692900001}},{"type":"Feature","id":581,"geometry":{"type":"Point","coordinates":[-124.15303421269461,43.366182274861757]},"properties":{"FID":581,"Id":0,"Site_Type":"BRIDGE","Name":"Coos River, Hwy 241 (Chandler)","POINT_X":-124.153019926,"POINT_Y":43.366177082199997}},{"type":"Feature","id":582,"geometry":{"type":"Point","coordinates":[-124.21937584059214,43.291980134050291]},"properties":{"FID":582,"Id":0,"Site_Type":"BRIDGE","Name":"Hwy 35 over Hwy 9 NB","POINT_X":-124.219361557,"POINT_Y":43.291974952099999}},{"type":"Feature","id":583,"geometry":{"type":"Point","coordinates":[-124.39793606216521,43.133587972284538]},"properties":{"FID":583,"Id":0,"Site_Type":"BRIDGE","Name":"Hwy 9 over Private Rd at MP 260.59","POINT_X":-124.39792178099999,"POINT_Y":43.133582816699999}},{"type":"Feature","id":584,"geometry":{"type":"Point","coordinates":[-124.25929483104086,43.215605891843502]},"properties":{"FID":584,"Id":0,"Site_Type":"BRIDGE","Name":"Beaver Creek, County Rd 5A","POINT_X":-124.25928055599999,"POINT_Y":43.215600718200001}},{"type":"Feature","id":585,"geometry":{"type":"Point","coordinates":[-124.16202564786049,43.576916757478742]},"properties":{"FID":585,"Id":0,"Site_Type":"BRIDGE","Name":"Ten Mile Creek, County Rd 186","POINT_X":-124.16201132099999,"POINT_Y":43.576911553400002}},{"type":"Feature","id":586,"geometry":{"type":"Point","coordinates":[-124.09542344475109,43.568669566645688]},"properties":{"FID":586,"Id":0,"Site_Type":"BRIDGE","Name":"Benson Creek, Benson Creek Rd","POINT_X":-124.095409129,"POINT_Y":43.568664356600003}},{"type":"Feature","id":587,"geometry":{"type":"Point","coordinates":[-124.43017197613807,43.094599410212588]},"properties":{"FID":587,"Id":0,"Site_Type":"BRIDGE","Name":"Small Creek, Parkersburg Rd at MP 4.64","POINT_X":-124.430157698,"POINT_Y":43.094594260000001}},{"type":"Feature","id":588,"geometry":{"type":"Point","coordinates":[-124.18961956312579,43.465709532791131]},"properties":{"FID":588,"Id":0,"Site_Type":"BRIDGE","Name":"Haynes Slough, County Rd 7A","POINT_X":-124.189605253,"POINT_Y":43.465704337799998}},{"type":"Feature","id":589,"geometry":{"type":"Point","coordinates":[-124.34717250992213,43.134498805020257]},"properties":{"FID":589,"Id":0,"Site_Type":"BRIDGE","Name":"Bear Creek, County Rd 91","POINT_X":-124.347158236,"POINT_Y":43.134493644599999}},{"type":"Feature","id":590,"geometry":{"type":"Point","coordinates":[-124.18027885222158,43.401232060358616]},"properties":{"FID":590,"Id":0,"Site_Type":"BRIDGE","Name":"Russell/Willanch Creek, County Rd 202G","POINT_X":-124.18026455499999,"POINT_Y":43.4012268683}},{"type":"Feature","id":591,"geometry":{"type":"Point","coordinates":[-124.17653989119937,43.400085058556911]},"properties":{"FID":591,"Id":0,"Site_Type":"BRIDGE","Name":"Cattlepass, County Rd 28 at MP 0.60","POINT_X":-124.176525595,"POINT_Y":43.400079866200002}},{"type":"Feature","id":592,"geometry":{"type":"Point","coordinates":[-124.1390480208058,43.480762239241521]},"properties":{"FID":592,"Id":0,"Site_Type":"BRIDGE","Name":"Blackmoor/Larson Creek, County Rd 248G","POINT_X":-124.139033715,"POINT_Y":43.480757038599997}},{"type":"Feature","id":593,"geometry":{"type":"Point","coordinates":[-124.15712274215527,43.542402915227861]},"properties":{"FID":593,"Id":0,"Site_Type":"BRIDGE","Name":"Shutters Creek, County Rd 25","POINT_X":-124.157108423,"POINT_Y":43.542397712700001}},{"type":"Feature","id":594,"geometry":{"type":"Point","coordinates":[-124.21357301962152,43.252597455833936]},"properties":{"FID":594,"Id":0,"Site_Type":"BRIDGE","Name":"Noble Creek, County Rd 118G","POINT_X":-124.213558744,"POINT_Y":43.252592275700003}},{"type":"Feature","id":595,"geometry":{"type":"Point","coordinates":[-124.07906261276314,43.541827654144662]},"properties":{"FID":595,"Id":0,"Site_Type":"BRIDGE","Name":"Johnson Creek O'flow, Templeton Rd at MP 5.70","POINT_X":-124.079048305,"POINT_Y":43.541822444099999}},{"type":"Feature","id":596,"geometry":{"type":"Point","coordinates":[-124.07887361443881,43.541794653884949]},"properties":{"FID":596,"Id":0,"Site_Type":"BRIDGE","Name":"Johnson Creek, Templeton Rd at MP 5.80","POINT_X":-124.078859306,"POINT_Y":43.541789443799999}},{"type":"Feature","id":597,"geometry":{"type":"Point","coordinates":[-124.09737343546483,43.596758424719368]},"properties":{"FID":597,"Id":0,"Site_Type":"BRIDGE","Name":"Big Creek #1, County Rd 186G","POINT_X":-124.097359115,"POINT_Y":43.596753213200003}},{"type":"Feature","id":598,"geometry":{"type":"Point","coordinates":[-124.10117382543424,43.315896541132126]},"properties":{"FID":598,"Id":0,"Site_Type":"BRIDGE","Name":"Daniels Creek #4, County Rd 55G","POINT_X":-124.101159555,"POINT_Y":43.315891346500003}},{"type":"Feature","id":599,"geometry":{"type":"Point","coordinates":[-124.09717043787434,43.597502420010734]},"properties":{"FID":599,"Id":0,"Site_Type":"BRIDGE","Name":"Big Creek #3 Drainage, North Lake Rd","POINT_X":-124.097156117,"POINT_Y":43.597497208500002}},{"type":"Feature","id":600,"geometry":{"type":"Point","coordinates":[-124.19469740920862,43.49879226220034]},"properties":{"FID":600,"Id":0,"Site_Type":"BRIDGE","Name":"North Slough, County Rd 15","POINT_X":-124.19468309200001,"POINT_Y":43.498787065800002}},{"type":"Feature","id":601,"geometry":{"type":"Point","coordinates":[-124.10972069920238,43.33461840674704]},"properties":{"FID":601,"Id":0,"Site_Type":"BRIDGE","Name":"Daniels Creek, County Rd 55 (Dr. Stem)","POINT_X":-124.109706424,"POINT_Y":43.334613211899999}},{"type":"Feature","id":602,"geometry":{"type":"Point","coordinates":[-124.10327677816582,43.326607454864842]},"properties":{"FID":602,"Id":0,"Site_Type":"BRIDGE","Name":"Wren Creek, County Rd 55G","POINT_X":-124.103262505,"POINT_Y":43.326602259799998}},{"type":"Feature","id":603,"geometry":{"type":"Point","coordinates":[-124.10042682130053,43.320196501248944]},"properties":{"FID":603,"Id":0,"Site_Type":"BRIDGE","Name":"Daniels Creek, County Rd 55G (Oscar Franz)","POINT_X":-124.10041255,"POINT_Y":43.320191306300003}},{"type":"Feature","id":604,"geometry":{"type":"Point","coordinates":[-124.090837843166,43.345679250172751]},"properties":{"FID":604,"Id":0,"Site_Type":"BRIDGE","Name":"Morgan Creek, County Rd 189 at MP 0.16","POINT_X":-124.09082356899999,"POINT_Y":43.3456740528}},{"type":"Feature","id":605,"geometry":{"type":"Point","coordinates":[-124.09087384368834,43.345496251687962]},"properties":{"FID":605,"Id":0,"Site_Type":"BRIDGE","Name":"Morgan Creek, County Rd 189 at MP 0.17","POINT_X":-124.090859569,"POINT_Y":43.3454910544}},{"type":"Feature","id":606,"geometry":{"type":"Point","coordinates":[-124.31969101881757,43.276200564997303]},"properties":{"FID":606,"Id":0,"Site_Type":"BRIDGE","Name":"South Slough, County Rd 68","POINT_X":-124.319676724,"POINT_Y":43.276195393599998}},{"type":"Feature","id":607,"geometry":{"type":"Point","coordinates":[-124.18220906261664,43.326704711357102]},"properties":{"FID":607,"Id":0,"Site_Type":"BRIDGE","Name":"Ross Slough, County Rd 53","POINT_X":-124.182194778,"POINT_Y":43.326699523899997}},{"type":"Feature","id":608,"geometry":{"type":"Point","coordinates":[-124.35048653063859,43.125198892419853]},"properties":{"FID":608,"Id":0,"Site_Type":"BRIDGE","Name":"Charles Fellow Creek, County Rd 212","POINT_X":-124.350472258,"POINT_Y":43.1251937328}},{"type":"Feature","id":609,"geometry":{"type":"Point","coordinates":[-124.32690888311527,43.099402027905704]},"properties":{"FID":609,"Id":0,"Site_Type":"BRIDGE","Name":"Randleman Creek, County Rd 8","POINT_X":-124.326894618,"POINT_Y":43.099396867599999}},{"type":"Feature","id":610,"geometry":{"type":"Point","coordinates":[-124.18125481500388,43.148048154004378]},"properties":{"FID":610,"Id":0,"Site_Type":"BRIDGE","Name":"Cattlepass, County Rd 10A at MP 2.16","POINT_X":-124.181240563,"POINT_Y":43.148042977000003}},{"type":"Feature","id":611,"geometry":{"type":"Point","coordinates":[-124.21742284804662,43.294936101955436]},"properties":{"FID":611,"Id":0,"Site_Type":"BRIDGE","Name":"Sign Truss Br, Hwy 9 SB at MP 244.10","POINT_X":-124.217408564,"POINT_Y":43.294930919700001}},{"type":"Feature","id":612,"geometry":{"type":"Point","coordinates":[-124.23513320738203,43.437826921003257]},"properties":{"FID":612,"Id":0,"Site_Type":"BRIDGE","Name":"North Slough, Menasha Rd #218","POINT_X":-124.235118896,"POINT_Y":43.437821732000003}},{"type":"Feature","id":613,"geometry":{"type":"Point","coordinates":[-124.30988886494077,43.339814012213594]},"properties":{"FID":613,"Id":0,"Site_Type":"BRIDGE","Name":"Joe Ney Slough, County Rd 43","POINT_X":-124.30987456,"POINT_Y":43.339808836099998}},{"type":"Feature","id":614,"geometry":{"type":"Point","coordinates":[-124.08295487383894,43.362682077351671]},"properties":{"FID":614,"Id":0,"Site_Type":"BRIDGE","Name":"Daniel Creek, Stein Smith Rd #145","POINT_X":-124.08294059799999,"POINT_Y":43.362676878199998}},{"type":"Feature","id":615,"geometry":{"type":"Point","coordinates":[-124.20112349641138,43.180416973839485]},"properties":{"FID":615,"Id":0,"Site_Type":"BRIDGE","Name":"Cunningham Creek, Hwy 35 at MP 10.45","POINT_X":-124.20110923599999,"POINT_Y":43.180411796800001}},{"type":"Feature","id":616,"geometry":{"type":"Point","coordinates":[-124.19925651948259,43.178869979530887]},"properties":{"FID":616,"Id":0,"Site_Type":"BRIDGE","Name":"Cunningham Creek Oflow, Hwy 35","POINT_X":-124.199242259,"POINT_Y":43.1788648024}},{"type":"Feature","id":617,"geometry":{"type":"Point","coordinates":[-124.23452025515765,43.176737117399774]},"properties":{"FID":617,"Id":0,"Site_Type":"BRIDGE","Name":"Reservoir Creek, Hwy 244","POINT_X":-124.23450599,"POINT_Y":43.176731943699998}},{"type":"Feature","id":618,"geometry":{"type":"Point","coordinates":[-124.22530889650491,43.259361436124578]},"properties":{"FID":618,"Id":0,"Site_Type":"BRIDGE","Name":"Manning Gulch Slough, Hwy 35","POINT_X":-124.22529461800001,"POINT_Y":43.259356256700002}},{"type":"Feature","id":619,"geometry":{"type":"Point","coordinates":[-124.34874754646447,43.1252128865125]},"properties":{"FID":619,"Id":0,"Site_Type":"BRIDGE","Name":"Bear Creek, County Rd 212G","POINT_X":-124.348733274,"POINT_Y":43.125207726699998}},{"type":"Feature","id":620,"geometry":{"type":"Point","coordinates":[-124.40711905657285,43.119085124935012]},"properties":{"FID":620,"Id":0,"Site_Type":"BRIDGE","Name":"Ferry Creek, Hwy 9 R/W Rt at MP 273.80","POINT_X":-124.407104777,"POINT_Y":43.1190799711}},{"type":"Feature","id":621,"geometry":{"type":"Point","coordinates":[-124.24993690900834,43.216164862347931]},"properties":{"FID":621,"Id":0,"Site_Type":"BRIDGE","Name":"Chrome/Beaver Slough, County Rd 5A","POINT_X":-124.249922635,"POINT_Y":43.216159687800001}},{"type":"Feature","id":622,"geometry":{"type":"Point","coordinates":[-124.1834144064527,43.567491879702345]},"properties":{"FID":622,"Id":0,"Site_Type":"BRIDGE","Name":"Ten Mile Creek, Hilltop Road  (County Rd 251)","POINT_X":-124.18340007899999,"POINT_Y":43.567486678199998}},{"type":"Feature","id":623,"geometry":{"type":"Point","coordinates":[-124.17427306571378,43.349496488606107]},"properties":{"FID":623,"Id":0,"Site_Type":"BRIDGE","Name":"Ross Slough, County Rd 205","POINT_X":-124.174258779,"POINT_Y":43.349491299}},{"type":"Feature","id":624,"geometry":{"type":"Point","coordinates":[-124.17817269735397,43.458987553720725]},"properties":{"FID":624,"Id":0,"Site_Type":"BRIDGE","Name":"Larson Creek, County Rd 17","POINT_X":-124.17815838999999,"POINT_Y":43.458982358100002}},{"type":"Feature","id":625,"geometry":{"type":"Point","coordinates":[-124.2201753453338,43.439912854504378]},"properties":{"FID":625,"Id":0,"Site_Type":"BRIDGE","Name":"Haynes Inlet Slough, Hwy 9","POINT_X":-124.220161035,"POINT_Y":43.439907664000003}},{"type":"Feature","id":626,"geometry":{"type":"Point","coordinates":[-124.22688678024724,43.289783177236203]},"properties":{"FID":626,"Id":0,"Site_Type":"BRIDGE","Name":"Davis Slough, Hwy 9 at MP 244.82","POINT_X":-124.226872496,"POINT_Y":43.289777996200002}},{"type":"Feature","id":627,"geometry":{"type":"Point","coordinates":[-124.19573476173089,43.137145288893237]},"properties":{"FID":627,"Id":0,"Site_Type":"BRIDGE","Name":"Graydon-Anderson Slough, County Rd 10A","POINT_X":-124.195720509,"POINT_Y":43.137140113900003}},{"type":"Feature","id":628,"geometry":{"type":"Point","coordinates":[-124.19383953226185,43.462137577172172]},"properties":{"FID":628,"Id":0,"Site_Type":"BRIDGE","Name":"Larson Slough, County Rd 7A","POINT_X":-124.193825222,"POINT_Y":43.4621323828}},{"type":"Feature","id":629,"geometry":{"type":"Point","coordinates":[-124.09637343502636,43.572308550635995]},"properties":{"FID":629,"Id":0,"Site_Type":"BRIDGE","Name":"Drainage Ditch, Benson Creek Rd","POINT_X":-124.096359119,"POINT_Y":43.5723033405}},{"type":"Feature","id":630,"geometry":{"type":"Point","coordinates":[-124.21987207266938,43.530095187627133]},"properties":{"FID":630,"Id":0,"Site_Type":"BRIDGE","Name":"Saunders Lake, County Rd 220A","POINT_X":-124.219857746,"POINT_Y":43.530089991799997}},{"type":"Feature","id":631,"geometry":{"type":"Point","coordinates":[-124.40900803425036,43.120099122116486]},"properties":{"FID":631,"Id":0,"Site_Type":"BRIDGE","Name":"Creek, Fillmore Ave","POINT_X":-124.40899375399999,"POINT_Y":43.120093968399999}},{"type":"Feature","id":632,"geometry":{"type":"Point","coordinates":[-124.42883697953056,42.966314385169248]},"properties":{"FID":632,"Id":0,"Site_Type":"BRIDGE","Name":"Bethel Creek, Hwy 9","POINT_X":-124.428822724,"POINT_Y":42.966309242299999}},{"type":"Feature","id":633,"geometry":{"type":"Point","coordinates":[-124.2086759053703,43.300950021208251]},"properties":{"FID":633,"Id":0,"Site_Type":"BRIDGE","Name":"Coos City/Isthmus Slough, FAS A-396","POINT_X":-124.20866162199999,"POINT_Y":43.300944837800003}},{"type":"Feature","id":634,"geometry":{"type":"Point","coordinates":[-124.17823160359983,43.195161782702968]},"properties":{"FID":634,"Id":0,"Site_Type":"BRIDGE","Name":"CUNNINGHAM CREEK, COUNTY RD 9","POINT_X":-124.178217343,"POINT_Y":43.195156602600001}},{"type":"Feature","id":635,"geometry":{"type":"Point","coordinates":[-124.09797342562332,43.593552444287027]},"properties":{"FID":635,"Id":0,"Site_Type":"BRIDGE","Name":"Noble Creek, North Lake Lane (County Rd 186)","POINT_X":-124.097959105,"POINT_Y":43.593547233000002}},{"type":"Feature","id":636,"geometry":{"type":"Point","coordinates":[-124.26703379705802,43.209739959951918]},"properties":{"FID":636,"Id":0,"Site_Type":"BRIDGE","Name":"Leneve Creek, County Rd 5A","POINT_X":-124.26701952099999,"POINT_Y":43.209734787400002}},{"type":"Feature","id":637,"geometry":{"type":"Point","coordinates":[-124.18858370907355,43.422217905981945]},"properties":{"FID":637,"Id":0,"Site_Type":"BRIDGE","Name":"Kentuck Slough, County Rd 45","POINT_X":-124.188569407,"POINT_Y":43.422212713500002}},{"type":"Feature","id":638,"geometry":{"type":"Point","coordinates":[-124.15595405531317,43.410884897977247]},"properties":{"FID":638,"Id":0,"Site_Type":"BRIDGE","Name":"WILLANCH CREEK WEST BRIDGE","POINT_X":-124.15593976,"POINT_Y":43.410879702999999}},{"type":"Feature","id":639,"geometry":{"type":"Point","coordinates":[-124.09614243736235,43.572125551195754]},"properties":{"FID":639,"Id":0,"Site_Type":"BRIDGE","Name":"Copple Creek, Benson Creek Rd","POINT_X":-124.09612812100001,"POINT_Y":43.572120341000002}},{"type":"Feature","id":640,"geometry":{"type":"Point","coordinates":[-124.10191735832436,43.54332772384609]},"properties":{"FID":640,"Id":0,"Site_Type":"BRIDGE","Name":"ROBERTSON CREEK, TEMPLETON RD","POINT_X":-124.10190304699999,"POINT_Y":43.543322515900002}},{"type":"Feature","id":641,"geometry":{"type":"Point","coordinates":[-124.1320172667438,43.417512762585872]},"properties":{"FID":641,"Id":0,"Site_Type":"BRIDGE","Name":"WILLANCH CREEK BRIDGE @ MP 3.50 WILLANCH WAY","POINT_X":-124.132002974,"POINT_Y":43.417507564899999}},{"type":"Feature","id":642,"geometry":{"type":"Point","coordinates":[-124.22399141295267,43.40861513804564]},"properties":{"FID":642,"Id":0,"Site_Type":"BRIDGE","Name":"Sign Cantilever Br, Hwy 009 SB at MP 235.29","POINT_X":-124.223977108,"POINT_Y":43.408609949700001}},{"type":"Feature","id":643,"geometry":{"type":"Point","coordinates":[-124.22399141522776,43.407935144614108]},"properties":{"FID":643,"Id":0,"Site_Type":"BRIDGE","Name":"Sign Cantilever Br, Hwy 009 SB at MP 235.35","POINT_X":-124.22397711000001,"POINT_Y":43.407929956300002}},{"type":"Feature","id":644,"geometry":{"type":"Point","coordinates":[-124.22408341759804,43.406657155537431]},"properties":{"FID":644,"Id":0,"Site_Type":"BRIDGE","Name":"Sign Cantilever Br, Hwy 009 SB at MP 235.42","POINT_X":-124.224069113,"POINT_Y":43.4066519673}},{"type":"Feature","id":645,"geometry":{"type":"Point","coordinates":[-124.22288342859346,43.406865149638776]},"properties":{"FID":645,"Id":0,"Site_Type":"BRIDGE","Name":"Sign Cantilever Br, Hwy 009 NB at MP 235.41","POINT_X":-124.222869124,"POINT_Y":43.4068599613}},{"type":"Feature","id":646,"geometry":{"type":"Point","coordinates":[-124.22283343194718,43.406096156542155]},"properties":{"FID":646,"Id":0,"Site_Type":"BRIDGE","Name":"Sign Cantilever Br, Hwy 009 NB at MP 235.49","POINT_X":-124.222819128,"POINT_Y":43.406090968299999}},{"type":"Feature","id":647,"geometry":{"type":"Point","coordinates":[-124.2224114419452,43.404204171626418]},"properties":{"FID":647,"Id":0,"Site_Type":"BRIDGE","Name":"Sign Cantilever Br, Hwy 009 NB at MP 235.62","POINT_X":-124.22239713800001,"POINT_Y":43.404198983400001}},{"type":"Feature","id":648,"geometry":{"type":"Point","coordinates":[-124.21297264299348,43.369946437378921]},"properties":{"FID":648,"Id":0,"Site_Type":"BRIDGE","Name":"Sign Cantilever Br, Hwy 009 SB at MP 238.14","POINT_X":-124.212958347,"POINT_Y":43.369941250300002}},{"type":"Feature","id":649,"geometry":{"type":"Point","coordinates":[-124.2130416469095,43.368646449019771]},"properties":{"FID":649,"Id":0,"Site_Type":"BRIDGE","Name":"Sign Cantilever Br, Hwy 009 SB at MP 238.23","POINT_X":-124.21302735099999,"POINT_Y":43.368641261999997}},{"type":"Feature","id":650,"geometry":{"type":"Point","coordinates":[-124.21228365402695,43.368618447138267]},"properties":{"FID":650,"Id":0,"Site_Type":"BRIDGE","Name":"Sign Cantilever Br, Hwy 009 NB at MP 238.20","POINT_X":-124.212269358,"POINT_Y":43.368613259999997}},{"type":"Feature","id":651,"geometry":{"type":"Point","coordinates":[-124.21234165557863,43.368085451238542]},"properties":{"FID":651,"Id":0,"Site_Type":"BRIDGE","Name":"Sign Cantilever Br, Hwy 009 NB at MP 238.25","POINT_X":-124.21232736,"POINT_Y":43.368080264200003}},{"type":"Feature","id":652,"geometry":{"type":"Point","coordinates":[-124.21246165661553,43.36726545882464]},"properties":{"FID":652,"Id":0,"Site_Type":"BRIDGE","Name":"Sign Cantilever Br, Hwy 009 NB at MP 238.32","POINT_X":-124.212447361,"POINT_Y":43.367260271799999}},{"type":"Feature","id":653,"geometry":{"type":"Point","coordinates":[-124.14427346089956,43.307740752484328]},"properties":{"FID":653,"Id":0,"Site_Type":"BRIDGE","Name":"Matson Creek, Catching Slough Rd.","POINT_X":-124.144259186,"POINT_Y":43.3077355625}},{"type":"Feature","id":654,"geometry":{"type":"Point","coordinates":[-124.15497276908563,43.538327928796498]},"properties":{"FID":654,"Id":0,"Site_Type":"BRIDGE","Name":"Shutter Creek, Larsen Ranch Rd.","POINT_X":-124.154958451,"POINT_Y":43.538322726300002}},{"type":"Feature","id":655,"geometry":{"type":"Point","coordinates":[-124.13380964892201,43.273828010857194]},"properties":{"FID":655,"Id":0,"Site_Type":"BRIDGE","Name":"Cardwell Creek    Summer-Fairview Rd at MP 5.50","POINT_X":-124.133795381,"POINT_Y":43.273822821899998}},{"type":"Feature","id":656,"geometry":{"type":"Point","coordinates":[-124.15204246275724,43.282763993554816]},"properties":{"FID":656,"Id":0,"Site_Type":"BRIDGE","Name":"Sumner-Catching Slough, County Rd 59","POINT_X":-124.152028191,"POINT_Y":43.2827588058}},{"type":"Feature","id":657,"geometry":{"type":"Point","coordinates":[-124.27811731211588,43.101287851736345]},"properties":{"FID":657,"Id":0,"Site_Type":"BRIDGE","Name":"Lampa Creek, County Rd 4C","POINT_X":-124.278103054,"POINT_Y":43.101282686700003}},{"type":"Feature","id":658,"geometry":{"type":"Point","coordinates":[-124.15209022267784,43.365815275205513]},"properties":{"FID":658,"Id":0,"Site_Type":"BRIDGE","Name":"Lillian Creek, County Rd 6","POINT_X":-124.152075936,"POINT_Y":43.365810082499998}},{"type":"Feature","id":659,"geometry":{"type":"Point","coordinates":[-124.1908557512855,43.401543091777505]},"properties":{"FID":659,"Id":0,"Site_Type":"BRIDGE","Name":"Willanch Slough, County Rd 45","POINT_X":-124.190841452,"POINT_Y":43.401537900699999}},{"type":"Feature","id":660,"geometry":{"type":"Point","coordinates":[-124.42450467272222,43.124774253169626]},"properties":{"FID":660,"Id":0,"Site_Type":"LIGHTHOUSE","Name":"Coquille Lighthouse","POINT_X":-124.42449039,"POINT_Y":43.124769100599998}},{"type":"Feature","id":661,"geometry":{"type":"Point","coordinates":[-124.24357521311457,43.41827120894142]},"properties":{"FID":661,"Id":0,"Site_Type":"AIRPORT","Name":"Southwest Oregon Regional Airport","POINT_X":-124.24356090400001,"POINT_Y":43.418266021900003}},{"type":"Feature","id":662,"geometry":{"type":"Point","coordinates":[-124.24123957092905,43.380387863539035]},"properties":{"FID":662,"Id":0,"Site_Type":"BRIDGE","Name":" ","POINT_X":-124.241225269,"POINT_Y":43.380382678499998}},{"type":"Feature","id":663,"geometry":{"type":"Point","coordinates":[-124.39913155692105,43.131300210680628]},"properties":{"FID":663,"Id":0,"Site_Type":"TSUNAMI SIREN","Name":"Bandon","POINT_X":-124.399117276,"POINT_Y":43.131295055300001}},{"type":"Feature","id":664,"geometry":{"type":"Point","coordinates":[-124.39873166329495,43.118545065218719]},"properties":{"FID":664,"Id":0,"Site_Type":"TSUNAMI SIREN","Name":"Bandon","POINT_X":-124.398717385,"POINT_Y":43.118539910599999}},{"type":"Feature","id":665,"geometry":{"type":"Point","coordinates":[-124.41092790002575,43.118451126256609]},"properties":{"FID":665,"Id":0,"Site_Type":"TSUNAMI SIREN","Name":"Bandon","POINT_X":-124.41091362,"POINT_Y":43.118445972799996}},{"type":"Feature","id":666,"geometry":{"type":"Point","coordinates":[-124.42944931745575,43.114545055134151]},"properties":{"FID":666,"Id":0,"Site_Type":"TSUNAMI SIREN","Name":"Bandon","POINT_X":-124.429435035,"POINT_Y":43.114539903599997}},{"type":"Feature","id":667,"geometry":{"type":"Point","coordinates":[-124.23386832359219,43.400943168970095]},"properties":{"FID":667,"Id":0,"Site_Type":"TSUNAMI SIREN","Name":"North Bend","POINT_X":-124.23385401900001,"POINT_Y":43.400937982099997}},{"type":"Feature","id":668,"geometry":{"type":"Point","coordinates":[-124.27343476475444,43.391017629985164]},"properties":{"FID":668,"Id":0,"Site_Type":"TSUNAMI SIREN","Name":"Empire","POINT_X":-124.273420456,"POINT_Y":43.391012447400001}},{"type":"Feature","id":669,"geometry":{"type":"Point","coordinates":[-124.32440412821829,43.34433740755432]},"properties":{"FID":669,"Id":0,"Site_Type":"COAST GUARD","Name":"Coast Guard Coos Bay","POINT_X":-124.32438981999999,"POINT_Y":43.344332232600003}},{"type":"Feature","id":670,"geometry":{"type":"Point","coordinates":[-124.25974328143296,43.393026302038713]},"properties":{"FID":670,"Id":0,"Site_Type":"COAST GUARD","Name":"Oregon Coast National Guard","POINT_X":-124.259728974,"POINT_Y":43.393021118100002}},{"type":"Feature","id":671,"geometry":{"type":"Point","coordinates":[-124.29664181954406,43.362299904508959]},"properties":{"FID":671,"Id":0,"Site_Type":"LAW ENFORCEMENT","Name":"COQUILLE INDIAN TRIBAL POLICE DEPARTMENT","POINT_X":-124.296627512,"POINT_Y":43.3622947259}},{"type":"Feature","id":672,"geometry":{"type":"Point","coordinates":[-124.24214205963899,43.409894854502376]},"properties":{"FID":672,"Id":0,"Site_Type":"COAST GUARD","Name":"U.S. Coast Guard","POINT_X":-124.242127752,"POINT_Y":43.409889667900003}},{"type":"Feature","id":673,"geometry":{"type":"Point","coordinates":[-124.34035032484276,43.346833481522758]},"properties":{"FID":673,"Id":0,"Site_Type":"COAST GUARD","Name":"Coast Guard Station Coos Bay","POINT_X":-124.340336014,"POINT_Y":43.346828307999999}},{"type":"Feature","id":674,"geometry":{"type":"Point","coordinates":[-124.28142642744207,42.056335050807668]},"properties":{"FID":674,"Id":0,"Site_Type":"SCHOOL","Name":"Azalea Middle School","POINT_X":-124.281412346,"POINT_Y":42.056329949599998}},{"type":"Feature","id":675,"geometry":{"type":"Point","coordinates":[-124.28014288100015,42.057153332022978]},"properties":{"FID":675,"Id":0,"Site_Type":"SCHOOL","Name":"Brookings-Harbor High School","POINT_X":-124.2801288,"POINT_Y":42.057148230599999}},{"type":"Feature","id":676,"geometry":{"type":"Point","coordinates":[-124.28272021007729,42.059369803651201]},"properties":{"FID":676,"Id":0,"Site_Type":"SCHOOL","Name":"Kalmiopsis Elementary School","POINT_X":-124.282706128,"POINT_Y":42.059364702400003}},{"type":"Feature","id":677,"geometry":{"type":"Point","coordinates":[-124.42193746023547,42.408780206982179]},"properties":{"FID":677,"Id":0,"Site_Type":"SCHOOL","Name":"Gold Beach High School","POINT_X":-124.42192330100001,"POINT_Y":42.408775096900001}},{"type":"Feature","id":678,"geometry":{"type":"Point","coordinates":[-124.41408021190367,42.409909801934838]},"properties":{"FID":678,"Id":0,"Site_Type":"SCHOOL","Name":"Riley Creek Elementary School","POINT_X":-124.414066053,"POINT_Y":42.409904691100003}},{"type":"Feature","id":679,"geometry":{"type":"Point","coordinates":[-124.49690021547461,42.748549801205861]},"properties":{"FID":679,"Id":0,"Site_Type":"SCHOOL","Name":"Driftwood Elementary School","POINT_X":-124.496885988,"POINT_Y":42.748544677700004}},{"type":"Feature","id":680,"geometry":{"type":"Point","coordinates":[-124.47199021691695,42.845799800114278]},"properties":{"FID":680,"Id":0,"Site_Type":"SCHOOL","Name":"Pacific High School","POINT_X":-124.471975976,"POINT_Y":42.845794668499998}},{"type":"Feature","id":681,"geometry":{"type":"Point","coordinates":[-124.41273021204381,42.372439802510129]},"properties":{"FID":681,"Id":0,"Site_Type":"LAW ENFORCEMENT","Name":"Oregon State Police","POINT_X":-124.41271605999999,"POINT_Y":42.372434693800002}},{"type":"Feature","id":682,"geometry":{"type":"Point","coordinates":[-124.4210582747811,42.410550844926661]},"properties":{"FID":682,"Id":0,"Site_Type":"LAW ENFORCEMENT","Name":"Gold Beach City Police Department","POINT_X":-124.421044115,"POINT_Y":42.410545734700001}},{"type":"Feature","id":683,"geometry":{"type":"Point","coordinates":[-124.41853021237732,42.411369801214001]},"properties":{"FID":683,"Id":0,"Site_Type":"HOSPITAL","Name":"Curry General Hospital","POINT_X":-124.418516053,"POINT_Y":42.411364690699997}},{"type":"Feature","id":684,"geometry":{"type":"Point","coordinates":[-124.32287020987359,42.12582980271938]},"properties":{"FID":684,"Id":0,"Site_Type":"FIRE DEPARTMENT","Name":"Cape Ferrelo RFPD","POINT_X":-124.322856112,"POINT_Y":42.125824700999999}},{"type":"Feature","id":685,"geometry":{"type":"Point","coordinates":[-124.36804021271929,42.487749802013198]},"properties":{"FID":685,"Id":0,"Site_Type":"FIRE DEPARTMENT","Name":"Cedar Valley Fire Department","POINT_X":-124.368026048,"POINT_Y":42.487744682200002}},{"type":"Feature","id":686,"geometry":{"type":"Point","coordinates":[-124.25482702054893,42.042863862289678]},"properties":{"FID":686,"Id":0,"Site_Type":"FIRE DEPARTMENT","Name":"Harbor RFPD","POINT_X":-124.254812946,"POINT_Y":42.0428587595}},{"type":"Feature","id":687,"geometry":{"type":"Point","coordinates":[-124.44846021810403,42.925619801108823]},"properties":{"FID":687,"Id":0,"Site_Type":"FIRE DEPARTMENT","Name":"Langlois RFPD","POINT_X":-124.44844596599999,"POINT_Y":42.925614662500003}},{"type":"Feature","id":688,"geometry":{"type":"Point","coordinates":[-124.41505021340147,42.501829801663497]},"properties":{"FID":688,"Id":0,"Site_Type":"FIRE DEPARTMENT","Name":"Ophir RFPD","POINT_X":-124.415036039,"POINT_Y":42.501824685300001}},{"type":"Feature","id":689,"geometry":{"type":"Point","coordinates":[-124.39496021087524,42.276839802773466]},"properties":{"FID":689,"Id":0,"Site_Type":"FIRE DEPARTMENT","Name":"Pistol River Fire District","POINT_X":-124.394946077,"POINT_Y":42.2768346983}},{"type":"Feature","id":690,"geometry":{"type":"Point","coordinates":[-124.47833021637368,42.831919799984995]},"properties":{"FID":690,"Id":0,"Site_Type":"FIRE DEPARTMENT","Name":"Sixes RFPD","POINT_X":-124.47831597699999,"POINT_Y":42.8319146698}},{"type":"Feature","id":691,"geometry":{"type":"Point","coordinates":[-124.20489020985278,42.08659980376472]},"properties":{"FID":691,"Id":0,"Site_Type":"FIRE DEPARTMENT","Name":"Upper Chetco RFPD","POINT_X":-124.20487613500001,"POINT_Y":42.0865946937}},{"type":"Feature","id":692,"geometry":{"type":"Point","coordinates":[-124.16581020905318,42.034259804891818]},"properties":{"FID":692,"Id":0,"Site_Type":"FIRE DEPARTMENT","Name":"Winchuck RFPD","POINT_X":-124.165796148,"POINT_Y":42.034254694600001}},{"type":"Feature","id":693,"geometry":{"type":"Point","coordinates":[-124.49854558851473,42.754016104676403]},"properties":{"FID":693,"Id":0,"Site_Type":"FIRE DEPARTMENT","Name":"Port Orford Rural Fire Dist","POINT_X":-124.498531359,"POINT_Y":42.754010981}},{"type":"Feature","id":694,"geometry":{"type":"Point","coordinates":[-124.287430208953,42.055369803343119]},"properties":{"FID":694,"Id":0,"Site_Type":"LAW ENFORCEMENT","Name":"Brookings Police Department","POINT_X":-124.287416127,"POINT_Y":42.055364702699997}},{"type":"Feature","id":695,"geometry":{"type":"Point","coordinates":[-124.41809771068849,42.417089476669275]},"properties":{"FID":695,"Id":0,"Site_Type":"LAW ENFORCEMENT","Name":"Curry County Sheriff's Office","POINT_X":-124.41808355000001,"POINT_Y":42.417084365800001}},{"type":"Feature","id":696,"geometry":{"type":"Point","coordinates":[-124.26195886328428,42.049389893344483]},"properties":{"FID":696,"Id":0,"Site_Type":"LAW ENFORCEMENT","Name":"CURRY COUNTY SHERIFFS OFFICE - SOUTH COUNTY SUBSTATION","POINT_X":-124.261944786,"POINT_Y":42.049384790799998}},{"type":"Feature","id":697,"geometry":{"type":"Point","coordinates":[-124.28773880116186,42.058720223774799]},"properties":{"FID":697,"Id":0,"Site_Type":"SCHOOL","Name":"Brookings Harbor Christian School","POINT_X":-124.287724719,"POINT_Y":42.058715122999999}},{"type":"Feature","id":698,"geometry":{"type":"Point","coordinates":[-124.4985409872847,42.753892267891807]},"properties":{"FID":698,"Id":0,"Site_Type":"LAW ENFORCEMENT","Name":"Port Orford Police Department","POINT_X":-124.498526758,"POINT_Y":42.7538871442}},{"type":"Feature","id":699,"geometry":{"type":"Point","coordinates":[-124.42126378982707,42.410538766207587]},"properties":{"FID":699,"Id":0,"Site_Type":"FIRE DEPARTMENT","Name":"Gold Beach Volenteer FD","POINT_X":-124.42124963000001,"POINT_Y":42.410533655999998}},{"type":"Feature","id":700,"geometry":{"type":"Point","coordinates":[-124.28729434743806,42.055371328044551]},"properties":{"FID":700,"Id":0,"Site_Type":"FIRE DEPARTMENT","Name":"Brookings Fire/Rescue","POINT_X":-124.287280266,"POINT_Y":42.0553662274}},{"type":"Feature","id":701,"geometry":{"type":"Point","coordinates":[-124.47994821627027,42.749949800388023]},"properties":{"FID":701,"Id":0,"Site_Type":"FIRE DEPARTMENT","Name":"Fire station","POINT_X":-124.479933991,"POINT_Y":42.749944675199998}},{"type":"Feature","id":702,"geometry":{"type":"Point","coordinates":[-124.44869181860021,42.921760310143192]},"properties":{"FID":702,"Id":0,"Site_Type":"SCHOOL","Name":"Driftwood School","POINT_X":-124.44867756799999,"POINT_Y":42.921755171800001}},{"type":"Feature","id":703,"geometry":{"type":"Point","coordinates":[-124.42012864437751,42.412981275873022]},"properties":{"FID":703,"Id":0,"Site_Type":"HOSPITAL","Name":"North Bend Medical Center","POINT_X":-124.420114484,"POINT_Y":42.412976165400003}},{"type":"Feature","id":704,"geometry":{"type":"Point","coordinates":[-124.48244702677322,42.81679541545595]},"properties":{"FID":704,"Id":0,"Site_Type":"BRIDGE","Name":"Sixes River, Hwy 9","POINT_X":-124.482432789,"POINT_Y":42.816790286500002}},{"type":"Feature","id":705,"geometry":{"type":"Point","coordinates":[-124.48915338077293,42.794479576011788]},"properties":{"FID":705,"Id":0,"Site_Type":"BRIDGE","Name":"Elk River, Hwy 9","POINT_X":-124.489139146,"POINT_Y":42.794474448999999}},{"type":"Feature","id":706,"geometry":{"type":"Point","coordinates":[-124.46210491121145,42.890819914005519]},"properties":{"FID":706,"Id":0,"Site_Type":"BRIDGE","Name":"Willow Creek, Hwy 9","POINT_X":-124.462090664,"POINT_Y":42.890814778799999}},{"type":"Feature","id":707,"geometry":{"type":"Point","coordinates":[-124.44482921191995,42.942625569081549]},"properties":{"FID":707,"Id":0,"Site_Type":"BRIDGE","Name":"Morton Creek, Hwy 9","POINT_X":-124.44481495799999,"POINT_Y":42.942620429199998}},{"type":"Feature","id":708,"geometry":{"type":"Point","coordinates":[-124.48288595879849,42.820720396529588]},"properties":{"FID":708,"Id":0,"Site_Type":"BRIDGE","Name":"Crystal Creek, Hwy 9","POINT_X":-124.48287172000001,"POINT_Y":42.820715267399997}},{"type":"Feature","id":709,"geometry":{"type":"Point","coordinates":[-124.40429654474671,42.304828726672014]},"properties":{"FID":709,"Id":0,"Site_Type":"BRIDGE","Name":"Myers Creek, Hwy 255","POINT_X":-124.404282405,"POINT_Y":42.304823621300002}},{"type":"Feature","id":710,"geometry":{"type":"Point","coordinates":[-124.26913391242751,42.054929043584544]},"properties":{"FID":710,"Id":0,"Site_Type":"BRIDGE","Name":"Chetco River, Hwy 9","POINT_X":-124.269119833,"POINT_Y":42.054923941299997}},{"type":"Feature","id":711,"geometry":{"type":"Point","coordinates":[-124.41323083861735,42.427401351414197]},"properties":{"FID":711,"Id":0,"Site_Type":"BRIDGE","Name":"Rogue River, Hwy 9 (Gold Beach, Isaac Patterson)","POINT_X":-124.41321667699999,"POINT_Y":42.427396239399997}},{"type":"Feature","id":712,"geometry":{"type":"Point","coordinates":[-124.41188848217836,42.661551452375299]},"properties":{"FID":712,"Id":0,"Site_Type":"BRIDGE","Name":"Brush Creek, Hwy 9 at MP 309.56","POINT_X":-124.411874281,"POINT_Y":42.661546326100002}},{"type":"Feature","id":713,"geometry":{"type":"Point","coordinates":[-124.41912134728607,42.670915480993735]},"properties":{"FID":713,"Id":0,"Site_Type":"BRIDGE","Name":"Bear Trap Creek, Hwy 9","POINT_X":-124.41910714399999,"POINT_Y":42.6709103548}},{"type":"Feature","id":714,"geometry":{"type":"Point","coordinates":[-124.39343916983931,42.613032425671904]},"properties":{"FID":714,"Id":0,"Site_Type":"BRIDGE","Name":"Mussel Creek, Hwy 9","POINT_X":-124.39342498000001,"POINT_Y":42.613027300600002}},{"type":"Feature","id":715,"geometry":{"type":"Point","coordinates":[-124.47666533938812,42.737062752184244]},"properties":{"FID":715,"Id":0,"Site_Type":"BRIDGE","Name":"Hubbard Creek, Hwy 9","POINT_X":-124.476651116,"POINT_Y":42.7370576275}},{"type":"Feature","id":716,"geometry":{"type":"Point","coordinates":[-124.40227784242011,42.636323436445316]},"properties":{"FID":716,"Id":0,"Site_Type":"BRIDGE","Name":"Rinehart Creek, Hwy 9","POINT_X":-124.402263647,"POINT_Y":42.6363183108}},{"type":"Feature","id":717,"geometry":{"type":"Point","coordinates":[-124.39529214958687,42.614523433143859]},"properties":{"FID":717,"Id":0,"Site_Type":"BRIDGE","Name":"Myrtle Creek, Hwy 9","POINT_X":-124.395277959,"POINT_Y":42.614518308199997}},{"type":"Feature","id":718,"geometry":{"type":"Point","coordinates":[-124.46632661687723,42.719201706020286]},"properties":{"FID":718,"Id":0,"Site_Type":"BRIDGE","Name":"Rocky Point Viaduct, Hwy 9","POINT_X":-124.466312398,"POINT_Y":42.719196581399999}},{"type":"Feature","id":719,"geometry":{"type":"Point","coordinates":[-124.43334608903797,42.688393541141295]},"properties":{"FID":719,"Id":0,"Site_Type":"BRIDGE","Name":"Brush Creek, Hwy 9 Frtg Rd at MP F307.02","POINT_X":-124.433331881,"POINT_Y":42.688388415299997}},{"type":"Feature","id":720,"geometry":{"type":"Point","coordinates":[-124.42253015237098,42.684318481696096]},"properties":{"FID":720,"Id":0,"Site_Type":"BRIDGE","Name":"Brush Creek, Hwy 9 at MP 307.79","POINT_X":-124.422515946,"POINT_Y":42.684313355100002}},{"type":"Feature","id":721,"geometry":{"type":"Point","coordinates":[-124.42264241765399,42.388732194259866]},"properties":{"FID":721,"Id":0,"Site_Type":"BRIDGE","Name":"Hunter Creek, Hwy 9","POINT_X":-124.422628261,"POINT_Y":42.388727085500001}},{"type":"Feature","id":722,"geometry":{"type":"Point","coordinates":[-124.35901458825585,42.16579145586698]},"properties":{"FID":722,"Id":0,"Site_Type":"BRIDGE","Name":"Thomas Creek, Hwy 9","POINT_X":-124.359000478,"POINT_Y":42.1657863549}},{"type":"Feature","id":723,"geometry":{"type":"Point","coordinates":[-124.41052453217594,42.307467755188497]},"properties":{"FID":723,"Id":0,"Site_Type":"BRIDGE","Name":"Myers Creek, Hwy 9","POINT_X":-124.410510391,"POINT_Y":42.307462650300003}},{"type":"Feature","id":724,"geometry":{"type":"Point","coordinates":[-124.40413592743138,42.277575595300647]},"properties":{"FID":724,"Id":0,"Site_Type":"BRIDGE","Name":"Pistol River, Hwys 9 & 255","POINT_X":-124.404121792,"POINT_Y":42.277570491600002}},{"type":"Feature","id":725,"geometry":{"type":"Point","coordinates":[-124.2102012537681,42.005369545163781]},"properties":{"FID":725,"Id":0,"Site_Type":"BRIDGE","Name":"Winchuck River, Hwy 9","POINT_X":-124.210187191,"POINT_Y":42.005364440699999}},{"type":"Feature","id":726,"geometry":{"type":"Point","coordinates":[-124.45219057333071,42.916075735947175]},"properties":{"FID":726,"Id":0,"Site_Type":"BRIDGE","Name":"Floras Creek, Hwy 9","POINT_X":-124.452176323,"POINT_Y":42.916070598300003}},{"type":"Feature","id":727,"geometry":{"type":"Point","coordinates":[-124.48297790759042,42.82379338012764]},"properties":{"FID":727,"Id":0,"Site_Type":"BRIDGE","Name":"Drainage Ditch & Access Rd, Hwy 9 at MP 295.27","POINT_X":-124.482963669,"POINT_Y":42.8237882508}},{"type":"Feature","id":728,"geometry":{"type":"Point","coordinates":[-124.38571916751576,42.470354443467563]},"properties":{"FID":728,"Id":0,"Site_Type":"BRIDGE","Name":"Edson Creek, North Bank Rogue River Rd at MP 0.10","POINT_X":-124.385705003,"POINT_Y":42.470349326300003}},{"type":"Feature","id":729,"geometry":{"type":"Point","coordinates":[-124.38479122256929,42.466209419525363]},"properties":{"FID":729,"Id":0,"Site_Type":"BRIDGE","Name":"Edson Creek, North Bank Rogue River Rd at MP 3.91","POINT_X":-124.384777059,"POINT_Y":42.466204302599998}},{"type":"Feature","id":730,"geometry":{"type":"Point","coordinates":[-124.40348880062835,42.428201317437136]},"properties":{"FID":730,"Id":0,"Site_Type":"BRIDGE","Name":"Indian Creek, Jerrys Flat Rd","POINT_X":-124.403474641,"POINT_Y":42.428196204499997}},{"type":"Feature","id":731,"geometry":{"type":"Point","coordinates":[-124.41550937704592,42.389965175353417]},"properties":{"FID":731,"Id":0,"Site_Type":"BRIDGE","Name":"Hunter Creek, Hunter Creek Rd","POINT_X":-124.415495222,"POINT_Y":42.389960065799997}},{"type":"Feature","id":732,"geometry":{"type":"Point","coordinates":[-124.50074301856912,42.755665860588451]},"properties":{"FID":732,"Id":0,"Site_Type":"BRIDGE","Name":"Garrison Lake, County Rd 238","POINT_X":-124.50072878899999,"POINT_Y":42.755660736999999}},{"type":"Feature","id":733,"geometry":{"type":"Point","coordinates":[-124.47665460638923,42.904314913463381]},"properties":{"FID":733,"Id":0,"Site_Type":"BRIDGE","Name":"Willow Creek, County Rd 136","POINT_X":-124.476640354,"POINT_Y":42.904309778799998}},{"type":"Feature","id":734,"geometry":{"type":"Point","coordinates":[-124.21215276898751,42.075259240432587]},"properties":{"FID":734,"Id":0,"Site_Type":"BRIDGE","Name":"North Fork Chetco River, N Bank Chetco River Rd","POINT_X":-124.21213869499999,"POINT_Y":42.075254131800001}},{"type":"Feature","id":735,"geometry":{"type":"Point","coordinates":[-124.39307811452505,42.616901416832455]},"properties":{"FID":735,"Id":0,"Site_Type":"BRIDGE","Name":"Myrtle Creek, County Rd 500","POINT_X":-124.393063924,"POINT_Y":42.616896291499998}},{"type":"Feature","id":736,"geometry":{"type":"Point","coordinates":[-124.42545179047305,42.913161624877077]},"properties":{"FID":736,"Id":0,"Site_Type":"BRIDGE","Name":"Floras Creek, Floras Creek Rd","POINT_X":-124.425437544,"POINT_Y":42.9131564849}},{"type":"Feature","id":737,"geometry":{"type":"Point","coordinates":[-124.18956476541011,42.080037294684672]},"properties":{"FID":737,"Id":0,"Site_Type":"BRIDGE","Name":"Mill Creek, South Bank Chetco River Rd","POINT_X":-124.189550694,"POINT_Y":42.080032183699998}},{"type":"Feature","id":738,"geometry":{"type":"Point","coordinates":[-124.40836261273014,42.371807062524923]},"properties":{"FID":738,"Id":0,"Site_Type":"BRIDGE","Name":"Hunters Creek, Hunter Creek Rd at MP 0.90","POINT_X":-124.408348461,"POINT_Y":42.371801953499997}},{"type":"Feature","id":739,"geometry":{"type":"Point","coordinates":[-124.39632118466461,42.541576560311078]},"properties":{"FID":739,"Id":0,"Site_Type":"BRIDGE","Name":"Greggs Creek, County Rd 510","POINT_X":-124.396307006,"POINT_Y":42.541571439800002}},{"type":"Feature","id":740,"geometry":{"type":"Point","coordinates":[-124.39550195809696,42.272797552573294]},"properties":{"FID":740,"Id":0,"Site_Type":"BRIDGE","Name":"County Rd 693 over Private Rd","POINT_X":-124.395487825,"POINT_Y":42.272792448399997}},{"type":"Feature","id":741,"geometry":{"type":"Point","coordinates":[-124.38280989852134,42.560634459188499]},"properties":{"FID":741,"Id":0,"Site_Type":"BRIDGE","Name":"Euchre Creek, County Rd 510","POINT_X":-124.382795719,"POINT_Y":42.560629336300003}},{"type":"Feature","id":742,"geometry":{"type":"Point","coordinates":[-124.39326089451119,42.276617565989731]},"properties":{"FID":742,"Id":0,"Site_Type":"BRIDGE","Name":"Upper Crook Creek, County Rd 690","POINT_X":-124.393246761,"POINT_Y":42.276612461399999}},{"type":"Feature","id":743,"geometry":{"type":"Point","coordinates":[-124.39717498169173,42.271653551476298]},"properties":{"FID":743,"Id":0,"Site_Type":"BRIDGE","Name":"Pistol River, County Rd 693","POINT_X":-124.397160849,"POINT_Y":42.271648447499999}},{"type":"Feature","id":744,"geometry":{"type":"Point","coordinates":[-124.31007984059826,42.482532160484901]},"properties":{"FID":744,"Id":0,"Site_Type":"BRIDGE","Name":"Kimball Creek, County Rd 595","POINT_X":-124.310065685,"POINT_Y":42.4825270356}},{"type":"Feature","id":745,"geometry":{"type":"Point","coordinates":[-124.43083082152688,42.431870442504639]},"properties":{"FID":745,"Id":0,"Site_Type":"BRIDGE","Name":"Hwy 9 over Conn Rd at MP 326.47","POINT_X":-124.43081665699999,"POINT_Y":42.431865331899999}},{"type":"Feature","id":746,"geometry":{"type":"Point","coordinates":[-124.4973569884316,42.75776283008814]},"properties":{"FID":746,"Id":0,"Site_Type":"BRIDGE","Name":"Garrison Slough, Hwy 9","POINT_X":-124.49734275900001,"POINT_Y":42.757757706100001}},{"type":"Feature","id":747,"geometry":{"type":"Point","coordinates":[-124.3701914759562,42.445359264562988]},"properties":{"FID":747,"Id":0,"Site_Type":"BRIDGE","Name":"Saunders Creek, County Rd 595","POINT_X":-124.370177318,"POINT_Y":42.445354147499998}},{"type":"Feature","id":748,"geometry":{"type":"Point","coordinates":[-124.39461090821419,42.276100566253923]},"properties":{"FID":748,"Id":0,"Site_Type":"BRIDGE","Name":"Lower Crook Creek, County Rd 693","POINT_X":-124.394596775,"POINT_Y":42.276095461799997}},{"type":"Feature","id":749,"geometry":{"type":"Point","coordinates":[-124.44565811227528,42.686620618054036]},"properties":{"FID":749,"Id":0,"Site_Type":"BRIDGE","Name":"Brush Creek, Hwy 9 at MP 306.35","POINT_X":-124.445643902,"POINT_Y":42.686615493399998}},{"type":"Feature","id":750,"geometry":{"type":"Point","coordinates":[-124.39232859405969,42.582993470840655]},"properties":{"FID":750,"Id":0,"Site_Type":"BRIDGE","Name":"Frankport  Hwy 9","POINT_X":-124.39231440899999,"POINT_Y":42.582988347499999}},{"type":"Feature","id":751,"geometry":{"type":"Point","coordinates":[-124.22024484540408,42.062417104895175]},"properties":{"FID":751,"Id":0,"Site_Type":"BRIDGE","Name":"Jack's Creek, South Bank Chetco River Rd","POINT_X":-124.22023077199999,"POINT_Y":42.062411997799998}},{"type":"Feature","id":752,"geometry":{"type":"Point","coordinates":[-124.43501906378853,42.690104549412283]},"properties":{"FID":752,"Id":0,"Site_Type":"BRIDGE","Name":"HUMBUG DAY USE AREA","POINT_X":-124.435004855,"POINT_Y":42.690099423600003}},{"type":"Feature","id":753,"geometry":{"type":"Point","coordinates":[-124.39058812748767,42.47396548089808]},"properties":{"FID":753,"Id":0,"Site_Type":"BRIDGE","Name":"Edson Creek, Edson Creek Rd (John Adams Bridge)","POINT_X":-124.390573962,"POINT_Y":42.473960364}},{"type":"Feature","id":754,"geometry":{"type":"Point","coordinates":[-124.14668424387578,42.025814861525944]},"properties":{"FID":754,"Id":0,"Site_Type":"BRIDGE","Name":"WINCHUCK RIVER RD OVER CAT CREEK","POINT_X":-124.146670187,"POINT_Y":42.025809750000001}},{"type":"Feature","id":755,"geometry":{"type":"Point","coordinates":[-124.38470986505695,42.563190464608191]},"properties":{"FID":755,"Id":0,"Site_Type":"BRIDGE","Name":"Euchre Creek, Hwy 9","POINT_X":-124.384695685,"POINT_Y":42.563185341800001}},{"type":"Feature","id":756,"geometry":{"type":"Point","coordinates":[-124.3903590409594,42.621990393845245]},"properties":{"FID":756,"Id":0,"Site_Type":"BRIDGE","Name":"ARIZONA BEACH BRIDGE ARIZONA STATE PARK","POINT_X":-124.39034485000001,"POINT_Y":42.621985268000003}},{"type":"Feature","id":757,"geometry":{"type":"Point","coordinates":[-124.43275507126671,42.68967953603822]},"properties":{"FID":757,"Id":0,"Site_Type":"BRIDGE","Name":"HUMBUG MT. PEDESTRAIN BRIDGE","POINT_X":-124.43274086300001,"POINT_Y":42.689674410000002}},{"type":"Feature","id":758,"geometry":{"type":"Point","coordinates":[-124.39391304366632,42.480479525862265]},"properties":{"FID":758,"Id":0,"Site_Type":"BRIDGE","Name":"Edson \"C\" Creek Edison Creek Rd at MP 1.90","POINT_X":-124.39389887599999,"POINT_Y":42.480474408900001}},{"type":"Feature","id":759,"geometry":{"type":"Point","coordinates":[-124.29136503870201,42.075474189115461]},"properties":{"FID":759,"Id":0,"Site_Type":"AIRPORT","Name":"Brookings State Airport","POINT_X":-124.29135095300001,"POINT_Y":42.075469087599998}},{"type":"Feature","id":760,"geometry":{"type":"Point","coordinates":[-124.18896398807036,42.008235128590442]},"properties":{"FID":760,"Id":0,"Site_Type":"BRIDGE","Name":" ","POINT_X":-124.188949928,"POINT_Y":42.008230021999999}},{"type":"Feature","id":761,"geometry":{"type":"Point","coordinates":[-124.42478878605617,42.41837313562845]},"properties":{"FID":761,"Id":0,"Site_Type":"AIRPORT","Name":"Gold Beach Municipal Airport","POINT_X":-124.424774625,"POINT_Y":42.418368025299998}},{"type":"Feature","id":762,"geometry":{"type":"Point","coordinates":[-124.31518995915512,42.068293118650573]},"properties":{"FID":762,"Id":0,"Site_Type":"TSUNAMI SIREN","Name":"Brookings","POINT_X":-124.31517587099999,"POINT_Y":42.068288019800001}},{"type":"Feature","id":763,"geometry":{"type":"Point","coordinates":[-124.26646839137858,42.047377032041886]},"properties":{"FID":763,"Id":0,"Site_Type":"TSUNAMI SIREN","Name":"Brookings","POINT_X":-124.266454314,"POINT_Y":42.047371929999997}},{"type":"Feature","id":764,"geometry":{"type":"Point","coordinates":[-124.25475435696316,42.043427596164456]},"properties":{"FID":764,"Id":0,"Site_Type":"TSUNAMI SIREN","Name":"Brookings","POINT_X":-124.254740282,"POINT_Y":42.0434224933}},{"type":"Feature","id":765,"geometry":{"type":"Point","coordinates":[-124.50113338707754,42.75698865199081]},"properties":{"FID":765,"Id":0,"Site_Type":"TSUNAMI SIREN","Name":"Port Orford","POINT_X":-124.50111915700001,"POINT_Y":42.756983528399999}},{"type":"Feature","id":766,"geometry":{"type":"Point","coordinates":[-124.49862574210009,42.754155133590039]},"properties":{"FID":766,"Id":0,"Site_Type":"TSUNAMI SIREN","Name":"Port Orford","POINT_X":-124.498611513,"POINT_Y":42.754150009900002}},{"type":"Feature","id":767,"geometry":{"type":"Point","coordinates":[-124.50310498249051,42.742911592673607]},"properties":{"FID":767,"Id":0,"Site_Type":"TSUNAMI SIREN","Name":"Port Orford","POINT_X":-124.503090755,"POINT_Y":42.742906470100003}},{"type":"Feature","id":768,"geometry":{"type":"Point","coordinates":[-124.41924194484434,42.416916194461223]},"properties":{"FID":768,"Id":0,"Site_Type":"EMERGENCY MANAGEMENT","Name":"CURRY COUNTY CIVIL DEFENSE EMERGENCY SERVICES","POINT_X":-124.419227784,"POINT_Y":42.416911083700001}},{"type":"Feature","id":769,"geometry":{"type":"Point","coordinates":[-124.26816649437914,42.046689152991021]},"properties":{"FID":769,"Id":0,"Site_Type":"COAST GUARD","Name":"UNITED STATES COAST GUARD STATION - CHETCO RIVER","POINT_X":-124.268152417,"POINT_Y":42.046684051200003}},{"type":"Feature","id":770,"geometry":{"type":"Point","coordinates":[-123.85124150127845,44.015630880782467]},"properties":{"FID":770,"Id":0,"Site_Type":"BRIDGE","Name":"Hadsell Creek, Hadsell Creek Rd","POINT_X":-123.851227139,"POINT_Y":44.015625620900003}},{"type":"Feature","id":771,"geometry":{"type":"Point","coordinates":[-123.85103349487565,44.013330912970872]},"properties":{"FID":771,"Id":0,"Site_Type":"BRIDGE","Name":"Hadsell Creek, Hadsell Creek Rd","POINT_X":-123.85101913299999,"POINT_Y":44.013325653199999}},{"type":"Feature","id":772,"geometry":{"type":"Point","coordinates":[-123.82501403441931,43.65414406682136]},"properties":{"FID":772,"Id":0,"Site_Type":"BRIDGE","Name":"Umpqua River, Hwy 45 (Scottsburg)","POINT_X":-123.82499974300001,"POINT_Y":43.654138825700002}},{"type":"Feature","id":773,"geometry":{"type":"Point","coordinates":[-123.82710603133715,43.655155057116957]},"properties":{"FID":773,"Id":0,"Site_Type":"BRIDGE","Name":"Little Mill Creek, Scottsburg West Rd","POINT_X":-123.827091739,"POINT_Y":43.6551498161}},{"type":"Feature","id":774,"geometry":{"type":"Point","coordinates":[-124.34835516895863,42.46407325407619]},"properties":{"FID":774,"Id":0,"Site_Type":"BRIDGE","Name":"Jim Hunt Creek, County Rd 595","POINT_X":-124.348341011,"POINT_Y":42.4640681339}},{"type":"Feature","id":775,"geometry":{"type":"Point","coordinates":[-124.32662155397698,42.280664430166993]},"properties":{"FID":775,"Id":0,"Site_Type":"BRIDGE","Name":"Deep Creek, Pistol River Rd","POINT_X":-124.32660743,"POINT_Y":42.280659319199998}}]}