{
"type": "FeatureCollection",
"name": "evac_routes_n",
"crs": { "type": "name", "properties": { "name": "urn:ogc:def:crs:OGC:1.3:CRS84" } },
"features": [
{ "type": "Feature", "properties": { "full_id": "w931608767", "osm_id": "931608767", "osm_type": "way", "highway": "footway", "tidal": null, "flood_prone": null, "beach:name": null, "turn:lanes": null, "placement": null, "change:lanes": null, "destination:ref:lanes:forward": null, "turn:backward": null, "turn:forward": null, "placement:both_ways": null, "destination:symbol:forward": null, "destination:ref:lanes:backward": null, "destination:lanes:backward": null, "destination:ref:backward": null, "destination:backward": null, "turn:lanes:backward": null, "placement:forward": null, "cycleway:left": null, "change:lanes:backward": null, "turn:lanes:forward": null, "destination:symbol:lanes:forward": null, "destination:lanes:forward": null, "check_date:surface": null, "crossing": null, "change:lanes:forward": null, "dog": null, "psv": null, "emergency": null, "tactile_paving": null, "step_count": null, "ramp": null, "incline": null, "handrail": null, "footway": "sidewalk", "segregated": null, "railway": null, "noname": null, "vehicle": null, "tunnel": null, "maxheight": null, "tracktype": null, "horse": null, "junction": null, "destination:symbol:backward": null, "covered": null, "tiger:name_type_3": null, "tiger:name_direction_prefix_3": null, "tiger:name_base_3": null, "tiger:name_base_2": null, "bridge:name": null, "layer": null, "bridge": null, "tiger:name_direction_prefix_1": null, "cycleway:right": null, "postal_code": null, "sidewalk:both:surface": null, "cycleway:both": null, "smoothness": null, "motor_vehicle": null, "lit": null, "foot": null, "bicycle": null, "tiger:name_type_1": null, "tiger:name_base_1": null, "tiger:name_direction_prefix": null, "overtaking": null, "change:forward": null, "change:backward": null, "turn:both_ways": null, "sidewalk": null, "maxspeed": null, "lanes:forward": null, "lanes:both_ways": null, "lanes:backward": null, "cycleway": null, "change:both_ways": null, "alt_name": null, "access": null, "lane_markings": null, "oneway": null, "tiger:upload_uuid": null, "tiger:tlid": null, "tiger:source": null, "tiger:separated": null, "service": null, "source:hgv:national_network": null, "ref": null, "old_ref": null, "hgv:national_network": null, "hgv": null, "NHS": null, "surface": null, "lanes": null, "tiger:reviewed": null, "tiger:name_type": null, "tiger:name_base": null, "tiger:county": null, "tiger:cfcc": null, "name": null }, "geometry": { "type": "LineString", "coordinates": [ [ -123.9270203, 45.9894763 ], [ -123.9271611, 45.9889536 ] ] } },
{ "type": "Feature", "properties": { "full_id": "w5319482", "osm_id": "5319482", "osm_type": "way", "highway": "residential", "tidal": null, "flood_prone": null, "beach:name": null, "turn:lanes": null, "placement": null, "change:lanes": null, "destination:ref:lanes:forward": null, "turn:backward": null, "turn:forward": null, "placement:both_ways": null, "destination:symbol:forward": null, "destination:ref:lanes:backward": null, "destination:lanes:backward": null, "destination:ref:backward": null, "destination:backward": null, "turn:lanes:backward": null, "placement:forward": null, "cycleway:left": null, "change:lanes:backward": null, "turn:lanes:forward": null, "destination:symbol:lanes:forward": null, "destination:lanes:forward": null, "check_date:surface": null, "crossing": null, "change:lanes:forward": null, "dog": null, "psv": null, "emergency": null, "tactile_paving": null, "step_count": null, "ramp": null, "incline": null, "handrail": null, "footway": null, "segregated": null, "railway": null, "noname": null, "vehicle": null, "tunnel": null, "maxheight": null, "tracktype": null, "horse": null, "junction": null, "destination:symbol:backward": null, "covered": null, "tiger:name_type_3": null, "tiger:name_direction_prefix_3": null, "tiger:name_base_3": null, "tiger:name_base_2": null, "bridge:name": null, "layer": null, "bridge": null, "tiger:name_direction_prefix_1": null, "cycleway:right": null, "postal_code": null, "sidewalk:both:surface": null, "cycleway:both": null, "smoothness": null, "motor_vehicle": null, "lit": null, "foot": null, "bicycle": null, "tiger:name_type_1": null, "tiger:name_base_1": null, "tiger:name_direction_prefix": null, "overtaking": null, "change:forward": null, "change:backward": null, "turn:both_ways": null, "sidewalk": null, "maxspeed": null, "lanes:forward": null, "lanes:both_ways": null, "lanes:backward": null, "cycleway": null, "change:both_ways": null, "alt_name": null, "access": null, "lane_markings": null, "oneway": null, "tiger:upload_uuid": null, "tiger:tlid": null, "tiger:source": null, "tiger:separated": null, "service": null, "source:hgv:national_network": null, "ref": null, "old_ref": null, "hgv:national_network": null, "hgv": null, "NHS": null, "surface": null, "lanes": null, "tiger:reviewed": "no", "tiger:name_type": "St", "tiger:name_base": "Cooper", "tiger:county": "Clatsop, OR", "tiger:cfcc": "A41", "name": "Cooper Street" }, "geometry": { "type": "LineString", "coordinates": [ [ -123.9179711, 45.9826043 ], [ -123.9179673, 45.9828224 ], [ -123.9179653, 45.9828708 ], [ -123.9179389, 45.9829209 ], [ -123.9179096, 45.9829561 ], [ -123.9178002, 45.9830423 ], [ -123.9177666, 45.9830749 ], [ -123.9177569, 45.9830852 ], [ -123.9177263, 45.9831348 ], [ -123.917712, 45.9831955 ], [ -123.9176339, 45.984086 ], [ -123.917612, 45.9841244 ], [ -123.917571, 45.9841573 ], [ -123.9175123, 45.9841739 ], [ -123.9174452, 45.9841861 ], [ -123.9166734, 45.9841882 ], [ -123.9158294, 45.9841942 ], [ -123.9157789, 45.9842082 ], [ -123.9157429, 45.9842316 ], [ -123.9156917, 45.9842899 ], [ -123.9156477, 45.9843161 ], [ -123.9155909, 45.9843373 ], [ -123.9155357, 45.9843414 ], [ -123.9151455, 45.9843422 ], [ -123.9141242, 45.9843643 ], [ -123.9140546, 45.9843597 ], [ -123.9139932, 45.9843451 ], [ -123.9139418, 45.9843244 ], [ -123.9138882, 45.9842918 ], [ -123.9138311, 45.9842759 ], [ -123.9137514, 45.9842728 ], [ -123.913694, 45.984273 ], [ -123.9131553, 45.9842775 ], [ -123.9129714, 45.9842771 ], [ -123.9118638, 45.9842899 ], [ -123.911772, 45.984291 ], [ -123.911136, 45.984296 ], [ -123.911066, 45.984305 ], [ -123.910996, 45.984322 ], [ -123.910761, 45.984417 ], [ -123.910705, 45.984432 ], [ -123.910491, 45.984439 ], [ -123.9095146, 45.9844354 ], [ -123.9086592, 45.9844292 ], [ -123.9085694, 45.9844209 ], [ -123.9084862, 45.9843919 ], [ -123.9083874, 45.9843444 ], [ -123.9083461, 45.9843206 ], [ -123.9083242, 45.9842838 ], [ -123.9082908, 45.9842231 ], [ -123.9082853, 45.9841478 ], [ -123.9082954, 45.9837956 ], [ -123.908304, 45.9827709 ] ] } },
{ "type": "Feature", "properties": { "full_id": "w5320463", "osm_id": "5320463", "osm_type": "way", "highway": "residential", "tidal": null, "flood_prone": null, "beach:name": null, "turn:lanes": null, "placement": null, "change:lanes": null, "destination:ref:lanes:forward": null, "turn:backward": null, "turn:forward": null, "placement:both_ways": null, "destination:symbol:forward": null, "destination:ref:lanes:backward": null, "destination:lanes:backward": null, "destination:ref:backward": null, "destination:backward": null, "turn:lanes:backward": null, "placement:forward": null, "cycleway:left": null, "change:lanes:backward": null, "turn:lanes:forward": null, "destination:symbol:lanes:forward": null, "destination:lanes:forward": null, "check_date:surface": null, "crossing": null, "change:lanes:forward": null, "dog": null, "psv": null, "emergency": null, "tactile_paving": null, "step_count": null, "ramp": null, "incline": null, "handrail": null, "footway": null, "segregated": null, "railway": null, "noname": null, "vehicle": null, "tunnel": null, "maxheight": null, "tracktype": null, "horse": null, "junction": null, "destination:symbol:backward": null, "covered": null, "tiger:name_type_3": null, "tiger:name_direction_prefix_3": null, "tiger:name_base_3": null, "tiger:name_base_2": null, "bridge:name": null, "layer": null, "bridge": null, "tiger:name_direction_prefix_1": null, "cycleway:right": null, "postal_code": null, "sidewalk:both:surface": null, "cycleway:both": null, "smoothness": null, "motor_vehicle": null, "lit": null, "foot": null, "bicycle": null, "tiger:name_type_1": null, "tiger:name_base_1": null, "tiger:name_direction_prefix": null, "overtaking": null, "change:forward": null, "change:backward": null, "turn:both_ways": null, "sidewalk": null, "maxspeed": null, "lanes:forward": null, "lanes:both_ways": null, "lanes:backward": null, "cycleway": null, "change:both_ways": null, "alt_name": null, "access": null, "lane_markings": null, "oneway": null, "tiger:upload_uuid": null, "tiger:tlid": null, "tiger:source": null, "tiger:separated": null, "service": null, "source:hgv:national_network": null, "ref": null, "old_ref": null, "hgv:national_network": null, "hgv": null, "NHS": null, "surface": "asphalt", "lanes": null, "tiger:reviewed": null, "tiger:name_type": null, "tiger:name_base": null, "tiger:county": null, "tiger:cfcc": null, "name": "Wahanna Road" }, "geometry": { "type": "LineString", "coordinates": [ [ -123.9150428, 45.9760906 ], [ -123.9150363, 45.9761537 ], [ -123.915025, 45.976787 ], [ -123.9150116, 45.9770043 ], [ -123.9150115, 45.9775217 ], [ -123.915032, 45.9781955 ], [ -123.915075, 45.9802355 ], [ -123.915088, 45.9808538 ], [ -123.9151176, 45.9823286 ], [ -123.9151303, 45.9826038 ], [ -123.9151385, 45.9830656 ], [ -123.9151574, 45.9835398 ] ] } },
{ "type": "Feature", "properties": { "full_id": "w5320281", "osm_id": "5320281", "osm_type": "way", "highway": "residential", "tidal": null, "flood_prone": null, "beach:name": null, "turn:lanes": null, "placement": null, "change:lanes": null, "destination:ref:lanes:forward": null, "turn:backward": null, "turn:forward": null, "placement:both_ways": null, "destination:symbol:forward": null, "destination:ref:lanes:backward": null, "destination:lanes:backward": null, "destination:ref:backward": null, "destination:backward": null, "turn:lanes:backward": null, "placement:forward": null, "cycleway:left": null, "change:lanes:backward": null, "turn:lanes:forward": null, "destination:symbol:lanes:forward": null, "destination:lanes:forward": null, "check_date:surface": null, "crossing": null, "change:lanes:forward": null, "dog": null, "psv": null, "emergency": null, "tactile_paving": null, "step_count": null, "ramp": null, "incline": null, "handrail": null, "footway": null, "segregated": null, "railway": null, "noname": null, "vehicle": null, "tunnel": null, "maxheight": null, "tracktype": null, "horse": null, "junction": null, "destination:symbol:backward": null, "covered": null, "tiger:name_type_3": null, "tiger:name_direction_prefix_3": null, "tiger:name_base_3": null, "tiger:name_base_2": null, "bridge:name": null, "layer": null, "bridge": null, "tiger:name_direction_prefix_1": null, "cycleway:right": null, "postal_code": null, "sidewalk:both:surface": null, "cycleway:both": null, "smoothness": null, "motor_vehicle": null, "lit": null, "foot": null, "bicycle": null, "tiger:name_type_1": null, "tiger:name_base_1": null, "tiger:name_direction_prefix": null, "overtaking": null, "change:forward": null, "change:backward": null, "turn:both_ways": null, "sidewalk": null, "maxspeed": null, "lanes:forward": null, "lanes:both_ways": null, "lanes:backward": null, "cycleway": null, "change:both_ways": null, "alt_name": null, "access": null, "lane_markings": null, "oneway": null, "tiger:upload_uuid": null, "tiger:tlid": null, "tiger:source": null, "tiger:separated": null, "service": null, "source:hgv:national_network": null, "ref": null, "old_ref": null, "hgv:national_network": null, "hgv": null, "NHS": null, "surface": "asphalt", "lanes": null, "tiger:reviewed": null, "tiger:name_type": null, "tiger:name_base": null, "tiger:county": null, "tiger:cfcc": null, "name": "Avenue T" }, "geometry": { "type": "LineString", "coordinates": [ [ -123.926214, 45.98194 ], [ -123.9261285, 45.9819408 ], [ -123.926009, 45.981942 ], [ -123.924819, 45.981951 ] ] } },
{ "type": "Feature", "properties": { "full_id": "w234760868", "osm_id": "234760868", "osm_type": "way", "highway": "tertiary", "tidal": null, "flood_prone": null, "beach:name": null, "turn:lanes": null, "placement": null, "change:lanes": null, "destination:ref:lanes:forward": null, "turn:backward": null, "turn:forward": null, "placement:both_ways": null, "destination:symbol:forward": null, "destination:ref:lanes:backward": null, "destination:lanes:backward": null, "destination:ref:backward": null, "destination:backward": null, "turn:lanes:backward": null, "placement:forward": null, "cycleway:left": null, "change:lanes:backward": null, "turn:lanes:forward": null, "destination:symbol:lanes:forward": null, "destination:lanes:forward": null, "check_date:surface": null, "crossing": null, "change:lanes:forward": null, "dog": null, "psv": null, "emergency": null, "tactile_paving": null, "step_count": null, "ramp": null, "incline": null, "handrail": null, "footway": null, "segregated": null, "railway": null, "noname": null, "vehicle": null, "tunnel": null, "maxheight": null, "tracktype": null, "horse": null, "junction": null, "destination:symbol:backward": null, "covered": null, "tiger:name_type_3": null, "tiger:name_direction_prefix_3": null, "tiger:name_base_3": null, "tiger:name_base_2": null, "bridge:name": null, "layer": null, "bridge": null, "tiger:name_direction_prefix_1": null, "cycleway:right": null, "postal_code": "97138", "sidewalk:both:surface": null, "cycleway:both": null, "smoothness": null, "motor_vehicle": null, "lit": null, "foot": null, "bicycle": null, "tiger:name_type_1": null, "tiger:name_base_1": null, "tiger:name_direction_prefix": null, "overtaking": null, "change:forward": null, "change:backward": null, "turn:both_ways": null, "sidewalk": null, "maxspeed": null, "lanes:forward": null, "lanes:both_ways": null, "lanes:backward": null, "cycleway": null, "change:both_ways": null, "alt_name": null, "access": null, "lane_markings": null, "oneway": null, "tiger:upload_uuid": null, "tiger:tlid": null, "tiger:source": null, "tiger:separated": null, "service": null, "source:hgv:national_network": null, "ref": null, "old_ref": null, "hgv:national_network": null, "hgv": null, "NHS": null, "surface": null, "lanes": null, "tiger:reviewed": null, "tiger:name_type": null, "tiger:name_base": null, "tiger:county": null, "tiger:cfcc": null, "name": "12th Avenue" }, "geometry": { "type": "LineString", "coordinates": [ [ -123.9119126, 46.0015465 ], [ -123.9136476, 46.001541 ], [ -123.9142223, 46.0015339 ] ] } },
{ "type": "Feature", "properties": { "full_id": "w830855650", "osm_id": "830855650", "osm_type": "way", "highway": "trunk", "tidal": null, "flood_prone": null, "beach:name": null, "turn:lanes": null, "placement": null, "change:lanes": null, "destination:ref:lanes:forward": null, "turn:backward": null, "turn:forward": null, "placement:both_ways": null, "destination:symbol:forward": null, "destination:ref:lanes:backward": null, "destination:lanes:backward": null, "destination:ref:backward": null, "destination:backward": null, "turn:lanes:backward": null, "placement:forward": null, "cycleway:left": null, "change:lanes:backward": null, "turn:lanes:forward": null, "destination:symbol:lanes:forward": null, "destination:lanes:forward": null, "check_date:surface": null, "crossing": null, "change:lanes:forward": null, "dog": null, "psv": null, "emergency": null, "tactile_paving": null, "step_count": null, "ramp": null, "incline": null, "handrail": null, "footway": null, "segregated": null, "railway": null, "noname": null, "vehicle": null, "tunnel": null, "maxheight": null, "tracktype": null, "horse": null, "junction": null, "destination:symbol:backward": null, "covered": null, "tiger:name_type_3": null, "tiger:name_direction_prefix_3": null, "tiger:name_base_3": null, "tiger:name_base_2": null, "bridge:name": null, "layer": null, "bridge": null, "tiger:name_direction_prefix_1": null, "cycleway:right": null, "postal_code": null, "sidewalk:both:surface": null, "cycleway:both": null, "smoothness": null, "motor_vehicle": null, "lit": null, "foot": null, "bicycle": null, "tiger:name_type_1": null, "tiger:name_base_1": null, "tiger:name_direction_prefix": null, "overtaking": null, "change:forward": null, "change:backward": null, "turn:both_ways": "left", "sidewalk": null, "maxspeed": "35 mph", "lanes:forward": "1", "lanes:both_ways": "1", "lanes:backward": "1", "cycleway": "lane", "change:both_ways": "not_left", "alt_name": "Oregon Coast Highway", "access": null, "lane_markings": null, "oneway": null, "tiger:upload_uuid": null, "tiger:tlid": null, "tiger:source": null, "tiger:separated": null, "service": null, "source:hgv:national_network": "Title 23: Highways Part 658 http://ecfr.gpoaccess.gov/cgi/t/text/text-idx?c=ecfr&rgn=div5&view=text&node=23:1.0.1.7.33&idno=23", "ref": "US 101", "old_ref": "US 26", "hgv:national_network": "yes", "hgv": "designated", "NHS": "STRAHNET", "surface": "asphalt", "lanes": "3", "tiger:reviewed": null, "tiger:name_type": null, "tiger:name_base": null, "tiger:county": null, "tiger:cfcc": null, "name": "South Roosevelt Drive" }, "geometry": { "type": "LineString", "coordinates": [ [ -123.926043, 45.9826129 ], [ -123.92596, 45.982943 ], [ -123.925851, 45.983252 ], [ -123.9257784, 45.9834013 ], [ -123.9256931, 45.983527 ], [ -123.9255899, 45.9836516 ], [ -123.9253105, 45.9839509 ], [ -123.9247975, 45.9844405 ], [ -123.9245994, 45.9846288 ], [ -123.9244629, 45.9847481 ], [ -123.9242987, 45.9848708 ], [ -123.9241799, 45.984958 ] ] } },
{ "type": "Feature", "properties": { "full_id": "w832995810", "osm_id": "832995810", "osm_type": "way", "highway": "tertiary", "tidal": null, "flood_prone": null, "beach:name": null, "turn:lanes": null, "placement": null, "change:lanes": null, "destination:ref:lanes:forward": null, "turn:backward": null, "turn:forward": null, "placement:both_ways": null, "destination:symbol:forward": null, "destination:ref:lanes:backward": null, "destination:lanes:backward": null, "destination:ref:backward": null, "destination:backward": null, "turn:lanes:backward": null, "placement:forward": null, "cycleway:left": null, "change:lanes:backward": null, "turn:lanes:forward": null, "destination:symbol:lanes:forward": null, "destination:lanes:forward": null, "check_date:surface": null, "crossing": null, "change:lanes:forward": null, "dog": null, "psv": null, "emergency": null, "tactile_paving": null, "step_count": null, "ramp": null, "incline": null, "handrail": null, "footway": null, "segregated": null, "railway": null, "noname": null, "vehicle": null, "tunnel": null, "maxheight": null, "tracktype": null, "horse": null, "junction": null, "destination:symbol:backward": null, "covered": null, "tiger:name_type_3": null, "tiger:name_direction_prefix_3": null, "tiger:name_base_3": null, "tiger:name_base_2": null, "bridge:name": null, "layer": null, "bridge": null, "tiger:name_direction_prefix_1": "N", "cycleway:right": null, "postal_code": null, "sidewalk:both:surface": null, "cycleway:both": null, "smoothness": null, "motor_vehicle": null, "lit": null, "foot": null, "bicycle": null, "tiger:name_type_1": "Rd", "tiger:name_base_1": "Wahanna", "tiger:name_direction_prefix": "N", "overtaking": null, "change:forward": null, "change:backward": null, "turn:both_ways": null, "sidewalk": null, "maxspeed": null, "lanes:forward": null, "lanes:both_ways": null, "lanes:backward": null, "cycleway": null, "change:both_ways": null, "alt_name": "North Wahanna Road", "access": null, "lane_markings": null, "oneway": null, "tiger:upload_uuid": null, "tiger:tlid": null, "tiger:source": null, "tiger:separated": null, "service": null, "source:hgv:national_network": null, "ref": null, "old_ref": null, "hgv:national_network": null, "hgv": null, "NHS": null, "surface": "asphalt", "lanes": null, "tiger:reviewed": "no", "tiger:name_type": "St; Rd; Rd", "tiger:name_base": "3rd; Wahanna; Wahanna", "tiger:county": "Clatsop, OR", "tiger:cfcc": "A41", "name": "North Wahanna Road" }, "geometry": { "type": "LineString", "coordinates": [ [ -123.9124728, 45.9967383 ], [ -123.9123525, 45.9984088 ], [ -123.9123243, 45.9985426 ], [ -123.9122892, 45.998646 ], [ -123.912201, 45.9988471 ], [ -123.9121546, 45.9989233 ], [ -123.9121336, 45.9989978 ], [ -123.9120896, 45.9995698 ], [ -123.9120247, 46.0002235 ], [ -123.9119719, 46.0008875 ], [ -123.9119126, 46.0015465 ] ] } },
{ "type": "Feature", "properties": { "full_id": "w1119072916", "osm_id": "1119072916", "osm_type": "way", "highway": "trunk", "tidal": null, "flood_prone": null, "beach:name": null, "turn:lanes": null, "placement": null, "change:lanes": null, "destination:ref:lanes:forward": null, "turn:backward": null, "turn:forward": null, "placement:both_ways": null, "destination:symbol:forward": null, "destination:ref:lanes:backward": null, "destination:lanes:backward": null, "destination:ref:backward": null, "destination:backward": null, "turn:lanes:backward": "through|right", "placement:forward": "left_of:1", "cycleway:left": "lane", "change:lanes:backward": "no|no", "turn:lanes:forward": null, "destination:symbol:lanes:forward": null, "destination:lanes:forward": null, "check_date:surface": null, "crossing": null, "change:lanes:forward": null, "dog": null, "psv": null, "emergency": null, "tactile_paving": null, "step_count": null, "ramp": null, "incline": null, "handrail": null, "footway": null, "segregated": null, "railway": null, "noname": null, "vehicle": null, "tunnel": null, "maxheight": null, "tracktype": null, "horse": null, "junction": null, "destination:symbol:backward": null, "covered": null, "tiger:name_type_3": null, "tiger:name_direction_prefix_3": null, "tiger:name_base_3": null, "tiger:name_base_2": null, "bridge:name": null, "layer": null, "bridge": null, "tiger:name_direction_prefix_1": null, "cycleway:right": null, "postal_code": null, "sidewalk:both:surface": null, "cycleway:both": null, "smoothness": null, "motor_vehicle": null, "lit": null, "foot": null, "bicycle": null, "tiger:name_type_1": null, "tiger:name_base_1": null, "tiger:name_direction_prefix": null, "overtaking": "no", "change:forward": "no", "change:backward": null, "turn:both_ways": null, "sidewalk": null, "maxspeed": "35 mph", "lanes:forward": "1", "lanes:both_ways": null, "lanes:backward": "2", "cycleway": null, "change:both_ways": null, "alt_name": "Oregon Coast Highway", "access": null, "lane_markings": null, "oneway": null, "tiger:upload_uuid": null, "tiger:tlid": null, "tiger:source": null, "tiger:separated": null, "service": null, "source:hgv:national_network": "Title 23: Highways Part 658 http://ecfr.gpoaccess.gov/cgi/t/text/text-idx?c=ecfr&rgn=div5&view=text&node=23:1.0.1.7.33&idno=23", "ref": "US 101", "old_ref": "US 26", "hgv:national_network": "yes", "hgv": "designated", "NHS": "STRAHNET", "surface": "asphalt", "lanes": "3", "tiger:reviewed": null, "tiger:name_type": null, "tiger:name_base": null, "tiger:county": null, "tiger:cfcc": null, "name": "South Roosevelt Drive" }, "geometry": { "type": "LineString", "coordinates": [ [ -123.9280685, 45.9760552 ], [ -123.9280784, 45.9761631 ], [ -123.9280843, 45.9763025 ], [ -123.9280757, 45.9764283 ] ] } },
{ "type": "Feature", "properties": { "full_id": "w237758604", "osm_id": "237758604", "osm_type": "way", "highway": "residential", "tidal": null, "flood_prone": null, "beach:name": null, "turn:lanes": null, "placement": null, "change:lanes": null, "destination:ref:lanes:forward": null, "turn:backward": null, "turn:forward": null, "placement:both_ways": null, "destination:symbol:forward": null, "destination:ref:lanes:backward": null, "destination:lanes:backward": null, "destination:ref:backward": null, "destination:backward": null, "turn:lanes:backward": null, "placement:forward": null, "cycleway:left": null, "change:lanes:backward": null, "turn:lanes:forward": null, "destination:symbol:lanes:forward": null, "destination:lanes:forward": null, "check_date:surface": null, "crossing": null, "change:lanes:forward": null, "dog": null, "psv": null, "emergency": null, "tactile_paving": null, "step_count": null, "ramp": null, "incline": null, "handrail": null, "footway": null, "segregated": null, "railway": null, "noname": null, "vehicle": null, "tunnel": null, "maxheight": null, "tracktype": null, "horse": null, "junction": null, "destination:symbol:backward": null, "covered": null, "tiger:name_type_3": null, "tiger:name_direction_prefix_3": null, "tiger:name_base_3": null, "tiger:name_base_2": null, "bridge:name": null, "layer": null, "bridge": null, "tiger:name_direction_prefix_1": null, "cycleway:right": null, "postal_code": null, "sidewalk:both:surface": null, "cycleway:both": null, "smoothness": null, "motor_vehicle": null, "lit": null, "foot": null, "bicycle": null, "tiger:name_type_1": null, "tiger:name_base_1": null, "tiger:name_direction_prefix": null, "overtaking": null, "change:forward": null, "change:backward": null, "turn:both_ways": null, "sidewalk": null, "maxspeed": null, "lanes:forward": null, "lanes:both_ways": null, "lanes:backward": null, "cycleway": null, "change:both_ways": null, "alt_name": null, "access": null, "lane_markings": "no", "oneway": null, "tiger:upload_uuid": null, "tiger:tlid": null, "tiger:source": null, "tiger:separated": null, "service": null, "source:hgv:national_network": null, "ref": null, "old_ref": null, "hgv:national_network": null, "hgv": null, "NHS": null, "surface": "asphalt", "lanes": null, "tiger:reviewed": "no", "tiger:name_type": "Dr", "tiger:name_base": "Ocean Vista", "tiger:county": "Clatsop, OR", "tiger:cfcc": "A41", "name": "Ocean Vista Drive" }, "geometry": { "type": "LineString", "coordinates": [ [ -123.9359949, 45.9766889 ], [ -123.934776, 45.97832 ], [ -123.9346105, 45.9785635 ], [ -123.9344596, 45.9788138 ], [ -123.934336, 45.979032 ], [ -123.9342336, 45.9792556 ], [ -123.934221, 45.979283 ], [ -123.934084, 45.97957 ], [ -123.9340412, 45.9796387 ], [ -123.933969, 45.979704 ], [ -123.9339299, 45.9797267 ], [ -123.933876, 45.979758 ], [ -123.9333957, 45.9799212 ] ] } },
{ "type": "Feature", "properties": { "full_id": "w5309017", "osm_id": "5309017", "osm_type": "way", "highway": "tertiary", "tidal": null, "flood_prone": null, "beach:name": null, "turn:lanes": null, "placement": null, "change:lanes": null, "destination:ref:lanes:forward": null, "turn:backward": null, "turn:forward": null, "placement:both_ways": null, "destination:symbol:forward": null, "destination:ref:lanes:backward": null, "destination:lanes:backward": null, "destination:ref:backward": null, "destination:backward": null, "turn:lanes:backward": null, "placement:forward": null, "cycleway:left": null, "change:lanes:backward": null, "turn:lanes:forward": null, "destination:symbol:lanes:forward": null, "destination:lanes:forward": null, "check_date:surface": null, "crossing": null, "change:lanes:forward": null, "dog": null, "psv": null, "emergency": null, "tactile_paving": null, "step_count": null, "ramp": null, "incline": null, "handrail": null, "footway": null, "segregated": null, "railway": null, "noname": null, "vehicle": null, "tunnel": null, "maxheight": null, "tracktype": null, "horse": null, "junction": null, "destination:symbol:backward": null, "covered": null, "tiger:name_type_3": null, "tiger:name_direction_prefix_3": null, "tiger:name_base_3": null, "tiger:name_base_2": null, "bridge:name": null, "layer": null, "bridge": null, "tiger:name_direction_prefix_1": null, "cycleway:right": null, "postal_code": null, "sidewalk:both:surface": null, "cycleway:both": null, "smoothness": null, "motor_vehicle": null, "lit": null, "foot": null, "bicycle": null, "tiger:name_type_1": null, "tiger:name_base_1": null, "tiger:name_direction_prefix": null, "overtaking": null, "change:forward": null, "change:backward": null, "turn:both_ways": null, "sidewalk": null, "maxspeed": null, "lanes:forward": null, "lanes:both_ways": null, "lanes:backward": null, "cycleway": null, "change:both_ways": null, "alt_name": null, "access": null, "lane_markings": null, "oneway": null, "tiger:upload_uuid": null, "tiger:tlid": null, "tiger:source": null, "tiger:separated": null, "service": null, "source:hgv:national_network": null, "ref": null, "old_ref": null, "hgv:national_network": null, "hgv": null, "NHS": null, "surface": "asphalt", "lanes": "2", "tiger:reviewed": null, "tiger:name_type": null, "tiger:name_base": null, "tiger:county": null, "tiger:cfcc": null, "name": "Sunset Boulevard" }, "geometry": { "type": "LineString", "coordinates": [ [ -123.9540149, 45.9736246 ], [ -123.953901, 45.973633 ], [ -123.953518, 45.9737025 ], [ -123.953341, 45.973733 ], [ -123.953227, 45.973735 ], [ -123.9522685, 45.9736545 ], [ -123.9521445, 45.9736543 ], [ -123.952039, 45.973659 ], [ -123.9519254, 45.9736802 ], [ -123.951444, 45.973878 ], [ -123.9508043, 45.9741512 ], [ -123.9506509, 45.9742036 ], [ -123.9504994, 45.9742459 ], [ -123.950305, 45.97428 ], [ -123.949169, 45.974463 ], [ -123.9483131, 45.9746021 ], [ -123.948234, 45.974615 ], [ -123.9480864, 45.9746305 ], [ -123.9479175, 45.974634 ], [ -123.946953, 45.974576 ], [ -123.9461598, 45.9745669 ], [ -123.9454359, 45.9745778 ], [ -123.9451138, 45.9745817 ], [ -123.9430703, 45.9745979 ], [ -123.942602, 45.974611 ], [ -123.941602, 45.974831 ], [ -123.941531, 45.97486 ], [ -123.9413194, 45.975011 ], [ -123.9412308, 45.9750644 ], [ -123.9411579, 45.9750968 ], [ -123.9410843, 45.9751179 ], [ -123.9401786, 45.975397 ] ] } },
{ "type": "Feature", "properties": { "full_id": "w1277878333", "osm_id": "1277878333", "osm_type": "way", "highway": "secondary", "tidal": null, "flood_prone": null, "beach:name": null, "turn:lanes": null, "placement": null, "change:lanes": null, "destination:ref:lanes:forward": null, "turn:backward": null, "turn:forward": null, "placement:both_ways": null, "destination:symbol:forward": null, "destination:ref:lanes:backward": null, "destination:lanes:backward": null, "destination:ref:backward": null, "destination:backward": null, "turn:lanes:backward": null, "placement:forward": null, "cycleway:left": null, "change:lanes:backward": null, "turn:lanes:forward": "left;through|right", "destination:symbol:lanes:forward": null, "destination:lanes:forward": null, "check_date:surface": null, "crossing": null, "change:lanes:forward": null, "dog": null, "psv": null, "emergency": null, "tactile_paving": null, "step_count": null, "ramp": null, "incline": null, "handrail": null, "footway": null, "segregated": null, "railway": null, "noname": null, "vehicle": null, "tunnel": null, "maxheight": null, "tracktype": null, "horse": null, "junction": null, "destination:symbol:backward": null, "covered": null, "tiger:name_type_3": null, "tiger:name_direction_prefix_3": null, "tiger:name_base_3": null, "tiger:name_base_2": null, "bridge:name": null, "layer": null, "bridge": null, "tiger:name_direction_prefix_1": null, "cycleway:right": null, "postal_code": null, "sidewalk:both:surface": null, "cycleway:both": null, "smoothness": null, "motor_vehicle": null, "lit": null, "foot": null, "bicycle": null, "tiger:name_type_1": null, "tiger:name_base_1": null, "tiger:name_direction_prefix": null, "overtaking": null, "change:forward": null, "change:backward": null, "turn:both_ways": null, "sidewalk": null, "maxspeed": null, "lanes:forward": "2", "lanes:both_ways": null, "lanes:backward": null, "cycleway": null, "change:both_ways": null, "alt_name": null, "access": null, "lane_markings": null, "oneway": null, "tiger:upload_uuid": null, "tiger:tlid": null, "tiger:source": null, "tiger:separated": null, "service": null, "source:hgv:national_network": null, "ref": null, "old_ref": null, "hgv:national_network": null, "hgv": null, "NHS": null, "surface": "asphalt", "lanes": "3", "tiger:reviewed": null, "tiger:name_type": null, "tiger:name_base": null, "tiger:county": null, "tiger:cfcc": null, "name": "Broadway Street" }, "geometry": { "type": "LineString", "coordinates": [ [ -123.9213529, 45.9930838 ], [ -123.9206171, 45.9930863 ] ] } },
{ "type": "Feature", "properties": { "full_id": "w931608675", "osm_id": "931608675", "osm_type": "way", "highway": "footway", "tidal": null, "flood_prone": null, "beach:name": null, "turn:lanes": null, "placement": null, "change:lanes": null, "destination:ref:lanes:forward": null, "turn:backward": null, "turn:forward": null, "placement:both_ways": null, "destination:symbol:forward": null, "destination:ref:lanes:backward": null, "destination:lanes:backward": null, "destination:ref:backward": null, "destination:backward": null, "turn:lanes:backward": null, "placement:forward": null, "cycleway:left": null, "change:lanes:backward": null, "turn:lanes:forward": null, "destination:symbol:lanes:forward": null, "destination:lanes:forward": null, "check_date:surface": null, "crossing": null, "change:lanes:forward": null, "dog": null, "psv": null, "emergency": null, "tactile_paving": null, "step_count": null, "ramp": null, "incline": null, "handrail": null, "footway": "sidewalk", "segregated": null, "railway": null, "noname": null, "vehicle": null, "tunnel": null, "maxheight": null, "tracktype": null, "horse": null, "junction": null, "destination:symbol:backward": null, "covered": null, "tiger:name_type_3": null, "tiger:name_direction_prefix_3": null, "tiger:name_base_3": null, "tiger:name_base_2": null, "bridge:name": null, "layer": "-1", "bridge": null, "tiger:name_direction_prefix_1": null, "cycleway:right": null, "postal_code": null, "sidewalk:both:surface": null, "cycleway:both": null, "smoothness": null, "motor_vehicle": null, "lit": null, "foot": null, "bicycle": null, "tiger:name_type_1": null, "tiger:name_base_1": null, "tiger:name_direction_prefix": null, "overtaking": null, "change:forward": null, "change:backward": null, "turn:both_ways": null, "sidewalk": null, "maxspeed": null, "lanes:forward": null, "lanes:both_ways": null, "lanes:backward": null, "cycleway": null, "change:both_ways": null, "alt_name": null, "access": null, "lane_markings": null, "oneway": null, "tiger:upload_uuid": null, "tiger:tlid": null, "tiger:source": null, "tiger:separated": null, "service": null, "source:hgv:national_network": null, "ref": null, "old_ref": null, "hgv:national_network": null, "hgv": null, "NHS": null, "surface": null, "lanes": null, "tiger:reviewed": null, "tiger:name_type": null, "tiger:name_base": null, "tiger:county": null, "tiger:cfcc": null, "name": null }, "geometry": { "type": "LineString", "coordinates": [ [ -123.9289877, 45.9898425 ], [ -123.928752, 45.9907122 ], [ -123.9286893, 45.9909434 ] ] } },
{ "type": "Feature", "properties": { "full_id": "w931608764", "osm_id": "931608764", "osm_type": "way", "highway": "footway", "tidal": null, "flood_prone": null, "beach:name": null, "turn:lanes": null, "placement": null, "change:lanes": null, "destination:ref:lanes:forward": null, "turn:backward": null, "turn:forward": null, "placement:both_ways": null, "destination:symbol:forward": null, "destination:ref:lanes:backward": null, "destination:lanes:backward": null, "destination:ref:backward": null, "destination:backward": null, "turn:lanes:backward": null, "placement:forward": null, "cycleway:left": null, "change:lanes:backward": null, "turn:lanes:forward": null, "destination:symbol:lanes:forward": null, "destination:lanes:forward": null, "check_date:surface": null, "crossing": null, "change:lanes:forward": null, "dog": null, "psv": null, "emergency": null, "tactile_paving": null, "step_count": null, "ramp": null, "incline": null, "handrail": null, "footway": "sidewalk", "segregated": null, "railway": null, "noname": null, "vehicle": null, "tunnel": null, "maxheight": null, "tracktype": null, "horse": null, "junction": null, "destination:symbol:backward": null, "covered": null, "tiger:name_type_3": null, "tiger:name_direction_prefix_3": null, "tiger:name_base_3": null, "tiger:name_base_2": null, "bridge:name": null, "layer": "-1", "bridge": null, "tiger:name_direction_prefix_1": null, "cycleway:right": null, "postal_code": null, "sidewalk:both:surface": null, "cycleway:both": null, "smoothness": null, "motor_vehicle": null, "lit": null, "foot": null, "bicycle": null, "tiger:name_type_1": null, "tiger:name_base_1": null, "tiger:name_direction_prefix": null, "overtaking": null, "change:forward": null, "change:backward": null, "turn:both_ways": null, "sidewalk": null, "maxspeed": null, "lanes:forward": null, "lanes:both_ways": null, "lanes:backward": null, "cycleway": null, "change:both_ways": null, "alt_name": null, "access": null, "lane_markings": null, "oneway": null, "tiger:upload_uuid": null, "tiger:tlid": null, "tiger:source": null, "tiger:separated": null, "service": null, "source:hgv:national_network": null, "ref": null, "old_ref": null, "hgv:national_network": null, "hgv": null, "NHS": null, "surface": null, "lanes": null, "tiger:reviewed": null, "tiger:name_type": null, "tiger:name_base": null, "tiger:county": null, "tiger:cfcc": null, "name": null }, "geometry": { "type": "LineString", "coordinates": [ [ -123.9259058, 45.9905525 ], [ -123.9262049, 45.9894885 ] ] } },
{ "type": "Feature", "properties": { "full_id": "w5319479", "osm_id": "5319479", "osm_type": "way", "highway": "residential", "tidal": null, "flood_prone": null, "beach:name": null, "turn:lanes": null, "placement": null, "change:lanes": null, "destination:ref:lanes:forward": null, "turn:backward": null, "turn:forward": null, "placement:both_ways": null, "destination:symbol:forward": null, "destination:ref:lanes:backward": null, "destination:lanes:backward": null, "destination:ref:backward": null, "destination:backward": null, "turn:lanes:backward": null, "placement:forward": null, "cycleway:left": null, "change:lanes:backward": null, "turn:lanes:forward": null, "destination:symbol:lanes:forward": null, "destination:lanes:forward": null, "check_date:surface": null, "crossing": null, "change:lanes:forward": null, "dog": null, "psv": null, "emergency": null, "tactile_paving": null, "step_count": null, "ramp": null, "incline": null, "handrail": null, "footway": null, "segregated": null, "railway": null, "noname": null, "vehicle": null, "tunnel": null, "maxheight": null, "tracktype": null, "horse": null, "junction": null, "destination:symbol:backward": null, "covered": null, "tiger:name_type_3": null, "tiger:name_direction_prefix_3": null, "tiger:name_base_3": null, "tiger:name_base_2": null, "bridge:name": null, "layer": null, "bridge": null, "tiger:name_direction_prefix_1": null, "cycleway:right": null, "postal_code": null, "sidewalk:both:surface": null, "cycleway:both": null, "smoothness": null, "motor_vehicle": null, "lit": null, "foot": null, "bicycle": null, "tiger:name_type_1": null, "tiger:name_base_1": null, "tiger:name_direction_prefix": "S", "overtaking": null, "change:forward": null, "change:backward": null, "turn:both_ways": null, "sidewalk": null, "maxspeed": null, "lanes:forward": null, "lanes:both_ways": null, "lanes:backward": null, "cycleway": null, "change:both_ways": null, "alt_name": null, "access": null, "lane_markings": null, "oneway": null, "tiger:upload_uuid": null, "tiger:tlid": null, "tiger:source": null, "tiger:separated": null, "service": null, "source:hgv:national_network": null, "ref": null, "old_ref": null, "hgv:national_network": null, "hgv": null, "NHS": null, "surface": null, "lanes": null, "tiger:reviewed": null, "tiger:name_type": "St", "tiger:name_base": "Columbia", "tiger:county": "Clatsop, OR", "tiger:cfcc": "A41", "name": "South Columbia Street" }, "geometry": { "type": "LineString", "coordinates": [ [ -123.9336246, 45.97914 ], [ -123.93322, 45.979355 ], [ -123.9327884, 45.9796448 ], [ -123.9322929, 45.9799775 ], [ -123.93225, 45.980011 ], [ -123.932225, 45.9800392 ], [ -123.9321759, 45.980176 ], [ -123.9315756, 45.9816409 ], [ -123.9310485, 45.9830519 ], [ -123.9305484, 45.9843263 ], [ -123.9300404, 45.9856193 ], [ -123.9296906, 45.9868528 ], [ -123.9295686, 45.9873671 ], [ -123.9295572, 45.987416 ], [ -123.9295424, 45.9874696 ], [ -123.9292452, 45.9885584 ], [ -123.9292367, 45.9885921 ], [ -123.9292197, 45.9886525 ], [ -123.9289138, 45.9897907 ], [ -123.9286629, 45.9906993 ], [ -123.9285888, 45.9909732 ], [ -123.9282625, 45.9922208 ], [ -123.928249, 45.9922725 ] ] } },
{ "type": "Feature", "properties": { "full_id": "w246253797", "osm_id": "246253797", "osm_type": "way", "highway": "residential", "tidal": null, "flood_prone": null, "beach:name": null, "turn:lanes": null, "placement": null, "change:lanes": null, "destination:ref:lanes:forward": null, "turn:backward": null, "turn:forward": null, "placement:both_ways": null, "destination:symbol:forward": null, "destination:ref:lanes:backward": null, "destination:lanes:backward": null, "destination:ref:backward": null, "destination:backward": null, "turn:lanes:backward": null, "placement:forward": null, "cycleway:left": null, "change:lanes:backward": null, "turn:lanes:forward": null, "destination:symbol:lanes:forward": null, "destination:lanes:forward": null, "check_date:surface": null, "crossing": null, "change:lanes:forward": null, "dog": null, "psv": null, "emergency": null, "tactile_paving": null, "step_count": null, "ramp": null, "incline": null, "handrail": null, "footway": null, "segregated": null, "railway": null, "noname": null, "vehicle": null, "tunnel": null, "maxheight": null, "tracktype": null, "horse": null, "junction": null, "destination:symbol:backward": null, "covered": null, "tiger:name_type_3": null, "tiger:name_direction_prefix_3": null, "tiger:name_base_3": null, "tiger:name_base_2": null, "bridge:name": null, "layer": null, "bridge": null, "tiger:name_direction_prefix_1": null, "cycleway:right": null, "postal_code": null, "sidewalk:both:surface": null, "cycleway:both": null, "smoothness": null, "motor_vehicle": null, "lit": null, "foot": null, "bicycle": null, "tiger:name_type_1": null, "tiger:name_base_1": null, "tiger:name_direction_prefix": null, "overtaking": null, "change:forward": null, "change:backward": null, "turn:both_ways": null, "sidewalk": null, "maxspeed": null, "lanes:forward": null, "lanes:both_ways": null, "lanes:backward": null, "cycleway": null, "change:both_ways": null, "alt_name": null, "access": null, "lane_markings": null, "oneway": null, "tiger:upload_uuid": null, "tiger:tlid": null, "tiger:source": null, "tiger:separated": null, "service": null, "source:hgv:national_network": null, "ref": null, "old_ref": null, "hgv:national_network": null, "hgv": null, "NHS": null, "surface": null, "lanes": null, "tiger:reviewed": "no", "tiger:name_type": "Dr", "tiger:name_base": "Royal View", "tiger:county": "Clatsop, OR", "tiger:cfcc": "A41", "name": "Royal View Drive" }, "geometry": { "type": "LineString", "coordinates": [ [ -123.8983571, 46.0119944 ], [ -123.898255, 46.012269 ], [ -123.8982056, 46.0123037 ], [ -123.8981426, 46.0123283 ], [ -123.89809, 46.0123384 ], [ -123.8967598, 46.0123314 ], [ -123.8966585, 46.0123309 ], [ -123.8965863, 46.012322 ], [ -123.8965154, 46.0122986 ], [ -123.8964552, 46.012268 ], [ -123.8964099, 46.0122259 ], [ -123.896241, 46.011959 ], [ -123.896176, 46.01189 ], [ -123.8960917, 46.0118398 ], [ -123.8959946, 46.0118248 ], [ -123.8958302, 46.0118212 ], [ -123.8955827, 46.0118231 ], [ -123.8954455, 46.0118848 ] ] } },
{ "type": "Feature", "properties": { "full_id": "w624107800", "osm_id": "624107800", "osm_type": "way", "highway": "tertiary", "tidal": null, "flood_prone": null, "beach:name": null, "turn:lanes": null, "placement": null, "change:lanes": null, "destination:ref:lanes:forward": null, "turn:backward": null, "turn:forward": null, "placement:both_ways": null, "destination:symbol:forward": null, "destination:ref:lanes:backward": null, "destination:lanes:backward": null, "destination:ref:backward": null, "destination:backward": null, "turn:lanes:backward": null, "placement:forward": null, "cycleway:left": null, "change:lanes:backward": null, "turn:lanes:forward": null, "destination:symbol:lanes:forward": null, "destination:lanes:forward": null, "check_date:surface": null, "crossing": null, "change:lanes:forward": null, "dog": null, "psv": null, "emergency": null, "tactile_paving": null, "step_count": null, "ramp": null, "incline": null, "handrail": null, "footway": null, "segregated": null, "railway": null, "noname": null, "vehicle": null, "tunnel": null, "maxheight": null, "tracktype": null, "horse": null, "junction": null, "destination:symbol:backward": null, "covered": null, "tiger:name_type_3": null, "tiger:name_direction_prefix_3": null, "tiger:name_base_3": null, "tiger:name_base_2": null, "bridge:name": null, "layer": null, "bridge": null, "tiger:name_direction_prefix_1": null, "cycleway:right": null, "postal_code": null, "sidewalk:both:surface": null, "cycleway:both": null, "smoothness": null, "motor_vehicle": null, "lit": null, "foot": null, "bicycle": null, "tiger:name_type_1": null, "tiger:name_base_1": null, "tiger:name_direction_prefix": null, "overtaking": null, "change:forward": null, "change:backward": null, "turn:both_ways": null, "sidewalk": null, "maxspeed": null, "lanes:forward": null, "lanes:both_ways": null, "lanes:backward": null, "cycleway": null, "change:both_ways": null, "alt_name": null, "access": null, "lane_markings": null, "oneway": null, "tiger:upload_uuid": null, "tiger:tlid": null, "tiger:source": null, "tiger:separated": null, "service": null, "source:hgv:national_network": null, "ref": null, "old_ref": null, "hgv:national_network": null, "hgv": null, "NHS": null, "surface": "asphalt", "lanes": null, "tiger:reviewed": null, "tiger:name_type": null, "tiger:name_base": null, "tiger:county": null, "tiger:cfcc": null, "name": "Wahanna Road" }, "geometry": { "type": "LineString", "coordinates": [ [ -123.9151574, 45.9835398 ], [ -123.915146, 45.983883 ], [ -123.915142, 45.984009 ], [ -123.9151455, 45.9843422 ], [ -123.91516, 45.9849194 ], [ -123.9151625, 45.9850319 ], [ -123.9151985, 45.9854001 ], [ -123.9152133, 45.9854805 ], [ -123.9152823, 45.9858526 ] ] } },
{ "type": "Feature", "properties": { "full_id": "w883773979", "osm_id": "883773979", "osm_type": "way", "highway": "tertiary", "tidal": null, "flood_prone": null, "beach:name": null, "turn:lanes": null, "placement": null, "change:lanes": null, "destination:ref:lanes:forward": null, "turn:backward": null, "turn:forward": null, "placement:both_ways": null, "destination:symbol:forward": null, "destination:ref:lanes:backward": null, "destination:lanes:backward": null, "destination:ref:backward": null, "destination:backward": null, "turn:lanes:backward": null, "placement:forward": null, "cycleway:left": null, "change:lanes:backward": null, "turn:lanes:forward": null, "destination:symbol:lanes:forward": null, "destination:lanes:forward": null, "check_date:surface": null, "crossing": null, "change:lanes:forward": null, "dog": null, "psv": null, "emergency": null, "tactile_paving": null, "step_count": null, "ramp": null, "incline": null, "handrail": null, "footway": null, "segregated": null, "railway": null, "noname": null, "vehicle": null, "tunnel": null, "maxheight": null, "tracktype": null, "horse": null, "junction": null, "destination:symbol:backward": null, "covered": null, "tiger:name_type_3": null, "tiger:name_direction_prefix_3": null, "tiger:name_base_3": null, "tiger:name_base_2": null, "bridge:name": null, "layer": null, "bridge": null, "tiger:name_direction_prefix_1": null, "cycleway:right": null, "postal_code": null, "sidewalk:both:surface": null, "cycleway:both": null, "smoothness": null, "motor_vehicle": null, "lit": null, "foot": null, "bicycle": null, "tiger:name_type_1": null, "tiger:name_base_1": null, "tiger:name_direction_prefix": null, "overtaking": null, "change:forward": null, "change:backward": null, "turn:both_ways": null, "sidewalk": null, "maxspeed": null, "lanes:forward": null, "lanes:both_ways": null, "lanes:backward": null, "cycleway": null, "change:both_ways": null, "alt_name": null, "access": null, "lane_markings": null, "oneway": null, "tiger:upload_uuid": null, "tiger:tlid": null, "tiger:source": null, "tiger:separated": null, "service": null, "source:hgv:national_network": null, "ref": null, "old_ref": null, "hgv:national_network": null, "hgv": null, "NHS": null, "surface": null, "lanes": null, "tiger:reviewed": "no", "tiger:name_type": "Rd", "tiger:name_base": "Lewis and Clark", "tiger:county": "Clatsop, OR", "tiger:cfcc": "A41", "name": "Lewis and Clark Road" }, "geometry": { "type": "LineString", "coordinates": [ [ -123.9108104, 46.0104802 ], [ -123.9102903, 46.0104558 ], [ -123.910043, 46.010442 ], [ -123.9099667, 46.0104433 ], [ -123.909766, 46.0104359 ], [ -123.9093663, 46.010427 ], [ -123.9069706, 46.0103739 ], [ -123.9063599, 46.0103662 ], [ -123.9028402, 46.0103921 ], [ -123.9025488, 46.0103861 ], [ -123.902287, 46.010375 ], [ -123.901897, 46.010355 ], [ -123.901762, 46.010357 ], [ -123.9016711, 46.0103701 ], [ -123.9015891, 46.0103917 ], [ -123.9014988, 46.0104338 ], [ -123.9014049, 46.0105002 ] ] } },
{ "type": "Feature", "properties": { "full_id": "w245957929", "osm_id": "245957929", "osm_type": "way", "highway": "trunk", "tidal": null, "flood_prone": null, "beach:name": null, "turn:lanes": null, "placement": null, "change:lanes": null, "destination:ref:lanes:forward": null, "turn:backward": null, "turn:forward": null, "placement:both_ways": null, "destination:symbol:forward": null, "destination:ref:lanes:backward": null, "destination:lanes:backward": null, "destination:ref:backward": null, "destination:backward": null, "turn:lanes:backward": null, "placement:forward": null, "cycleway:left": null, "change:lanes:backward": null, "turn:lanes:forward": null, "destination:symbol:lanes:forward": null, "destination:lanes:forward": null, "check_date:surface": null, "crossing": null, "change:lanes:forward": null, "dog": null, "psv": null, "emergency": null, "tactile_paving": null, "step_count": null, "ramp": null, "incline": null, "handrail": null, "footway": null, "segregated": null, "railway": null, "noname": null, "vehicle": null, "tunnel": null, "maxheight": null, "tracktype": null, "horse": null, "junction": null, "destination:symbol:backward": null, "covered": null, "tiger:name_type_3": null, "tiger:name_direction_prefix_3": null, "tiger:name_base_3": null, "tiger:name_base_2": null, "bridge:name": null, "layer": null, "bridge": null, "tiger:name_direction_prefix_1": null, "cycleway:right": null, "postal_code": null, "sidewalk:both:surface": null, "cycleway:both": null, "smoothness": null, "motor_vehicle": null, "lit": null, "foot": null, "bicycle": null, "tiger:name_type_1": null, "tiger:name_base_1": null, "tiger:name_direction_prefix": null, "overtaking": "no", "change:forward": "no", "change:backward": "no", "turn:both_ways": null, "sidewalk": null, "maxspeed": "45 mph", "lanes:forward": null, "lanes:both_ways": null, "lanes:backward": null, "cycleway": null, "change:both_ways": null, "alt_name": "Oregon Coast Highway", "access": null, "lane_markings": null, "oneway": null, "tiger:upload_uuid": null, "tiger:tlid": null, "tiger:source": null, "tiger:separated": null, "service": null, "source:hgv:national_network": "Title 23: Highways Part 658 http://ecfr.gpoaccess.gov/cgi/t/text/text-idx?c=ecfr&rgn=div5&view=text&node=23:1.0.1.7.33&idno=23", "ref": "US 101", "old_ref": "US 26", "hgv:national_network": "yes", "hgv": "designated", "NHS": "STRAHNET", "surface": "asphalt", "lanes": "2", "tiger:reviewed": null, "tiger:name_type": null, "tiger:name_base": null, "tiger:county": null, "tiger:cfcc": null, "name": "South Roosevelt Drive" }, "geometry": { "type": "LineString", "coordinates": [ [ -123.9275356, 45.9749154 ], [ -123.9276178, 45.9750516 ], [ -123.9279191, 45.9755987 ], [ -123.9279621, 45.9756944 ], [ -123.928007, 45.9758047 ], [ -123.9280418, 45.9759308 ], [ -123.9280685, 45.9760552 ] ] } },
{ "type": "Feature", "properties": { "full_id": "w5320270", "osm_id": "5320270", "osm_type": "way", "highway": "tertiary", "tidal": null, "flood_prone": null, "beach:name": null, "turn:lanes": null, "placement": null, "change:lanes": null, "destination:ref:lanes:forward": null, "turn:backward": null, "turn:forward": null, "placement:both_ways": null, "destination:symbol:forward": null, "destination:ref:lanes:backward": null, "destination:lanes:backward": null, "destination:ref:backward": null, "destination:backward": null, "turn:lanes:backward": null, "placement:forward": null, "cycleway:left": null, "change:lanes:backward": null, "turn:lanes:forward": null, "destination:symbol:lanes:forward": null, "destination:lanes:forward": null, "check_date:surface": null, "crossing": null, "change:lanes:forward": null, "dog": null, "psv": null, "emergency": null, "tactile_paving": null, "step_count": null, "ramp": null, "incline": null, "handrail": null, "footway": null, "segregated": null, "railway": null, "noname": null, "vehicle": null, "tunnel": null, "maxheight": null, "tracktype": null, "horse": null, "junction": null, "destination:symbol:backward": null, "covered": null, "tiger:name_type_3": null, "tiger:name_direction_prefix_3": null, "tiger:name_base_3": null, "tiger:name_base_2": null, "bridge:name": null, "layer": null, "bridge": null, "tiger:name_direction_prefix_1": "S", "cycleway:right": null, "postal_code": null, "sidewalk:both:surface": null, "cycleway:both": null, "smoothness": null, "motor_vehicle": null, "lit": null, "foot": null, "bicycle": null, "tiger:name_type_1": "Rd", "tiger:name_base_1": "Sundquist", "tiger:name_direction_prefix": null, "overtaking": null, "change:forward": null, "change:backward": null, "turn:both_ways": null, "sidewalk": null, "maxspeed": null, "lanes:forward": null, "lanes:both_ways": null, "lanes:backward": null, "cycleway": null, "change:both_ways": null, "alt_name": "South Sundquist Road", "access": null, "lane_markings": null, "oneway": null, "tiger:upload_uuid": null, "tiger:tlid": null, "tiger:source": null, "tiger:separated": null, "service": null, "source:hgv:national_network": null, "ref": null, "old_ref": null, "hgv:national_network": null, "hgv": null, "NHS": null, "surface": null, "lanes": null, "tiger:reviewed": "no", "tiger:name_type": null, "tiger:name_base": "Avenue S", "tiger:county": "Clatsop, OR", "tiger:cfcc": "A41", "name": "Avenue S" }, "geometry": { "type": "LineString", "coordinates": [ [ -123.9164575, 45.9826101 ], [ -123.9162795, 45.9826396 ], [ -123.916173, 45.982669 ], [ -123.915892, 45.982772 ], [ -123.9157238, 45.9828464 ], [ -123.9155701, 45.9829474 ], [ -123.9154586, 45.9830472 ], [ -123.9153662, 45.983137 ], [ -123.915296, 45.983229 ], [ -123.9152353, 45.9833421 ], [ -123.9151916, 45.9834479 ], [ -123.9151574, 45.9835398 ] ] } },
{ "type": "Feature", "properties": { "full_id": "w5318695", "osm_id": "5318695", "osm_type": "way", "highway": "tertiary", "tidal": null, "flood_prone": null, "beach:name": null, "turn:lanes": null, "placement": null, "change:lanes": null, "destination:ref:lanes:forward": null, "turn:backward": null, "turn:forward": null, "placement:both_ways": null, "destination:symbol:forward": null, "destination:ref:lanes:backward": null, "destination:lanes:backward": null, "destination:ref:backward": null, "destination:backward": null, "turn:lanes:backward": null, "placement:forward": null, "cycleway:left": null, "change:lanes:backward": null, "turn:lanes:forward": null, "destination:symbol:lanes:forward": null, "destination:lanes:forward": null, "check_date:surface": null, "crossing": null, "change:lanes:forward": null, "dog": null, "psv": null, "emergency": null, "tactile_paving": null, "step_count": null, "ramp": null, "incline": null, "handrail": null, "footway": null, "segregated": null, "railway": null, "noname": null, "vehicle": null, "tunnel": null, "maxheight": null, "tracktype": null, "horse": null, "junction": null, "destination:symbol:backward": null, "covered": null, "tiger:name_type_3": null, "tiger:name_direction_prefix_3": null, "tiger:name_base_3": null, "tiger:name_base_2": null, "bridge:name": null, "layer": null, "bridge": null, "tiger:name_direction_prefix_1": null, "cycleway:right": null, "postal_code": null, "sidewalk:both:surface": null, "cycleway:both": null, "smoothness": null, "motor_vehicle": null, "lit": null, "foot": null, "bicycle": null, "tiger:name_type_1": null, "tiger:name_base_1": null, "tiger:name_direction_prefix": null, "overtaking": null, "change:forward": null, "change:backward": null, "turn:both_ways": null, "sidewalk": null, "maxspeed": null, "lanes:forward": null, "lanes:both_ways": null, "lanes:backward": null, "cycleway": null, "change:both_ways": null, "alt_name": null, "access": null, "lane_markings": null, "oneway": null, "tiger:upload_uuid": null, "tiger:tlid": null, "tiger:source": null, "tiger:separated": null, "service": null, "source:hgv:national_network": null, "ref": null, "old_ref": null, "hgv:national_network": null, "hgv": null, "NHS": null, "surface": "asphalt", "lanes": "2", "tiger:reviewed": "no", "tiger:name_type": "Dr", "tiger:name_base": "Ocean Vista", "tiger:county": "Clatsop, OR", "tiger:cfcc": "A41", "name": "Ocean Vista Drive" }, "geometry": { "type": "LineString", "coordinates": [ [ -123.9384985, 45.975906 ], [ -123.9374152, 45.9762284 ], [ -123.93704, 45.976327 ], [ -123.9368986, 45.9763769 ], [ -123.9365143, 45.9765539 ], [ -123.9363854, 45.9766005 ], [ -123.9362841, 45.9766268 ], [ -123.9361624, 45.9766565 ], [ -123.9359949, 45.9766889 ] ] } },
{ "type": "Feature", "properties": { "full_id": "w5317509", "osm_id": "5317509", "osm_type": "way", "highway": "secondary", "tidal": null, "flood_prone": null, "beach:name": null, "turn:lanes": null, "placement": null, "change:lanes": null, "destination:ref:lanes:forward": null, "turn:backward": null, "turn:forward": null, "placement:both_ways": null, "destination:symbol:forward": null, "destination:ref:lanes:backward": null, "destination:lanes:backward": null, "destination:ref:backward": null, "destination:backward": null, "turn:lanes:backward": null, "placement:forward": null, "cycleway:left": null, "change:lanes:backward": null, "turn:lanes:forward": null, "destination:symbol:lanes:forward": null, "destination:lanes:forward": null, "check_date:surface": null, "crossing": null, "change:lanes:forward": null, "dog": null, "psv": null, "emergency": null, "tactile_paving": null, "step_count": null, "ramp": null, "incline": null, "handrail": null, "footway": null, "segregated": null, "railway": null, "noname": null, "vehicle": null, "tunnel": null, "maxheight": null, "tracktype": null, "horse": null, "junction": null, "destination:symbol:backward": null, "covered": null, "tiger:name_type_3": null, "tiger:name_direction_prefix_3": null, "tiger:name_base_3": null, "tiger:name_base_2": null, "bridge:name": null, "layer": null, "bridge": null, "tiger:name_direction_prefix_1": null, "cycleway:right": null, "postal_code": null, "sidewalk:both:surface": "concrete", "cycleway:both": "no", "smoothness": "excellent", "motor_vehicle": null, "lit": "yes", "foot": null, "bicycle": null, "tiger:name_type_1": null, "tiger:name_base_1": null, "tiger:name_direction_prefix": "N", "overtaking": null, "change:forward": null, "change:backward": null, "turn:both_ways": null, "sidewalk": "both", "maxspeed": "25 mph", "lanes:forward": null, "lanes:both_ways": null, "lanes:backward": null, "cycleway": null, "change:both_ways": null, "alt_name": null, "access": null, "lane_markings": null, "oneway": null, "tiger:upload_uuid": null, "tiger:tlid": null, "tiger:source": null, "tiger:separated": null, "service": null, "source:hgv:national_network": null, "ref": null, "old_ref": null, "hgv:national_network": null, "hgv": null, "NHS": null, "surface": "asphalt", "lanes": "2", "tiger:reviewed": "no", "tiger:name_type": "Dr", "tiger:name_base": "Holladay", "tiger:county": "Clatsop, OR", "tiger:cfcc": "A41", "name": "North Holladay Drive" }, "geometry": { "type": "LineString", "coordinates": [ [ -123.9230558, 45.9931033 ], [ -123.9230127, 45.993704 ], [ -123.923009, 45.993755 ], [ -123.9229442, 45.9940764 ], [ -123.9229384, 45.9941049 ], [ -123.922882, 45.9943845 ], [ -123.9228617, 45.994483 ] ] } },
{ "type": "Feature", "properties": { "full_id": "w931608762", "osm_id": "931608762", "osm_type": "way", "highway": "footway", "tidal": null, "flood_prone": null, "beach:name": null, "turn:lanes": null, "placement": null, "change:lanes": null, "destination:ref:lanes:forward": null, "turn:backward": null, "turn:forward": null, "placement:both_ways": null, "destination:symbol:forward": null, "destination:ref:lanes:backward": null, "destination:lanes:backward": null, "destination:ref:backward": null, "destination:backward": null, "turn:lanes:backward": null, "placement:forward": null, "cycleway:left": null, "change:lanes:backward": null, "turn:lanes:forward": null, "destination:symbol:lanes:forward": null, "destination:lanes:forward": null, "check_date:surface": null, "crossing": null, "change:lanes:forward": null, "dog": null, "psv": null, "emergency": null, "tactile_paving": null, "step_count": null, "ramp": null, "incline": null, "handrail": null, "footway": "sidewalk", "segregated": null, "railway": null, "noname": null, "vehicle": null, "tunnel": null, "maxheight": null, "tracktype": null, "horse": null, "junction": null, "destination:symbol:backward": null, "covered": null, "tiger:name_type_3": null, "tiger:name_direction_prefix_3": null, "tiger:name_base_3": null, "tiger:name_base_2": null, "bridge:name": null, "layer": null, "bridge": null, "tiger:name_direction_prefix_1": null, "cycleway:right": null, "postal_code": null, "sidewalk:both:surface": null, "cycleway:both": null, "smoothness": null, "motor_vehicle": null, "lit": null, "foot": null, "bicycle": null, "tiger:name_type_1": null, "tiger:name_base_1": null, "tiger:name_direction_prefix": null, "overtaking": null, "change:forward": null, "change:backward": null, "turn:both_ways": null, "sidewalk": null, "maxspeed": null, "lanes:forward": null, "lanes:both_ways": null, "lanes:backward": null, "cycleway": null, "change:both_ways": null, "alt_name": null, "access": null, "lane_markings": null, "oneway": null, "tiger:upload_uuid": null, "tiger:tlid": null, "tiger:source": null, "tiger:separated": null, "service": null, "source:hgv:national_network": null, "ref": null, "old_ref": null, "hgv:national_network": null, "hgv": null, "NHS": null, "surface": null, "lanes": null, "tiger:reviewed": null, "tiger:name_type": null, "tiger:name_base": null, "tiger:county": null, "tiger:cfcc": null, "name": null }, "geometry": { "type": "LineString", "coordinates": [ [ -123.9256618, 45.9914843 ], [ -123.9258804, 45.9906644 ] ] } },
{ "type": "Feature", "properties": { "full_id": "w1119072928", "osm_id": "1119072928", "osm_type": "way", "highway": "trunk", "tidal": null, "flood_prone": null, "beach:name": null, "turn:lanes": null, "placement": null, "change:lanes": null, "destination:ref:lanes:forward": null, "turn:backward": null, "turn:forward": null, "placement:both_ways": null, "destination:symbol:forward": null, "destination:ref:lanes:backward": null, "destination:lanes:backward": null, "destination:ref:backward": null, "destination:backward": null, "turn:lanes:backward": null, "placement:forward": null, "cycleway:left": null, "change:lanes:backward": null, "turn:lanes:forward": null, "destination:symbol:lanes:forward": null, "destination:lanes:forward": null, "check_date:surface": null, "crossing": null, "change:lanes:forward": null, "dog": null, "psv": null, "emergency": null, "tactile_paving": null, "step_count": null, "ramp": null, "incline": null, "handrail": null, "footway": null, "segregated": null, "railway": null, "noname": null, "vehicle": null, "tunnel": null, "maxheight": null, "tracktype": null, "horse": null, "junction": null, "destination:symbol:backward": null, "covered": null, "tiger:name_type_3": null, "tiger:name_direction_prefix_3": null, "tiger:name_base_3": null, "tiger:name_base_2": null, "bridge:name": null, "layer": null, "bridge": null, "tiger:name_direction_prefix_1": null, "cycleway:right": null, "postal_code": null, "sidewalk:both:surface": null, "cycleway:both": null, "smoothness": null, "motor_vehicle": null, "lit": null, "foot": null, "bicycle": null, "tiger:name_type_1": null, "tiger:name_base_1": null, "tiger:name_direction_prefix": null, "overtaking": "no", "change:forward": "no", "change:backward": "no", "turn:both_ways": null, "sidewalk": "no", "maxspeed": "45 mph", "lanes:forward": null, "lanes:both_ways": null, "lanes:backward": null, "cycleway": null, "change:both_ways": null, "alt_name": "Oregon Coast Highway", "access": null, "lane_markings": null, "oneway": null, "tiger:upload_uuid": null, "tiger:tlid": null, "tiger:source": null, "tiger:separated": null, "service": null, "source:hgv:national_network": "Title 23: Highways Part 658 http://ecfr.gpoaccess.gov/cgi/t/text/text-idx?c=ecfr&rgn=div5&view=text&node=23:1.0.1.7.33&idno=23", "ref": "US 101", "old_ref": "US 26", "hgv:national_network": "yes", "hgv": "designated", "NHS": "STRAHNET", "surface": "asphalt", "lanes": "2", "tiger:reviewed": null, "tiger:name_type": null, "tiger:name_base": null, "tiger:county": null, "tiger:cfcc": null, "name": "South Roosevelt Drive" }, "geometry": { "type": "LineString", "coordinates": [ [ -123.9242737, 45.9659149 ], [ -123.9248296, 45.967813 ], [ -123.9261416, 45.9722576 ], [ -123.926163, 45.972328 ], [ -123.926179, 45.972381 ], [ -123.926304, 45.972711 ], [ -123.92635, 45.972811 ], [ -123.926388, 45.972895 ], [ -123.926504, 45.973127 ], [ -123.9265663, 45.9732339 ], [ -123.927286, 45.974468 ], [ -123.9274118, 45.9746773 ] ] } },
{ "type": "Feature", "properties": { "full_id": "w5320267", "osm_id": "5320267", "osm_type": "way", "highway": "tertiary", "tidal": null, "flood_prone": null, "beach:name": null, "turn:lanes": null, "placement": null, "change:lanes": null, "destination:ref:lanes:forward": null, "turn:backward": null, "turn:forward": null, "placement:both_ways": null, "destination:symbol:forward": null, "destination:ref:lanes:backward": null, "destination:lanes:backward": null, "destination:ref:backward": null, "destination:backward": null, "turn:lanes:backward": null, "placement:forward": null, "cycleway:left": null, "change:lanes:backward": null, "turn:lanes:forward": null, "destination:symbol:lanes:forward": null, "destination:lanes:forward": null, "check_date:surface": null, "crossing": null, "change:lanes:forward": null, "dog": null, "psv": null, "emergency": null, "tactile_paving": null, "step_count": null, "ramp": null, "incline": null, "handrail": null, "footway": null, "segregated": null, "railway": null, "noname": null, "vehicle": null, "tunnel": null, "maxheight": null, "tracktype": null, "horse": null, "junction": null, "destination:symbol:backward": null, "covered": null, "tiger:name_type_3": null, "tiger:name_direction_prefix_3": null, "tiger:name_base_3": null, "tiger:name_base_2": null, "bridge:name": null, "layer": null, "bridge": null, "tiger:name_direction_prefix_1": "S", "cycleway:right": null, "postal_code": null, "sidewalk:both:surface": null, "cycleway:both": null, "smoothness": null, "motor_vehicle": null, "lit": null, "foot": null, "bicycle": null, "tiger:name_type_1": "Rd", "tiger:name_base_1": "Sundquist", "tiger:name_direction_prefix": null, "overtaking": null, "change:forward": null, "change:backward": null, "turn:both_ways": null, "sidewalk": null, "maxspeed": null, "lanes:forward": null, "lanes:both_ways": null, "lanes:backward": null, "cycleway": null, "change:both_ways": null, "alt_name": "South Sundquist Road", "access": null, "lane_markings": null, "oneway": null, "tiger:upload_uuid": null, "tiger:tlid": null, "tiger:source": null, "tiger:separated": null, "service": null, "source:hgv:national_network": null, "ref": null, "old_ref": null, "hgv:national_network": null, "hgv": null, "NHS": null, "surface": null, "lanes": "2", "tiger:reviewed": "no", "tiger:name_type": null, "tiger:name_base": "Avenue S", "tiger:county": "Clatsop, OR", "tiger:cfcc": "A41", "name": "Avenue S" }, "geometry": { "type": "LineString", "coordinates": [ [ -123.9164575, 45.9826101 ], [ -123.9166415, 45.9825905 ], [ -123.9168417, 45.9825849 ], [ -123.9179711, 45.9826043 ], [ -123.9191138, 45.9826048 ] ] } },
{ "type": "Feature", "properties": { "full_id": "w5318889", "osm_id": "5318889", "osm_type": "way", "highway": "trunk", "tidal": null, "flood_prone": null, "beach:name": null, "turn:lanes": null, "placement": null, "change:lanes": null, "destination:ref:lanes:forward": null, "turn:backward": null, "turn:forward": null, "placement:both_ways": null, "destination:symbol:forward": null, "destination:ref:lanes:backward": null, "destination:lanes:backward": null, "destination:ref:backward": null, "destination:backward": null, "turn:lanes:backward": null, "placement:forward": null, "cycleway:left": null, "change:lanes:backward": null, "turn:lanes:forward": null, "destination:symbol:lanes:forward": null, "destination:lanes:forward": null, "check_date:surface": null, "crossing": null, "change:lanes:forward": null, "dog": null, "psv": null, "emergency": null, "tactile_paving": null, "step_count": null, "ramp": null, "incline": null, "handrail": null, "footway": null, "segregated": null, "railway": null, "noname": null, "vehicle": null, "tunnel": null, "maxheight": null, "tracktype": null, "horse": null, "junction": null, "destination:symbol:backward": null, "covered": null, "tiger:name_type_3": null, "tiger:name_direction_prefix_3": null, "tiger:name_base_3": null, "tiger:name_base_2": null, "bridge:name": null, "layer": null, "bridge": null, "tiger:name_direction_prefix_1": null, "cycleway:right": null, "postal_code": "97138", "sidewalk:both:surface": null, "cycleway:both": null, "smoothness": null, "motor_vehicle": null, "lit": null, "foot": null, "bicycle": null, "tiger:name_type_1": null, "tiger:name_base_1": null, "tiger:name_direction_prefix": null, "overtaking": null, "change:forward": null, "change:backward": null, "turn:both_ways": null, "sidewalk": "no", "maxspeed": "35 mph", "lanes:forward": null, "lanes:both_ways": null, "lanes:backward": null, "cycleway": null, "change:both_ways": null, "alt_name": "Oregon Coast Hwy", "access": null, "lane_markings": null, "oneway": null, "tiger:upload_uuid": null, "tiger:tlid": null, "tiger:source": null, "tiger:separated": null, "service": null, "source:hgv:national_network": "Title 23: Highways Part 658 http://ecfr.gpoaccess.gov/cgi/t/text/text-idx?c=ecfr&rgn=div5&view=text&node=23:1.0.1.7.33&idno=23", "ref": "US 101", "old_ref": "US 26", "hgv:national_network": "yes", "hgv": "designated", "NHS": "STRAHNET", "surface": "asphalt", "lanes": "2", "tiger:reviewed": null, "tiger:name_type": null, "tiger:name_base": null, "tiger:county": null, "tiger:cfcc": null, "name": "South Roosevelt Drive" }, "geometry": { "type": "LineString", "coordinates": [ [ -123.9206171, 45.9930863 ], [ -123.9207137, 45.9929384 ], [ -123.9208064, 45.992779 ], [ -123.9209037, 45.9925837 ], [ -123.9209844, 45.9923992 ], [ -123.9211797, 45.9919383 ], [ -123.9212919, 45.9916463 ], [ -123.9213526, 45.9914884 ], [ -123.9214128, 45.9913484 ], [ -123.9215258, 45.9910471 ], [ -123.9216017, 45.9908473 ], [ -123.9216439, 45.9907397 ], [ -123.921673, 45.9906429 ], [ -123.921717, 45.9904703 ], [ -123.9217424, 45.9902528 ], [ -123.921741, 45.9897577 ], [ -123.9217466, 45.9895717 ], [ -123.9217691, 45.9893945 ], [ -123.9217933, 45.9892623 ], [ -123.9218539, 45.9890859 ], [ -123.9219679, 45.9887691 ], [ -123.9220959, 45.9884428 ], [ -123.922218, 45.9881315 ], [ -123.9224532, 45.9875141 ], [ -123.9226972, 45.9868813 ] ] } },
{ "type": "Feature", "properties": { "full_id": "w931608769", "osm_id": "931608769", "osm_type": "way", "highway": "footway", "tidal": null, "flood_prone": null, "beach:name": null, "turn:lanes": null, "placement": null, "change:lanes": null, "destination:ref:lanes:forward": null, "turn:backward": null, "turn:forward": null, "placement:both_ways": null, "destination:symbol:forward": null, "destination:ref:lanes:backward": null, "destination:lanes:backward": null, "destination:ref:backward": null, "destination:backward": null, "turn:lanes:backward": null, "placement:forward": null, "cycleway:left": null, "change:lanes:backward": null, "turn:lanes:forward": null, "destination:symbol:lanes:forward": null, "destination:lanes:forward": null, "check_date:surface": null, "crossing": null, "change:lanes:forward": null, "dog": null, "psv": null, "emergency": null, "tactile_paving": null, "step_count": null, "ramp": null, "incline": null, "handrail": null, "footway": "sidewalk", "segregated": null, "railway": null, "noname": null, "vehicle": null, "tunnel": null, "maxheight": null, "tracktype": null, "horse": null, "junction": null, "destination:symbol:backward": null, "covered": null, "tiger:name_type_3": null, "tiger:name_direction_prefix_3": null, "tiger:name_base_3": null, "tiger:name_base_2": null, "bridge:name": null, "layer": null, "bridge": null, "tiger:name_direction_prefix_1": null, "cycleway:right": null, "postal_code": null, "sidewalk:both:surface": null, "cycleway:both": null, "smoothness": null, "motor_vehicle": null, "lit": null, "foot": null, "bicycle": null, "tiger:name_type_1": null, "tiger:name_base_1": null, "tiger:name_direction_prefix": null, "overtaking": null, "change:forward": null, "change:backward": null, "turn:both_ways": null, "sidewalk": null, "maxspeed": null, "lanes:forward": null, "lanes:both_ways": null, "lanes:backward": null, "cycleway": null, "change:both_ways": null, "alt_name": null, "access": null, "lane_markings": null, "oneway": null, "tiger:upload_uuid": null, "tiger:tlid": null, "tiger:source": null, "tiger:separated": null, "service": null, "source:hgv:national_network": null, "ref": null, "old_ref": null, "hgv:national_network": null, "hgv": null, "NHS": null, "surface": null, "lanes": null, "tiger:reviewed": null, "tiger:name_type": null, "tiger:name_base": null, "tiger:county": null, "tiger:cfcc": null, "name": null }, "geometry": { "type": "LineString", "coordinates": [ [ -123.9271611, 45.9889536 ], [ -123.9272992, 45.988402 ] ] } },
{ "type": "Feature", "properties": { "full_id": "w827438328", "osm_id": "827438328", "osm_type": "way", "highway": "tertiary", "tidal": null, "flood_prone": null, "beach:name": null, "turn:lanes": null, "placement": null, "change:lanes": null, "destination:ref:lanes:forward": null, "turn:backward": null, "turn:forward": null, "placement:both_ways": null, "destination:symbol:forward": null, "destination:ref:lanes:backward": null, "destination:lanes:backward": null, "destination:ref:backward": null, "destination:backward": null, "turn:lanes:backward": null, "placement:forward": null, "cycleway:left": null, "change:lanes:backward": null, "turn:lanes:forward": null, "destination:symbol:lanes:forward": null, "destination:lanes:forward": null, "check_date:surface": null, "crossing": null, "change:lanes:forward": null, "dog": null, "psv": null, "emergency": null, "tactile_paving": null, "step_count": null, "ramp": null, "incline": null, "handrail": null, "footway": null, "segregated": null, "railway": null, "noname": null, "vehicle": null, "tunnel": null, "maxheight": null, "tracktype": null, "horse": null, "junction": null, "destination:symbol:backward": null, "covered": null, "tiger:name_type_3": null, "tiger:name_direction_prefix_3": null, "tiger:name_base_3": null, "tiger:name_base_2": null, "bridge:name": null, "layer": null, "bridge": null, "tiger:name_direction_prefix_1": null, "cycleway:right": null, "postal_code": "97138", "sidewalk:both:surface": null, "cycleway:both": null, "smoothness": null, "motor_vehicle": null, "lit": null, "foot": null, "bicycle": null, "tiger:name_type_1": null, "tiger:name_base_1": null, "tiger:name_direction_prefix": null, "overtaking": null, "change:forward": null, "change:backward": null, "turn:both_ways": null, "sidewalk": null, "maxspeed": null, "lanes:forward": null, "lanes:both_ways": null, "lanes:backward": null, "cycleway": null, "change:both_ways": null, "alt_name": null, "access": null, "lane_markings": null, "oneway": null, "tiger:upload_uuid": null, "tiger:tlid": null, "tiger:source": null, "tiger:separated": null, "service": null, "source:hgv:national_network": null, "ref": null, "old_ref": null, "hgv:national_network": null, "hgv": null, "NHS": null, "surface": "asphalt", "lanes": null, "tiger:reviewed": null, "tiger:name_type": null, "tiger:name_base": null, "tiger:county": null, "tiger:cfcc": null, "name": "12th Avenue" }, "geometry": { "type": "LineString", "coordinates": [ [ -123.9179497, 46.0015376 ], [ -123.918431, 46.0015366 ], [ -123.9205613, 46.0015322 ], [ -123.9206687, 46.0015279 ] ] } },
{ "type": "Feature", "properties": { "full_id": "w158904828", "osm_id": "158904828", "osm_type": "way", "highway": "residential", "tidal": null, "flood_prone": null, "beach:name": null, "turn:lanes": null, "placement": null, "change:lanes": null, "destination:ref:lanes:forward": null, "turn:backward": null, "turn:forward": null, "placement:both_ways": null, "destination:symbol:forward": null, "destination:ref:lanes:backward": null, "destination:lanes:backward": null, "destination:ref:backward": null, "destination:backward": null, "turn:lanes:backward": null, "placement:forward": null, "cycleway:left": null, "change:lanes:backward": null, "turn:lanes:forward": null, "destination:symbol:lanes:forward": null, "destination:lanes:forward": null, "check_date:surface": null, "crossing": null, "change:lanes:forward": null, "dog": null, "psv": null, "emergency": null, "tactile_paving": null, "step_count": null, "ramp": null, "incline": null, "handrail": null, "footway": null, "segregated": null, "railway": null, "noname": null, "vehicle": null, "tunnel": null, "maxheight": null, "tracktype": null, "horse": null, "junction": null, "destination:symbol:backward": null, "covered": null, "tiger:name_type_3": null, "tiger:name_direction_prefix_3": null, "tiger:name_base_3": null, "tiger:name_base_2": null, "bridge:name": null, "layer": null, "bridge": null, "tiger:name_direction_prefix_1": null, "cycleway:right": null, "postal_code": null, "sidewalk:both:surface": null, "cycleway:both": null, "smoothness": null, "motor_vehicle": null, "lit": null, "foot": null, "bicycle": null, "tiger:name_type_1": null, "tiger:name_base_1": null, "tiger:name_direction_prefix": null, "overtaking": null, "change:forward": null, "change:backward": null, "turn:both_ways": null, "sidewalk": null, "maxspeed": null, "lanes:forward": null, "lanes:both_ways": null, "lanes:backward": null, "cycleway": null, "change:both_ways": null, "alt_name": null, "access": null, "lane_markings": null, "oneway": null, "tiger:upload_uuid": null, "tiger:tlid": null, "tiger:source": null, "tiger:separated": null, "service": null, "source:hgv:national_network": null, "ref": null, "old_ref": null, "hgv:national_network": null, "hgv": null, "NHS": null, "surface": null, "lanes": null, "tiger:reviewed": null, "tiger:name_type": null, "tiger:name_base": null, "tiger:county": null, "tiger:cfcc": null, "name": "North Fork Road" }, "geometry": { "type": "LineString", "coordinates": [ [ -123.9013101, 46.0092674 ], [ -123.9007422, 46.0092787 ], [ -123.9006369, 46.009284 ], [ -123.9005635, 46.009299 ], [ -123.9004789, 46.0093318 ], [ -123.8988727, 46.0102967 ], [ -123.898787, 46.0103324 ], [ -123.8986794, 46.0103564 ], [ -123.8985615, 46.0103596 ], [ -123.8984651, 46.0103484 ], [ -123.8983758, 46.0103223 ], [ -123.8983, 46.0102854 ], [ -123.8982431, 46.0102422 ], [ -123.8981918, 46.010195 ], [ -123.8980526, 46.0100539 ], [ -123.8979717, 46.0100077 ], [ -123.8978151, 46.0099403 ], [ -123.8978017, 46.0098636 ], [ -123.8978436, 46.0095293 ], [ -123.8978407, 46.0094689 ], [ -123.8978305, 46.0094044 ], [ -123.8977933, 46.0093433 ], [ -123.8977381, 46.0092886 ], [ -123.897669, 46.0092481 ], [ -123.8975904, 46.0092179 ], [ -123.8974915, 46.0092032 ], [ -123.8971676, 46.0091876 ], [ -123.8970834, 46.009171 ], [ -123.8970099, 46.0091366 ], [ -123.8969433, 46.0090943 ], [ -123.8968884, 46.009041 ], [ -123.8968539, 46.0089713 ], [ -123.8968379, 46.0088907 ], [ -123.8968649, 46.0088137 ], [ -123.8968955, 46.0087676 ], [ -123.8969657, 46.0086794 ], [ -123.8969833, 46.0086 ], [ -123.8969707, 46.0085235 ], [ -123.8969171, 46.0084471 ], [ -123.8968421, 46.0083892 ], [ -123.8967488, 46.0083464 ], [ -123.8966348, 46.0083149 ], [ -123.8964843, 46.0082786 ], [ -123.8963673, 46.0082701 ], [ -123.896272, 46.0082827 ], [ -123.8961791, 46.008317 ], [ -123.8961104, 46.0083672 ], [ -123.896015, 46.0084359 ], [ -123.8959379, 46.0084738 ], [ -123.8958092, 46.0085005 ], [ -123.8956932, 46.0085209 ], [ -123.8955903, 46.008556 ], [ -123.8955144, 46.0086132 ], [ -123.8954673, 46.0086805 ], [ -123.8954535, 46.0087597 ], [ -123.8954691, 46.0088265 ], [ -123.8955023, 46.0088876 ], [ -123.8955603, 46.0089434 ], [ -123.8956485, 46.0090012 ], [ -123.8959623, 46.0091558 ], [ -123.8960292, 46.0092029 ], [ -123.8966564, 46.0097966 ], [ -123.8968342, 46.0100178 ], [ -123.8969079, 46.010073 ], [ -123.8969948, 46.010109 ], [ -123.8970881, 46.0101356 ], [ -123.8971595, 46.0101356 ], [ -123.8972428, 46.010127 ], [ -123.8973345, 46.0100995 ], [ -123.8974062, 46.0100562 ], [ -123.8975841, 46.0099886 ], [ -123.8976969, 46.0099627 ], [ -123.8978151, 46.0099403 ] ] } },
{ "type": "Feature", "properties": { "full_id": "w5317008", "osm_id": "5317008", "osm_type": "way", "highway": "pedestrian", "tidal": null, "flood_prone": null, "beach:name": null, "turn:lanes": null, "placement": null, "change:lanes": null, "destination:ref:lanes:forward": null, "turn:backward": null, "turn:forward": null, "placement:both_ways": null, "destination:symbol:forward": null, "destination:ref:lanes:backward": null, "destination:lanes:backward": null, "destination:ref:backward": null, "destination:backward": null, "turn:lanes:backward": null, "placement:forward": null, "cycleway:left": null, "change:lanes:backward": null, "turn:lanes:forward": null, "destination:symbol:lanes:forward": null, "destination:lanes:forward": null, "check_date:surface": null, "crossing": null, "change:lanes:forward": null, "dog": null, "psv": null, "emergency": null, "tactile_paving": null, "step_count": null, "ramp": null, "incline": null, "handrail": null, "footway": null, "segregated": null, "railway": null, "noname": null, "vehicle": null, "tunnel": null, "maxheight": null, "tracktype": null, "horse": null, "junction": null, "destination:symbol:backward": null, "covered": null, "tiger:name_type_3": null, "tiger:name_direction_prefix_3": null, "tiger:name_base_3": null, "tiger:name_base_2": null, "bridge:name": null, "layer": null, "bridge": null, "tiger:name_direction_prefix_1": null, "cycleway:right": null, "postal_code": null, "sidewalk:both:surface": null, "cycleway:both": null, "smoothness": "intermediate", "motor_vehicle": "no", "lit": "yes", "foot": "yes", "bicycle": "yes", "tiger:name_type_1": null, "tiger:name_base_1": null, "tiger:name_direction_prefix": null, "overtaking": null, "change:forward": null, "change:backward": null, "turn:both_ways": null, "sidewalk": null, "maxspeed": null, "lanes:forward": null, "lanes:both_ways": null, "lanes:backward": null, "cycleway": null, "change:both_ways": null, "alt_name": null, "access": null, "lane_markings": null, "oneway": "no", "tiger:upload_uuid": null, "tiger:tlid": null, "tiger:source": null, "tiger:separated": null, "service": null, "source:hgv:national_network": null, "ref": null, "old_ref": null, "hgv:national_network": null, "hgv": null, "NHS": null, "surface": "concrete", "lanes": null, "tiger:reviewed": null, "tiger:name_type": null, "tiger:name_base": null, "tiger:county": null, "tiger:cfcc": null, "name": "South Promenade" }, "geometry": { "type": "LineString", "coordinates": [ [ -123.9301718, 45.9931024 ], [ -123.9301429, 45.9930478 ], [ -123.9301192, 45.9930157 ], [ -123.9301407, 45.9928882 ], [ -123.9301883, 45.9926636 ], [ -123.9302689, 45.9922573 ], [ -123.9302748, 45.9922277 ], [ -123.9302783, 45.9922124 ], [ -123.930545, 45.9912727 ], [ -123.9305599, 45.9912234 ], [ -123.9305683, 45.9911866 ], [ -123.9308445, 45.990092 ], [ -123.9308603, 45.9900307 ], [ -123.9308989, 45.9898943 ], [ -123.9309315, 45.9897792 ], [ -123.9309667, 45.9896553 ], [ -123.9311792, 45.988905 ], [ -123.9311941, 45.9888527 ], [ -123.9314408, 45.9879189 ], [ -123.9315147, 45.9876566 ], [ -123.9316141, 45.9872746 ], [ -123.9317379, 45.9867998 ], [ -123.9318129, 45.986511 ], [ -123.9318987, 45.9861846 ], [ -123.9319415, 45.9860217 ], [ -123.9320492, 45.9856129 ], [ -123.9322055, 45.985198 ], [ -123.9324067, 45.9847046 ], [ -123.9324126, 45.98469 ], [ -123.9324199, 45.9846647 ], [ -123.9324317, 45.9846297 ], [ -123.9326245, 45.9840616 ], [ -123.9327093, 45.9837891 ], [ -123.9328758, 45.9833736 ], [ -123.9331157, 45.9827503 ], [ -123.9331784, 45.9826093 ], [ -123.9332138, 45.9824963 ], [ -123.9332661, 45.982361 ], [ -123.9333156, 45.9822327 ], [ -123.9333764, 45.9820752 ], [ -123.9334226, 45.9819572 ], [ -123.9335123, 45.9817274 ], [ -123.9336083, 45.9814833 ], [ -123.9336669, 45.9813342 ], [ -123.9337077, 45.9812305 ], [ -123.9337872, 45.9810285 ], [ -123.93387, 45.9808177 ], [ -123.9339965, 45.9804973 ] ] } },
{ "type": "Feature", "properties": { "full_id": "w1474502786", "osm_id": "1474502786", "osm_type": "way", "highway": "residential", "tidal": null, "flood_prone": null, "beach:name": null, "turn:lanes": null, "placement": null, "change:lanes": null, "destination:ref:lanes:forward": null, "turn:backward": null, "turn:forward": null, "placement:both_ways": null, "destination:symbol:forward": null, "destination:ref:lanes:backward": null, "destination:lanes:backward": null, "destination:ref:backward": null, "destination:backward": null, "turn:lanes:backward": null, "placement:forward": null, "cycleway:left": null, "change:lanes:backward": null, "turn:lanes:forward": null, "destination:symbol:lanes:forward": null, "destination:lanes:forward": null, "check_date:surface": null, "crossing": null, "change:lanes:forward": null, "dog": null, "psv": null, "emergency": null, "tactile_paving": null, "step_count": null, "ramp": null, "incline": null, "handrail": null, "footway": null, "segregated": null, "railway": null, "noname": null, "vehicle": null, "tunnel": null, "maxheight": null, "tracktype": null, "horse": null, "junction": null, "destination:symbol:backward": null, "covered": null, "tiger:name_type_3": null, "tiger:name_direction_prefix_3": null, "tiger:name_base_3": null, "tiger:name_base_2": null, "bridge:name": null, "layer": null, "bridge": null, "tiger:name_direction_prefix_1": null, "cycleway:right": null, "postal_code": null, "sidewalk:both:surface": null, "cycleway:both": null, "smoothness": null, "motor_vehicle": null, "lit": null, "foot": null, "bicycle": null, "tiger:name_type_1": null, "tiger:name_base_1": null, "tiger:name_direction_prefix": null, "overtaking": null, "change:forward": null, "change:backward": null, "turn:both_ways": null, "sidewalk": null, "maxspeed": null, "lanes:forward": null, "lanes:both_ways": null, "lanes:backward": null, "cycleway": null, "change:both_ways": null, "alt_name": null, "access": null, "lane_markings": null, "oneway": null, "tiger:upload_uuid": null, "tiger:tlid": null, "tiger:source": null, "tiger:separated": null, "service": null, "source:hgv:national_network": null, "ref": null, "old_ref": null, "hgv:national_network": null, "hgv": null, "NHS": null, "surface": null, "lanes": null, "tiger:reviewed": "no", "tiger:name_type": "Dr", "tiger:name_base": "Spruce", "tiger:county": "Clatsop, OR", "tiger:cfcc": "A41", "name": "Spruce Drive" }, "geometry": { "type": "LineString", "coordinates": [ [ -123.9162236, 45.9856046 ], [ -123.9161256, 45.9856128 ], [ -123.9160666, 45.9856314 ], [ -123.9158144, 45.9857954 ], [ -123.9157608, 45.9858215 ], [ -123.9157071, 45.9858439 ], [ -123.9156374, 45.9858551 ], [ -123.9153909, 45.9858534 ], [ -123.9152823, 45.9858526 ] ] } },
{ "type": "Feature", "properties": { "full_id": "w246113567", "osm_id": "246113567", "osm_type": "way", "highway": "service", "tidal": null, "flood_prone": null, "beach:name": null, "turn:lanes": null, "placement": null, "change:lanes": null, "destination:ref:lanes:forward": null, "turn:backward": null, "turn:forward": null, "placement:both_ways": null, "destination:symbol:forward": null, "destination:ref:lanes:backward": null, "destination:lanes:backward": null, "destination:ref:backward": null, "destination:backward": null, "turn:lanes:backward": null, "placement:forward": null, "cycleway:left": null, "change:lanes:backward": null, "turn:lanes:forward": null, "destination:symbol:lanes:forward": null, "destination:lanes:forward": null, "check_date:surface": null, "crossing": null, "change:lanes:forward": null, "dog": null, "psv": null, "emergency": null, "tactile_paving": null, "step_count": null, "ramp": null, "incline": null, "handrail": null, "footway": null, "segregated": null, "railway": null, "noname": null, "vehicle": null, "tunnel": null, "maxheight": null, "tracktype": null, "horse": null, "junction": null, "destination:symbol:backward": null, "covered": null, "tiger:name_type_3": null, "tiger:name_direction_prefix_3": null, "tiger:name_base_3": null, "tiger:name_base_2": null, "bridge:name": null, "layer": null, "bridge": null, "tiger:name_direction_prefix_1": null, "cycleway:right": null, "postal_code": null, "sidewalk:both:surface": null, "cycleway:both": null, "smoothness": null, "motor_vehicle": null, "lit": null, "foot": null, "bicycle": null, "tiger:name_type_1": null, "tiger:name_base_1": null, "tiger:name_direction_prefix": null, "overtaking": null, "change:forward": null, "change:backward": null, "turn:both_ways": null, "sidewalk": null, "maxspeed": null, "lanes:forward": null, "lanes:both_ways": null, "lanes:backward": null, "cycleway": null, "change:both_ways": null, "alt_name": null, "access": "private", "lane_markings": null, "oneway": null, "tiger:upload_uuid": null, "tiger:tlid": null, "tiger:source": null, "tiger:separated": null, "service": null, "source:hgv:national_network": null, "ref": null, "old_ref": null, "hgv:national_network": null, "hgv": null, "NHS": null, "surface": null, "lanes": null, "tiger:reviewed": null, "tiger:name_type": null, "tiger:name_base": null, "tiger:county": "Clatsop, OR", "tiger:cfcc": "A74", "name": null }, "geometry": { "type": "LineString", "coordinates": [ [ -123.9131433, 45.9903574 ], [ -123.9131674, 45.990122 ], [ -123.9131438, 45.9898993 ], [ -123.9126899, 45.9898898 ], [ -123.9126402, 45.9898672 ], [ -123.9126411, 45.9897449 ], [ -123.913058, 45.989749 ], [ -123.9131109, 45.9897812 ], [ -123.9131438, 45.9898993 ] ] } },
{ "type": "Feature", "properties": { "full_id": "w5316797", "osm_id": "5316797", "osm_type": "way", "highway": "tertiary", "tidal": null, "flood_prone": null, "beach:name": null, "turn:lanes": null, "placement": null, "change:lanes": null, "destination:ref:lanes:forward": null, "turn:backward": null, "turn:forward": null, "placement:both_ways": null, "destination:symbol:forward": null, "destination:ref:lanes:backward": null, "destination:lanes:backward": null, "destination:ref:backward": null, "destination:backward": null, "turn:lanes:backward": null, "placement:forward": null, "cycleway:left": null, "change:lanes:backward": null, "turn:lanes:forward": null, "destination:symbol:lanes:forward": null, "destination:lanes:forward": null, "check_date:surface": null, "crossing": null, "change:lanes:forward": null, "dog": null, "psv": null, "emergency": null, "tactile_paving": null, "step_count": null, "ramp": null, "incline": null, "handrail": null, "footway": null, "segregated": null, "railway": null, "noname": null, "vehicle": null, "tunnel": null, "maxheight": null, "tracktype": null, "horse": null, "junction": null, "destination:symbol:backward": null, "covered": null, "tiger:name_type_3": null, "tiger:name_direction_prefix_3": null, "tiger:name_base_3": null, "tiger:name_base_2": null, "bridge:name": null, "layer": null, "bridge": null, "tiger:name_direction_prefix_1": null, "cycleway:right": null, "postal_code": null, "sidewalk:both:surface": null, "cycleway:both": null, "smoothness": null, "motor_vehicle": null, "lit": null, "foot": null, "bicycle": null, "tiger:name_type_1": null, "tiger:name_base_1": null, "tiger:name_direction_prefix": null, "overtaking": null, "change:forward": null, "change:backward": null, "turn:both_ways": null, "sidewalk": null, "maxspeed": null, "lanes:forward": null, "lanes:both_ways": null, "lanes:backward": null, "cycleway": null, "change:both_ways": null, "alt_name": null, "access": null, "lane_markings": null, "oneway": null, "tiger:upload_uuid": null, "tiger:tlid": null, "tiger:source": null, "tiger:separated": null, "service": null, "source:hgv:national_network": null, "ref": null, "old_ref": null, "hgv:national_network": null, "hgv": null, "NHS": null, "surface": null, "lanes": null, "tiger:reviewed": "no", "tiger:name_type": "Rd", "tiger:name_base": "Lewis and Clark", "tiger:county": "Clatsop, OR", "tiger:cfcc": "A41", "name": "Lewis and Clark Road" }, "geometry": { "type": "LineString", "coordinates": [ [ -123.8983948, 46.0119974 ], [ -123.8983571, 46.0119944 ], [ -123.898162, 46.0119698 ], [ -123.8979993, 46.0119459 ], [ -123.8978385, 46.0119146 ], [ -123.8976407, 46.0118584 ], [ -123.8974732, 46.0117932 ], [ -123.897302, 46.0117016 ], [ -123.8971192, 46.0115937 ], [ -123.8969098, 46.0114605 ], [ -123.8967902, 46.0113894 ], [ -123.8966252, 46.0113181 ], [ -123.8964836, 46.0112737 ], [ -123.8963208, 46.0112448 ], [ -123.8960893, 46.0112232 ], [ -123.8958597, 46.0112134 ], [ -123.8956575, 46.011215 ], [ -123.8954776, 46.0112402 ], [ -123.8953493, 46.0112711 ], [ -123.8952176, 46.0113208 ], [ -123.8950926, 46.0113839 ], [ -123.8949842, 46.0114492 ], [ -123.8948795, 46.0115388 ], [ -123.8947618, 46.011646 ], [ -123.8944521, 46.011944 ], [ -123.8942947, 46.0120793 ], [ -123.8941301, 46.0121858 ], [ -123.8939623, 46.0122733 ], [ -123.8937684, 46.0123475 ], [ -123.8935552, 46.0123895 ], [ -123.8933627, 46.0123984 ], [ -123.8932084, 46.0123893 ], [ -123.8930441, 46.0123568 ], [ -123.8929168, 46.0123139 ], [ -123.8927968, 46.012256 ], [ -123.8926745, 46.0121776 ], [ -123.8925916, 46.0121015 ], [ -123.8925193, 46.0120092 ], [ -123.8924587, 46.0118946 ], [ -123.8924289, 46.0117771 ], [ -123.8924253, 46.0116519 ], [ -123.892441, 46.011561 ], [ -123.8925912, 46.0109139 ], [ -123.892609, 46.0108337 ], [ -123.892619, 46.0107624 ], [ -123.8926293, 46.0106806 ], [ -123.8926338, 46.0106066 ], [ -123.8926232, 46.010534 ], [ -123.8926042, 46.0104499 ], [ -123.8925729, 46.0103633 ], [ -123.8925253, 46.0102315 ], [ -123.8924646, 46.010134 ], [ -123.8924003, 46.0100445 ], [ -123.8923276, 46.0099669 ], [ -123.8922453, 46.0099003 ], [ -123.8921458, 46.0098348 ], [ -123.8920216, 46.0097695 ], [ -123.8918926, 46.0097131 ], [ -123.891757, 46.0096683 ], [ -123.8916223, 46.0096376 ], [ -123.8914784, 46.0096123 ], [ -123.891321, 46.0095988 ], [ -123.8911669, 46.0096017 ], [ -123.8910075, 46.0096097 ], [ -123.8908652, 46.0096289 ], [ -123.8907053, 46.0096648 ], [ -123.8905766, 46.0097048 ], [ -123.8904477, 46.0097567 ], [ -123.8897799, 46.0100246 ], [ -123.8896418, 46.0100607 ], [ -123.8895168, 46.0100853 ], [ -123.8893826, 46.0100978 ], [ -123.8887333, 46.0101338 ], [ -123.888612, 46.010145 ], [ -123.8884872, 46.0101645 ], [ -123.8883511, 46.0101916 ], [ -123.8882353, 46.0102294 ], [ -123.8881286, 46.0102636 ], [ -123.8876488, 46.0104231 ], [ -123.8875217, 46.0104607 ], [ -123.8874342, 46.0104763 ], [ -123.8873906, 46.0104841 ], [ -123.8872288, 46.0105046 ], [ -123.8870422, 46.0105158 ], [ -123.8868799, 46.0105099 ], [ -123.8867324, 46.010496 ], [ -123.8865932, 46.0104721 ], [ -123.8864541, 46.0104375 ], [ -123.8863071, 46.0103939 ], [ -123.8861665, 46.0103397 ], [ -123.8860246, 46.0102698 ], [ -123.8859037, 46.0102038 ], [ -123.8858159, 46.0101426 ], [ -123.8857227, 46.0100767 ], [ -123.8851566, 46.0097251 ], [ -123.8850365, 46.0096569 ], [ -123.8849003, 46.0095972 ], [ -123.8847779, 46.0095553 ], [ -123.8846568, 46.0095263 ], [ -123.8845295, 46.0094995 ], [ -123.8844014, 46.0094824 ], [ -123.8842581, 46.0094751 ], [ -123.8841347, 46.0094806 ], [ -123.8826423, 46.0095747 ], [ -123.8822978, 46.0096027 ], [ -123.882163, 46.0096085 ], [ -123.8820216, 46.0096061 ], [ -123.8818976, 46.0095972 ], [ -123.8817682, 46.0095738 ], [ -123.8816236, 46.0095409 ], [ -123.8801461, 46.0092013 ], [ -123.8800196, 46.0091755 ], [ -123.8798757, 46.0091558 ], [ -123.8797268, 46.0091538 ], [ -123.8795894, 46.0091613 ], [ -123.8794801, 46.0091793 ], [ -123.8793593, 46.0091997 ], [ -123.8792218, 46.009237 ], [ -123.8778472, 46.0096224 ], [ -123.877718, 46.0096663 ], [ -123.8775959, 46.0097209 ], [ -123.8774694, 46.0097846 ], [ -123.8773467, 46.0098647 ], [ -123.8772507, 46.0099448 ], [ -123.8771658, 46.0100307 ], [ -123.8770955, 46.0101154 ], [ -123.8770349, 46.0102318 ], [ -123.8769878, 46.0103439 ], [ -123.8769673, 46.0104534 ], [ -123.8769547, 46.0105453 ], [ -123.8769505, 46.0112787 ], [ -123.8769775, 46.0126633 ], [ -123.8769759, 46.0127964 ], [ -123.8769566, 46.0129128 ], [ -123.8769218, 46.0130203 ], [ -123.8768695, 46.0131163 ], [ -123.8768104, 46.0132032 ], [ -123.8767291, 46.013291 ], [ -123.8766233, 46.0133787 ], [ -123.8765069, 46.0134568 ], [ -123.876361, 46.0135267 ], [ -123.8762184, 46.0135797 ], [ -123.8760647, 46.01362 ], [ -123.875908, 46.0136547 ], [ -123.8757513, 46.0136786 ], [ -123.8755819, 46.013698 ], [ -123.8753995, 46.0137162 ], [ -123.8752606, 46.0137182 ], [ -123.8747793, 46.0137231 ], [ -123.8746217, 46.0137347 ], [ -123.8744822, 46.0137614 ], [ -123.8743461, 46.0137997 ], [ -123.8742092, 46.0138499 ], [ -123.8740942, 46.0139142 ], [ -123.8740029, 46.013976 ], [ -123.8736915, 46.0142263 ], [ -123.8734118, 46.0144219 ], [ -123.8731569, 46.0146077 ], [ -123.8727476, 46.0149131 ], [ -123.8714741, 46.0159168 ], [ -123.8712964, 46.0160683 ], [ -123.8711781, 46.0161787 ], [ -123.8710572, 46.0163097 ], [ -123.8709605, 46.0164445 ], [ -123.8697167, 46.0185215 ], [ -123.8674513, 46.0221543 ], [ -123.8673345, 46.0223414 ], [ -123.8670576, 46.0228174 ], [ -123.8664375, 46.0238616 ], [ -123.8660994, 46.0243911 ], [ -123.8660031, 46.0245493 ], [ -123.8659359, 46.0247003 ], [ -123.8658908, 46.0248645 ], [ -123.865817, 46.025177 ], [ -123.8657567, 46.025301 ], [ -123.865667, 46.025427 ], [ -123.8655802, 46.0255208 ], [ -123.8655022, 46.0256014 ], [ -123.865449, 46.0257032 ], [ -123.865416, 46.0258293 ], [ -123.8654051, 46.0259207 ], [ -123.8654096, 46.0260173 ], [ -123.8654185, 46.0261413 ], [ -123.8654074, 46.0262548 ], [ -123.8653607, 46.0263659 ], [ -123.8653049, 46.0264532 ], [ -123.8651817, 46.0265915 ], [ -123.8645805, 46.0272309 ], [ -123.8645102, 46.0273131 ], [ -123.8644606, 46.0273971 ], [ -123.8644115, 46.0274867 ], [ -123.8643617, 46.0275968 ], [ -123.8643287, 46.0277285 ], [ -123.8643078, 46.0278328 ], [ -123.8643156, 46.0279427 ], [ -123.8643244, 46.0280491 ], [ -123.8643578, 46.0282037 ], [ -123.8643691, 46.0283126 ], [ -123.8643757, 46.0284124 ], [ -123.864361, 46.0285106 ], [ -123.8643251, 46.0286178 ], [ -123.8642768, 46.0287237 ], [ -123.864231, 46.0288074 ], [ -123.8641835, 46.0288792 ], [ -123.8641022, 46.0289609 ], [ -123.8640153, 46.0290284 ], [ -123.8639315, 46.0290828 ], [ -123.8638336, 46.029151 ], [ -123.8637385, 46.0292287 ], [ -123.8636772, 46.0293199 ], [ -123.8636373, 46.0294081 ], [ -123.8636255, 46.0295008 ], [ -123.8636449, 46.029598 ], [ -123.8636894, 46.0297052 ], [ -123.8637571, 46.0297955 ], [ -123.8642779, 46.0304132 ], [ -123.8643232, 46.0304949 ], [ -123.8643329, 46.0306032 ], [ -123.8643011, 46.0307041 ], [ -123.8642465, 46.0307949 ], [ -123.8641813, 46.0308877 ], [ -123.8634499, 46.0317608 ], [ -123.8633368, 46.0318763 ], [ -123.8632235, 46.0319865 ], [ -123.8631055, 46.0320903 ], [ -123.8629777, 46.0321827 ], [ -123.8627671, 46.0323334 ], [ -123.8626271, 46.0324426 ], [ -123.8625215, 46.0325517 ], [ -123.8624339, 46.0326585 ], [ -123.861963, 46.0333251 ], [ -123.8618568, 46.0335 ], [ -123.8617755, 46.0336526 ], [ -123.8617062, 46.0338291 ], [ -123.8616429, 46.034028 ], [ -123.8615638, 46.0342209 ], [ -123.8614682, 46.0343659 ], [ -123.8613637, 46.034498 ], [ -123.8612624, 46.0346107 ], [ -123.8608036, 46.0351194 ], [ -123.8607126, 46.0352492 ], [ -123.8606395, 46.0353873 ], [ -123.8604203, 46.0358504 ], [ -123.8603365, 46.0359795 ], [ -123.8602457, 46.0361135 ], [ -123.8600887, 46.0363055 ], [ -123.8599173, 46.0364864 ], [ -123.8595289, 46.0368403 ], [ -123.8594589, 46.0369371 ], [ -123.8593992, 46.0370423 ], [ -123.8593649, 46.0371604 ], [ -123.8593788, 46.0372865 ], [ -123.8594129, 46.0374521 ], [ -123.859433, 46.0376405 ], [ -123.8594771, 46.0380065 ], [ -123.8594718, 46.0381112 ], [ -123.8594526, 46.0382004 ], [ -123.8594124, 46.0382776 ], [ -123.8593526, 46.0383504 ], [ -123.8592925, 46.0384211 ], [ -123.8591006, 46.0386066 ], [ -123.8589692, 46.0387326 ], [ -123.8588293, 46.0388838 ], [ -123.8587437, 46.038963 ], [ -123.8586233, 46.0390504 ], [ -123.8584847, 46.0391185 ], [ -123.8583097, 46.0391999 ], [ -123.8581879, 46.0392646 ], [ -123.8580664, 46.0393533 ], [ -123.857981, 46.0394363 ], [ -123.8578942, 46.0395378 ], [ -123.8578181, 46.0396487 ], [ -123.85774, 46.0397707 ], [ -123.8576369, 46.0399479 ], [ -123.8575574, 46.0401396 ], [ -123.8574983, 46.0403283 ], [ -123.8574373, 46.0405441 ], [ -123.8573948, 46.0406619 ], [ -123.8573436, 46.0407631 ], [ -123.857276, 46.0408615 ], [ -123.8570492, 46.0411737 ], [ -123.8569349, 46.041345 ], [ -123.856833, 46.0415069 ], [ -123.8567457, 46.0416506 ], [ -123.8566213, 46.0418659 ], [ -123.8565346, 46.0420048 ], [ -123.8564884, 46.0420917 ], [ -123.8564581, 46.0421887 ], [ -123.8564582, 46.0422974 ], [ -123.8564909, 46.0424103 ], [ -123.8565321, 46.0424944 ], [ -123.8565608, 46.0425806 ], [ -123.8565759, 46.0426767 ], [ -123.8565739, 46.0427657 ], [ -123.856519, 46.043472 ], [ -123.8564689, 46.0436335 ], [ -123.8564032, 46.0437277 ], [ -123.8563345, 46.0438113 ], [ -123.8559578, 46.0441514 ], [ -123.8552237, 46.0449306 ], [ -123.8551524, 46.0450179 ], [ -123.8547958, 46.0454817 ], [ -123.8547274, 46.0455494 ], [ -123.8546498, 46.0456064 ], [ -123.8545719, 46.0456573 ], [ -123.8543347, 46.04579 ], [ -123.8542375, 46.0458605 ], [ -123.8541595, 46.0459355 ], [ -123.8537762, 46.0463636 ], [ -123.8536311, 46.0465002 ], [ -123.8535218, 46.046596 ], [ -123.8534225, 46.0466788 ], [ -123.8533633, 46.0467281 ], [ -123.8532637, 46.0468364 ], [ -123.8531565, 46.0469692 ], [ -123.8531035, 46.0470388 ], [ -123.8530377, 46.0471491 ], [ -123.8529523, 46.0473032 ], [ -123.8528427, 46.0474695 ], [ -123.85277, 46.047573 ], [ -123.8526476, 46.047706 ], [ -123.8524545, 46.0479004 ], [ -123.8519171, 46.0484483 ], [ -123.8515487, 46.0488063 ], [ -123.8512349, 46.0491199 ], [ -123.8510031, 46.0494208 ], [ -123.8509102, 46.0495504 ], [ -123.8508227, 46.0496502 ], [ -123.8507216, 46.0497443 ], [ -123.8505945, 46.0498485 ], [ -123.8500213, 46.0502727 ], [ -123.8499341, 46.0503563 ], [ -123.8498646, 46.0504264 ], [ -123.849819, 46.0505094 ], [ -123.8497917, 46.0506141 ], [ -123.8497949, 46.0507477 ], [ -123.8499302, 46.0512293 ], [ -123.8499485, 46.0513592 ], [ -123.8499703, 46.0516271 ], [ -123.849995, 46.0517457 ], [ -123.8500332, 46.0518798 ], [ -123.8500917, 46.0520417 ], [ -123.85015, 46.0522083 ], [ -123.8501833, 46.0523287 ], [ -123.8501943, 46.0524513 ], [ -123.850195, 46.052555 ], [ -123.85017, 46.052694 ], [ -123.8501427, 46.0528019 ], [ -123.8500897, 46.0529244 ], [ -123.849998, 46.0530573 ], [ -123.8498915, 46.0531882 ], [ -123.8497908, 46.0533003 ], [ -123.8496711, 46.0534254 ], [ -123.849553, 46.0535344 ], [ -123.849411, 46.0536468 ], [ -123.8492683, 46.0537344 ], [ -123.8490523, 46.0538596 ], [ -123.8488607, 46.0539883 ], [ -123.8486841, 46.05412 ], [ -123.8485246, 46.0542702 ], [ -123.8484034, 46.054401 ], [ -123.848307, 46.0545392 ], [ -123.8482585, 46.0546602 ], [ -123.8482462, 46.05477 ], [ -123.8482687, 46.0548705 ], [ -123.8483043, 46.0549803 ], [ -123.8483701, 46.0551 ], [ -123.8484942, 46.0553208 ], [ -123.8485675, 46.0554696 ], [ -123.8486076, 46.0556086 ], [ -123.8486206, 46.0557314 ], [ -123.8486268, 46.0558474 ], [ -123.8486377, 46.0570998 ], [ -123.8486277, 46.057223 ], [ -123.8485982, 46.057348 ], [ -123.8485513, 46.0574488 ], [ -123.8484966, 46.0575375 ], [ -123.8480033, 46.0582915 ], [ -123.8479455, 46.0583637 ], [ -123.8478746, 46.0584437 ], [ -123.8477995, 46.0585156 ], [ -123.847714, 46.058579 ], [ -123.847621, 46.0586387 ], [ -123.8475081, 46.0587039 ], [ -123.8473774, 46.0587638 ], [ -123.8472492, 46.0588099 ], [ -123.8471328, 46.0588412 ], [ -123.847016, 46.0588595 ], [ -123.8468484, 46.0588737 ], [ -123.8466833, 46.0588829 ], [ -123.8461089, 46.0589054 ], [ -123.8459366, 46.0589035 ], [ -123.845769, 46.0588971 ], [ -123.8456399, 46.0588977 ], [ -123.8455291, 46.0589093 ], [ -123.8453977, 46.0589353 ], [ -123.8452817, 46.0589721 ], [ -123.845185, 46.0590131 ], [ -123.8451055, 46.0590649 ], [ -123.8450387, 46.0591287 ], [ -123.8449875, 46.0592117 ], [ -123.8449563, 46.0592985 ], [ -123.8448904, 46.0596538 ], [ -123.8448511, 46.0599909 ], [ -123.8448578, 46.0602793 ], [ -123.8449272, 46.0609509 ], [ -123.8449508, 46.061072 ], [ -123.8449771, 46.0611893 ], [ -123.8450105, 46.0612794 ], [ -123.8450667, 46.0613675 ], [ -123.8451308, 46.0614559 ], [ -123.8452141, 46.0615564 ], [ -123.8452901, 46.0616577 ], [ -123.845356, 46.0617524 ], [ -123.8453992, 46.0618505 ], [ -123.8454079, 46.0619474 ], [ -123.8453925, 46.062049 ], [ -123.8453571, 46.0621396 ], [ -123.8452901, 46.0622595 ], [ -123.845, 46.062699 ], [ -123.8448909, 46.0629154 ], [ -123.8448224, 46.0630491 ], [ -123.8447384, 46.0631768 ], [ -123.8445236, 46.0634551 ], [ -123.8444006, 46.0636409 ], [ -123.8440783, 46.0641708 ], [ -123.8440118, 46.0642965 ], [ -123.8439547, 46.0644416 ], [ -123.8438998, 46.0646248 ], [ -123.8438553, 46.0647748 ], [ -123.8438062, 46.0649633 ], [ -123.8437724, 46.0651173 ], [ -123.8437768, 46.0652655 ], [ -123.8438075, 46.0654457 ], [ -123.8438334, 46.0656032 ], [ -123.8438409, 46.065773 ], [ -123.8438365, 46.0659134 ], [ -123.843805, 46.066071 ], [ -123.8437511, 46.0662209 ], [ -123.8436769, 46.0663545 ], [ -123.8435861, 46.0664696 ], [ -123.8434644, 46.0665943 ], [ -123.8433281, 46.0667153 ], [ -123.843125, 46.0669 ], [ -123.843064, 46.066971 ], [ -123.843039, 46.0670119 ], [ -123.843023, 46.067038 ], [ -123.842988, 46.067149 ], [ -123.8429732, 46.0672468 ], [ -123.842975, 46.067323 ], [ -123.8429947, 46.0674322 ], [ -123.8430375, 46.0675448 ], [ -123.843118, 46.067678 ], [ -123.8435816, 46.0683451 ], [ -123.8436775, 46.0684796 ], [ -123.843788, 46.0686057 ], [ -123.8438731, 46.0687131 ], [ -123.8439406, 46.0688122 ], [ -123.8439903, 46.0689192 ], [ -123.8440342, 46.0690432 ], [ -123.8440464, 46.069158 ], [ -123.8440562, 46.0692845 ], [ -123.8440382, 46.0694143 ], [ -123.8439945, 46.0695292 ], [ -123.8439221, 46.0696219 ], [ -123.8438132, 46.0697031 ], [ -123.8437004, 46.0697739 ], [ -123.8435678, 46.0698391 ], [ -123.8434142, 46.0699156 ], [ -123.843306, 46.0699876 ], [ -123.8432043, 46.0700741 ], [ -123.8431453, 46.0701702 ], [ -123.8431142, 46.0702701 ], [ -123.8431197, 46.0704091 ], [ -123.8431508, 46.0705223 ], [ -123.8431951, 46.0706751 ], [ -123.8432366, 46.0708501 ], [ -123.8432511, 46.0709868 ], [ -123.8432482, 46.0711176 ], [ -123.8432534, 46.0712404 ], [ -123.8432809, 46.0713664 ], [ -123.8433179, 46.071479 ], [ -123.8433903, 46.0715882 ], [ -123.843505, 46.071725 ], [ -123.8436265, 46.0718115 ], [ -123.8437467, 46.0718919 ], [ -123.8438604, 46.071976 ], [ -123.843944, 46.072057 ], [ -123.8440051, 46.0721509 ], [ -123.8440508, 46.0722473 ], [ -123.8440892, 46.0723842 ], [ -123.8440967, 46.07249 ], [ -123.8441103, 46.0727602 ], [ -123.8441023, 46.072825 ], [ -123.8440782, 46.0728635 ], [ -123.8440147, 46.0729209 ], [ -123.8439334, 46.0729739 ], [ -123.8438361, 46.0730352 ], [ -123.843761, 46.0730792 ], [ -123.8436627, 46.0731332 ], [ -123.8435698, 46.0732008 ], [ -123.8435033, 46.0732721 ], [ -123.8434613, 46.0733653 ], [ -123.8434549, 46.0734293 ], [ -123.8434756, 46.0735239 ], [ -123.8437376, 46.0742359 ], [ -123.8437565, 46.0743324 ], [ -123.8437529, 46.074435 ], [ -123.8437103, 46.0746321 ], [ -123.8437005, 46.0747287 ], [ -123.8437238, 46.0748187 ], [ -123.8437625, 46.0748832 ], [ -123.8438349, 46.0749742 ], [ -123.8439061, 46.0750569 ], [ -123.8440447, 46.0751735 ], [ -123.8441754, 46.0752694 ], [ -123.8442823, 46.0753388 ], [ -123.844407, 46.075392 ], [ -123.844561, 46.075422 ], [ -123.844697, 46.075429 ], [ -123.8450961, 46.0753711 ], [ -123.8452684, 46.075363 ], [ -123.8454307, 46.075389 ], [ -123.8455883, 46.0754348 ], [ -123.8457074, 46.0755035 ], [ -123.8458098, 46.075588 ], [ -123.8458771, 46.0756848 ], [ -123.8459197, 46.0757761 ], [ -123.8459524, 46.0758928 ], [ -123.846048, 46.076236 ], [ -123.846197, 46.076679 ], [ -123.846269, 46.076833 ], [ -123.846351, 46.076946 ], [ -123.846474, 46.077054 ], [ -123.846619, 46.077139 ], [ -123.847075, 46.077309 ], [ -123.8472781, 46.0773952 ], [ -123.8476675, 46.0775606 ], [ -123.8480903, 46.0777516 ], [ -123.8484738, 46.0779289 ], [ -123.8486878, 46.0780158 ], [ -123.8489522, 46.0781058 ], [ -123.8494745, 46.0782832 ], [ -123.8500315, 46.078485 ], [ -123.8504612, 46.0786163 ] ] } },
{ "type": "Feature", "properties": { "full_id": "w832995803", "osm_id": "832995803", "osm_type": "way", "highway": "trunk", "tidal": null, "flood_prone": null, "beach:name": null, "turn:lanes": null, "placement": null, "change:lanes": null, "destination:ref:lanes:forward": null, "turn:backward": null, "turn:forward": null, "placement:both_ways": null, "destination:symbol:forward": null, "destination:ref:lanes:backward": null, "destination:lanes:backward": null, "destination:ref:backward": null, "destination:backward": null, "turn:lanes:backward": null, "placement:forward": null, "cycleway:left": null, "change:lanes:backward": null, "turn:lanes:forward": null, "destination:symbol:lanes:forward": null, "destination:lanes:forward": null, "check_date:surface": null, "crossing": null, "change:lanes:forward": null, "dog": null, "psv": null, "emergency": null, "tactile_paving": null, "step_count": null, "ramp": null, "incline": null, "handrail": null, "footway": null, "segregated": null, "railway": null, "noname": null, "vehicle": null, "tunnel": null, "maxheight": null, "tracktype": null, "horse": null, "junction": null, "destination:symbol:backward": null, "covered": null, "tiger:name_type_3": null, "tiger:name_direction_prefix_3": null, "tiger:name_base_3": null, "tiger:name_base_2": null, "bridge:name": null, "layer": null, "bridge": null, "tiger:name_direction_prefix_1": null, "cycleway:right": null, "postal_code": null, "sidewalk:both:surface": null, "cycleway:both": null, "smoothness": null, "motor_vehicle": null, "lit": null, "foot": null, "bicycle": null, "tiger:name_type_1": null, "tiger:name_base_1": null, "tiger:name_direction_prefix": null, "overtaking": null, "change:forward": null, "change:backward": null, "turn:both_ways": "left", "sidewalk": null, "maxspeed": "35 mph", "lanes:forward": "1", "lanes:both_ways": "1", "lanes:backward": "1", "cycleway": "lane", "change:both_ways": "not_left", "alt_name": "Oregon Coast Highway", "access": null, "lane_markings": null, "oneway": null, "tiger:upload_uuid": null, "tiger:tlid": null, "tiger:source": null, "tiger:separated": null, "service": null, "source:hgv:national_network": "Title 23: Highways Part 658 http://ecfr.gpoaccess.gov/cgi/t/text/text-idx?c=ecfr&rgn=div5&view=text&node=23:1.0.1.7.33&idno=23", "ref": "US 101", "old_ref": "US 26", "hgv:national_network": "yes", "hgv": "designated", "NHS": "STRAHNET", "surface": "asphalt", "lanes": "3", "tiger:reviewed": null, "tiger:name_type": null, "tiger:name_base": null, "tiger:county": null, "tiger:cfcc": null, "name": "South Roosevelt Drive" }, "geometry": { "type": "LineString", "coordinates": [ [ -123.9266683, 45.9794308 ], [ -123.9266498, 45.9795379 ], [ -123.9266433, 45.9795755 ], [ -123.9264777, 45.9805343 ], [ -123.9264629, 45.9806203 ] ] } },
{ "type": "Feature", "properties": { "full_id": "w237758610", "osm_id": "237758610", "osm_type": "way", "highway": "tertiary", "tidal": null, "flood_prone": null, "beach:name": null, "turn:lanes": null, "placement": null, "change:lanes": null, "destination:ref:lanes:forward": null, "turn:backward": null, "turn:forward": null, "placement:both_ways": null, "destination:symbol:forward": null, "destination:ref:lanes:backward": null, "destination:lanes:backward": null, "destination:ref:backward": null, "destination:backward": null, "turn:lanes:backward": null, "placement:forward": null, "cycleway:left": null, "change:lanes:backward": null, "turn:lanes:forward": null, "destination:symbol:lanes:forward": null, "destination:lanes:forward": null, "check_date:surface": null, "crossing": null, "change:lanes:forward": null, "dog": null, "psv": null, "emergency": null, "tactile_paving": null, "step_count": null, "ramp": null, "incline": null, "handrail": null, "footway": null, "segregated": null, "railway": null, "noname": null, "vehicle": null, "tunnel": null, "maxheight": null, "tracktype": null, "horse": null, "junction": null, "destination:symbol:backward": null, "covered": null, "tiger:name_type_3": null, "tiger:name_direction_prefix_3": null, "tiger:name_base_3": null, "tiger:name_base_2": null, "bridge:name": null, "layer": null, "bridge": null, "tiger:name_direction_prefix_1": null, "cycleway:right": null, "postal_code": null, "sidewalk:both:surface": null, "cycleway:both": null, "smoothness": null, "motor_vehicle": null, "lit": null, "foot": null, "bicycle": null, "tiger:name_type_1": null, "tiger:name_base_1": null, "tiger:name_direction_prefix": null, "overtaking": null, "change:forward": null, "change:backward": null, "turn:both_ways": null, "sidewalk": null, "maxspeed": null, "lanes:forward": null, "lanes:both_ways": null, "lanes:backward": null, "cycleway": null, "change:both_ways": null, "alt_name": null, "access": null, "lane_markings": null, "oneway": null, "tiger:upload_uuid": null, "tiger:tlid": null, "tiger:source": null, "tiger:separated": null, "service": null, "source:hgv:national_network": null, "ref": null, "old_ref": null, "hgv:national_network": null, "hgv": null, "NHS": null, "surface": null, "lanes": null, "tiger:reviewed": "no", "tiger:name_type": "St", "tiger:name_base": "Broadway", "tiger:county": "Clatsop, OR", "tiger:cfcc": "A41", "name": "Broadway Street" }, "geometry": { "type": "LineString", "coordinates": [ [ -123.915109, 45.9931475 ], [ -123.9153668, 45.9931422 ], [ -123.9154741, 45.99314 ], [ -123.9155974, 45.9931374 ], [ -123.9160775, 45.9931323 ], [ -123.9163779, 45.993129 ], [ -123.9170323, 45.993122 ], [ -123.9176891, 45.9931149 ], [ -123.9182161, 45.9931092 ], [ -123.9185353, 45.9931058 ], [ -123.9193192, 45.9930973 ], [ -123.9194588, 45.9930958 ], [ -123.919615, 45.9930941 ], [ -123.9196653, 45.9930937 ], [ -123.9200435, 45.9930908 ], [ -123.9206171, 45.9930863 ] ] } },
{ "type": "Feature", "properties": { "full_id": "w551574244", "osm_id": "551574244", "osm_type": "way", "highway": "unclassified", "tidal": null, "flood_prone": null, "beach:name": null, "turn:lanes": null, "placement": null, "change:lanes": null, "destination:ref:lanes:forward": null, "turn:backward": null, "turn:forward": null, "placement:both_ways": null, "destination:symbol:forward": null, "destination:ref:lanes:backward": null, "destination:lanes:backward": null, "destination:ref:backward": null, "destination:backward": null, "turn:lanes:backward": null, "placement:forward": null, "cycleway:left": null, "change:lanes:backward": null, "turn:lanes:forward": null, "destination:symbol:lanes:forward": null, "destination:lanes:forward": null, "check_date:surface": null, "crossing": null, "change:lanes:forward": null, "dog": null, "psv": null, "emergency": null, "tactile_paving": null, "step_count": null, "ramp": null, "incline": null, "handrail": null, "footway": null, "segregated": null, "railway": null, "noname": null, "vehicle": null, "tunnel": null, "maxheight": null, "tracktype": null, "horse": null, "junction": null, "destination:symbol:backward": null, "covered": null, "tiger:name_type_3": null, "tiger:name_direction_prefix_3": null, "tiger:name_base_3": null, "tiger:name_base_2": null, "bridge:name": null, "layer": null, "bridge": null, "tiger:name_direction_prefix_1": null, "cycleway:right": null, "postal_code": null, "sidewalk:both:surface": null, "cycleway:both": null, "smoothness": null, "motor_vehicle": null, "lit": null, "foot": null, "bicycle": null, "tiger:name_type_1": null, "tiger:name_base_1": null, "tiger:name_direction_prefix": null, "overtaking": null, "change:forward": null, "change:backward": null, "turn:both_ways": null, "sidewalk": null, "maxspeed": null, "lanes:forward": null, "lanes:both_ways": null, "lanes:backward": null, "cycleway": null, "change:both_ways": null, "alt_name": null, "access": null, "lane_markings": null, "oneway": null, "tiger:upload_uuid": null, "tiger:tlid": null, "tiger:source": null, "tiger:separated": null, "service": null, "source:hgv:national_network": null, "ref": null, "old_ref": null, "hgv:national_network": null, "hgv": null, "NHS": null, "surface": null, "lanes": null, "tiger:reviewed": "no", "tiger:name_type": "Ave", "tiger:name_base": "1st", "tiger:county": "Clatsop, OR", "tiger:cfcc": "A41", "name": "1st Avenue" }, "geometry": { "type": "LineString", "coordinates": [ [ -123.9296993, 45.9944535 ], [ -123.9294196, 45.9944446 ], [ -123.9293173, 45.9944458 ], [ -123.9284559, 45.9944376 ], [ -123.9277441, 45.9944338 ] ] } },
{ "type": "Feature", "properties": { "full_id": "w5316890", "osm_id": "5316890", "osm_type": "way", "highway": "residential", "tidal": null, "flood_prone": null, "beach:name": null, "turn:lanes": null, "placement": null, "change:lanes": null, "destination:ref:lanes:forward": null, "turn:backward": null, "turn:forward": null, "placement:both_ways": null, "destination:symbol:forward": null, "destination:ref:lanes:backward": null, "destination:lanes:backward": null, "destination:ref:backward": null, "destination:backward": null, "turn:lanes:backward": null, "placement:forward": null, "cycleway:left": null, "change:lanes:backward": null, "turn:lanes:forward": null, "destination:symbol:lanes:forward": null, "destination:lanes:forward": null, "check_date:surface": null, "crossing": null, "change:lanes:forward": null, "dog": null, "psv": null, "emergency": null, "tactile_paving": null, "step_count": null, "ramp": null, "incline": null, "handrail": null, "footway": null, "segregated": null, "railway": null, "noname": null, "vehicle": null, "tunnel": null, "maxheight": null, "tracktype": null, "horse": null, "junction": null, "destination:symbol:backward": null, "covered": null, "tiger:name_type_3": null, "tiger:name_direction_prefix_3": null, "tiger:name_base_3": null, "tiger:name_base_2": null, "bridge:name": null, "layer": null, "bridge": null, "tiger:name_direction_prefix_1": null, "cycleway:right": null, "postal_code": null, "sidewalk:both:surface": null, "cycleway:both": null, "smoothness": null, "motor_vehicle": null, "lit": null, "foot": null, "bicycle": null, "tiger:name_type_1": null, "tiger:name_base_1": null, "tiger:name_direction_prefix": null, "overtaking": null, "change:forward": null, "change:backward": null, "turn:both_ways": null, "sidewalk": null, "maxspeed": null, "lanes:forward": null, "lanes:both_ways": null, "lanes:backward": null, "cycleway": null, "change:both_ways": null, "alt_name": null, "access": null, "lane_markings": null, "oneway": null, "tiger:upload_uuid": null, "tiger:tlid": null, "tiger:source": null, "tiger:separated": null, "service": null, "source:hgv:national_network": null, "ref": null, "old_ref": null, "hgv:national_network": null, "hgv": null, "NHS": null, "surface": null, "lanes": null, "tiger:reviewed": "no", "tiger:name_type": "Ln", "tiger:name_base": "Halbig", "tiger:county": "Clatsop, OR", "tiger:cfcc": "A41", "name": "Halbig Lane" }, "geometry": { "type": "LineString", "coordinates": [ [ -123.9134244, 45.985858 ], [ -123.9134219, 45.9853902 ] ] } },
{ "type": "Feature", "properties": { "full_id": "w624107797", "osm_id": "624107797", "osm_type": "way", "highway": "residential", "tidal": null, "flood_prone": null, "beach:name": null, "turn:lanes": null, "placement": null, "change:lanes": null, "destination:ref:lanes:forward": null, "turn:backward": null, "turn:forward": null, "placement:both_ways": null, "destination:symbol:forward": null, "destination:ref:lanes:backward": null, "destination:lanes:backward": null, "destination:ref:backward": null, "destination:backward": null, "turn:lanes:backward": null, "placement:forward": null, "cycleway:left": null, "change:lanes:backward": null, "turn:lanes:forward": null, "destination:symbol:lanes:forward": null, "destination:lanes:forward": null, "check_date:surface": null, "crossing": null, "change:lanes:forward": null, "dog": null, "psv": null, "emergency": null, "tactile_paving": null, "step_count": null, "ramp": null, "incline": null, "handrail": null, "footway": null, "segregated": null, "railway": null, "noname": null, "vehicle": null, "tunnel": null, "maxheight": null, "tracktype": null, "horse": null, "junction": null, "destination:symbol:backward": null, "covered": null, "tiger:name_type_3": null, "tiger:name_direction_prefix_3": null, "tiger:name_base_3": null, "tiger:name_base_2": null, "bridge:name": null, "layer": null, "bridge": null, "tiger:name_direction_prefix_1": null, "cycleway:right": null, "postal_code": null, "sidewalk:both:surface": null, "cycleway:both": null, "smoothness": null, "motor_vehicle": null, "lit": null, "foot": null, "bicycle": null, "tiger:name_type_1": null, "tiger:name_base_1": null, "tiger:name_direction_prefix": null, "overtaking": null, "change:forward": null, "change:backward": null, "turn:both_ways": null, "sidewalk": null, "maxspeed": null, "lanes:forward": null, "lanes:both_ways": null, "lanes:backward": null, "cycleway": null, "change:both_ways": null, "alt_name": null, "access": null, "lane_markings": "no", "oneway": null, "tiger:upload_uuid": null, "tiger:tlid": null, "tiger:source": null, "tiger:separated": null, "service": null, "source:hgv:national_network": null, "ref": null, "old_ref": null, "hgv:national_network": null, "hgv": null, "NHS": null, "surface": "asphalt", "lanes": null, "tiger:reviewed": "no", "tiger:name_type": "Ave", "tiger:name_base": "2nd", "tiger:county": "Clatsop, OR", "tiger:cfcc": "A41", "name": "2nd Avenue" }, "geometry": { "type": "LineString", "coordinates": [ [ -123.922718, 45.99513 ], [ -123.9201415, 45.9951591 ], [ -123.919529, 45.995166 ], [ -123.9193224, 45.995168 ], [ -123.916985, 45.995191 ], [ -123.9166827, 45.9951939 ], [ -123.916575, 45.995195 ], [ -123.9163277, 45.995241 ], [ -123.9153884, 45.995236 ], [ -123.9153078, 45.9952603 ] ] } },
{ "type": "Feature", "properties": { "full_id": "w5315922", "osm_id": "5315922", "osm_type": "way", "highway": "trunk", "tidal": null, "flood_prone": null, "beach:name": null, "turn:lanes": null, "placement": null, "change:lanes": null, "destination:ref:lanes:forward": null, "turn:backward": null, "turn:forward": null, "placement:both_ways": null, "destination:symbol:forward": null, "destination:ref:lanes:backward": null, "destination:lanes:backward": null, "destination:ref:backward": null, "destination:backward": null, "turn:lanes:backward": null, "placement:forward": null, "cycleway:left": null, "change:lanes:backward": null, "turn:lanes:forward": null, "destination:symbol:lanes:forward": null, "destination:lanes:forward": null, "check_date:surface": null, "crossing": null, "change:lanes:forward": null, "dog": null, "psv": null, "emergency": null, "tactile_paving": null, "step_count": null, "ramp": null, "incline": null, "handrail": null, "footway": null, "segregated": null, "railway": null, "noname": null, "vehicle": null, "tunnel": null, "maxheight": null, "tracktype": null, "horse": null, "junction": null, "destination:symbol:backward": null, "covered": null, "tiger:name_type_3": null, "tiger:name_direction_prefix_3": null, "tiger:name_base_3": null, "tiger:name_base_2": null, "bridge:name": null, "layer": null, "bridge": null, "tiger:name_direction_prefix_1": null, "cycleway:right": null, "postal_code": null, "sidewalk:both:surface": null, "cycleway:both": null, "smoothness": null, "motor_vehicle": null, "lit": null, "foot": null, "bicycle": null, "tiger:name_type_1": null, "tiger:name_base_1": null, "tiger:name_direction_prefix": null, "overtaking": null, "change:forward": null, "change:backward": null, "turn:both_ways": "left", "sidewalk": "no", "maxspeed": "35 mph", "lanes:forward": "1", "lanes:both_ways": "1", "lanes:backward": "1", "cycleway": "lane", "change:both_ways": "not_left", "alt_name": "Oregon Coast Highway", "access": null, "lane_markings": null, "oneway": null, "tiger:upload_uuid": null, "tiger:tlid": null, "tiger:source": null, "tiger:separated": null, "service": null, "source:hgv:national_network": "Title 23: Highways Part 658 http://ecfr.gpoaccess.gov/cgi/t/text/text-idx?c=ecfr&rgn=div5&view=text&node=23:1.0.1.7.33&idno=23", "ref": "US 101", "old_ref": "US 26", "hgv:national_network": "yes", "hgv": "designated", "NHS": "STRAHNET", "surface": "asphalt", "lanes": "3", "tiger:reviewed": null, "tiger:name_type": null, "tiger:name_base": null, "tiger:county": null, "tiger:cfcc": null, "name": "South Roosevelt Drive" }, "geometry": { "type": "LineString", "coordinates": [ [ -123.9264629, 45.9806203 ], [ -123.9264339, 45.9807794 ], [ -123.926343, 45.98128 ], [ -123.926214, 45.98194 ], [ -123.926043, 45.9826129 ] ] } },
{ "type": "Feature", "properties": { "full_id": "w1119588083", "osm_id": "1119588083", "osm_type": "way", "highway": "tertiary", "tidal": null, "flood_prone": null, "beach:name": null, "turn:lanes": null, "placement": null, "change:lanes": null, "destination:ref:lanes:forward": "US 101 South|US 101 North", "turn:backward": null, "turn:forward": null, "placement:both_ways": null, "destination:symbol:forward": null, "destination:ref:lanes:backward": null, "destination:lanes:backward": null, "destination:ref:backward": null, "destination:backward": null, "turn:lanes:backward": null, "placement:forward": null, "cycleway:left": null, "change:lanes:backward": null, "turn:lanes:forward": "left|through;right", "destination:symbol:lanes:forward": null, "destination:lanes:forward": null, "check_date:surface": null, "crossing": null, "change:lanes:forward": "no|no", "dog": null, "psv": null, "emergency": null, "tactile_paving": null, "step_count": null, "ramp": null, "incline": null, "handrail": null, "footway": null, "segregated": null, "railway": null, "noname": null, "vehicle": null, "tunnel": null, "maxheight": null, "tracktype": null, "horse": null, "junction": null, "destination:symbol:backward": null, "covered": null, "tiger:name_type_3": null, "tiger:name_direction_prefix_3": null, "tiger:name_base_3": null, "tiger:name_base_2": null, "bridge:name": null, "layer": null, "bridge": null, "tiger:name_direction_prefix_1": null, "cycleway:right": null, "postal_code": "97138", "sidewalk:both:surface": null, "cycleway:both": null, "smoothness": null, "motor_vehicle": null, "lit": null, "foot": null, "bicycle": null, "tiger:name_type_1": null, "tiger:name_base_1": null, "tiger:name_direction_prefix": null, "overtaking": "no", "change:forward": null, "change:backward": "no", "turn:both_ways": null, "sidewalk": "both", "maxspeed": null, "lanes:forward": "2", "lanes:both_ways": null, "lanes:backward": "1", "cycleway": null, "change:both_ways": null, "alt_name": null, "access": null, "lane_markings": null, "oneway": null, "tiger:upload_uuid": null, "tiger:tlid": null, "tiger:source": null, "tiger:separated": null, "service": null, "source:hgv:national_network": null, "ref": null, "old_ref": null, "hgv:national_network": null, "hgv": null, "NHS": null, "surface": "asphalt", "lanes": "3", "tiger:reviewed": null, "tiger:name_type": null, "tiger:name_base": null, "tiger:county": null, "tiger:cfcc": null, "name": "12th Avenue" }, "geometry": { "type": "LineString", "coordinates": [ [ -123.9164791, 46.0015119 ], [ -123.9169819, 46.0015092 ], [ -123.9171596, 46.0015249 ] ] } },
{ "type": "Feature", "properties": { "full_id": "w5320519", "osm_id": "5320519", "osm_type": "way", "highway": "residential", "tidal": null, "flood_prone": null, "beach:name": null, "turn:lanes": null, "placement": null, "change:lanes": null, "destination:ref:lanes:forward": null, "turn:backward": null, "turn:forward": null, "placement:both_ways": null, "destination:symbol:forward": null, "destination:ref:lanes:backward": null, "destination:lanes:backward": null, "destination:ref:backward": null, "destination:backward": null, "turn:lanes:backward": null, "placement:forward": null, "cycleway:left": null, "change:lanes:backward": null, "turn:lanes:forward": null, "destination:symbol:lanes:forward": null, "destination:lanes:forward": null, "check_date:surface": null, "crossing": null, "change:lanes:forward": null, "dog": null, "psv": null, "emergency": null, "tactile_paving": null, "step_count": null, "ramp": null, "incline": null, "handrail": null, "footway": null, "segregated": null, "railway": null, "noname": null, "vehicle": null, "tunnel": null, "maxheight": null, "tracktype": null, "horse": null, "junction": null, "destination:symbol:backward": null, "covered": null, "tiger:name_type_3": null, "tiger:name_direction_prefix_3": null, "tiger:name_base_3": null, "tiger:name_base_2": null, "bridge:name": null, "layer": null, "bridge": null, "tiger:name_direction_prefix_1": null, "cycleway:right": null, "postal_code": "97138", "sidewalk:both:surface": null, "cycleway:both": null, "smoothness": null, "motor_vehicle": null, "lit": null, "foot": null, "bicycle": null, "tiger:name_type_1": null, "tiger:name_base_1": null, "tiger:name_direction_prefix": null, "overtaking": null, "change:forward": null, "change:backward": null, "turn:both_ways": null, "sidewalk": null, "maxspeed": null, "lanes:forward": null, "lanes:both_ways": null, "lanes:backward": null, "cycleway": null, "change:both_ways": null, "alt_name": null, "access": null, "lane_markings": null, "oneway": null, "tiger:upload_uuid": null, "tiger:tlid": null, "tiger:source": null, "tiger:separated": null, "service": null, "source:hgv:national_network": null, "ref": null, "old_ref": null, "hgv:national_network": null, "hgv": null, "NHS": null, "surface": null, "lanes": null, "tiger:reviewed": null, "tiger:name_type": null, "tiger:name_base": null, "tiger:county": null, "tiger:cfcc": null, "name": "South Downing Street" }, "geometry": { "type": "LineString", "coordinates": [ [ -123.9343758, 45.9780169 ], [ -123.9341367, 45.9780734 ], [ -123.934051, 45.978109 ], [ -123.932715, 45.978789 ], [ -123.932621, 45.978842 ], [ -123.9314532, 45.9796139 ], [ -123.9314024, 45.9796638 ], [ -123.9313615, 45.9797316 ], [ -123.9312651, 45.9800122 ] ] } },
{ "type": "Feature", "properties": { "full_id": "w237758612", "osm_id": "237758612", "osm_type": "way", "highway": "tertiary", "tidal": null, "flood_prone": null, "beach:name": null, "turn:lanes": null, "placement": null, "change:lanes": null, "destination:ref:lanes:forward": null, "turn:backward": null, "turn:forward": null, "placement:both_ways": null, "destination:symbol:forward": null, "destination:ref:lanes:backward": null, "destination:lanes:backward": null, "destination:ref:backward": null, "destination:backward": null, "turn:lanes:backward": null, "placement:forward": null, "cycleway:left": null, "change:lanes:backward": null, "turn:lanes:forward": null, "destination:symbol:lanes:forward": null, "destination:lanes:forward": null, "check_date:surface": null, "crossing": null, "change:lanes:forward": null, "dog": null, "psv": null, "emergency": null, "tactile_paving": null, "step_count": null, "ramp": null, "incline": null, "handrail": null, "footway": null, "segregated": null, "railway": null, "noname": null, "vehicle": null, "tunnel": null, "maxheight": null, "tracktype": null, "horse": null, "junction": null, "destination:symbol:backward": null, "covered": null, "tiger:name_type_3": null, "tiger:name_direction_prefix_3": null, "tiger:name_base_3": null, "tiger:name_base_2": null, "bridge:name": null, "layer": "1", "bridge": "yes", "tiger:name_direction_prefix_1": null, "cycleway:right": null, "postal_code": null, "sidewalk:both:surface": null, "cycleway:both": null, "smoothness": null, "motor_vehicle": null, "lit": null, "foot": null, "bicycle": null, "tiger:name_type_1": null, "tiger:name_base_1": null, "tiger:name_direction_prefix": null, "overtaking": null, "change:forward": null, "change:backward": null, "turn:both_ways": null, "sidewalk": null, "maxspeed": null, "lanes:forward": null, "lanes:both_ways": null, "lanes:backward": null, "cycleway": null, "change:both_ways": null, "alt_name": null, "access": null, "lane_markings": null, "oneway": null, "tiger:upload_uuid": null, "tiger:tlid": null, "tiger:source": null, "tiger:separated": null, "service": null, "source:hgv:national_network": null, "ref": null, "old_ref": null, "hgv:national_network": null, "hgv": null, "NHS": null, "surface": null, "lanes": "2", "tiger:reviewed": "no", "tiger:name_type": "St", "tiger:name_base": "Broadway", "tiger:county": "Clatsop, OR", "tiger:cfcc": "A41", "name": "Broadway Street" }, "geometry": { "type": "LineString", "coordinates": [ [ -123.9144332, 45.9931493 ], [ -123.915109, 45.9931475 ] ] } },
{ "type": "Feature", "properties": { "full_id": "w158904780", "osm_id": "158904780", "osm_type": "way", "highway": "residential", "tidal": null, "flood_prone": null, "beach:name": null, "turn:lanes": null, "placement": null, "change:lanes": null, "destination:ref:lanes:forward": null, "turn:backward": null, "turn:forward": null, "placement:both_ways": null, "destination:symbol:forward": null, "destination:ref:lanes:backward": null, "destination:lanes:backward": null, "destination:ref:backward": null, "destination:backward": null, "turn:lanes:backward": null, "placement:forward": null, "cycleway:left": null, "change:lanes:backward": null, "turn:lanes:forward": null, "destination:symbol:lanes:forward": null, "destination:lanes:forward": null, "check_date:surface": null, "crossing": null, "change:lanes:forward": null, "dog": null, "psv": null, "emergency": null, "tactile_paving": null, "step_count": null, "ramp": null, "incline": null, "handrail": null, "footway": null, "segregated": null, "railway": null, "noname": null, "vehicle": null, "tunnel": null, "maxheight": null, "tracktype": null, "horse": null, "junction": null, "destination:symbol:backward": null, "covered": null, "tiger:name_type_3": null, "tiger:name_direction_prefix_3": null, "tiger:name_base_3": null, "tiger:name_base_2": null, "bridge:name": null, "layer": null, "bridge": null, "tiger:name_direction_prefix_1": null, "cycleway:right": null, "postal_code": null, "sidewalk:both:surface": null, "cycleway:both": "no", "smoothness": null, "motor_vehicle": null, "lit": null, "foot": null, "bicycle": null, "tiger:name_type_1": null, "tiger:name_base_1": null, "tiger:name_direction_prefix": "N", "overtaking": null, "change:forward": null, "change:backward": null, "turn:both_ways": null, "sidewalk": "no", "maxspeed": null, "lanes:forward": null, "lanes:both_ways": null, "lanes:backward": null, "cycleway": null, "change:both_ways": null, "alt_name": null, "access": null, "lane_markings": "no", "oneway": null, "tiger:upload_uuid": null, "tiger:tlid": null, "tiger:source": null, "tiger:separated": null, "service": null, "source:hgv:national_network": null, "ref": null, "old_ref": null, "hgv:national_network": null, "hgv": null, "NHS": null, "surface": "asphalt", "lanes": null, "tiger:reviewed": "no", "tiger:name_type": "St", "tiger:name_base": "Franklin", "tiger:county": "Clatsop, OR", "tiger:cfcc": "A41", "name": "North Franklin Street" }, "geometry": { "type": "LineString", "coordinates": [ [ -123.925088, 45.999639 ], [ -123.925092, 45.999893 ], [ -123.9250826, 46.0002648 ], [ -123.9250733, 46.000905 ], [ -123.9250811, 46.0015286 ], [ -123.9250812, 46.0015752 ], [ -123.9250827, 46.0021589 ], [ -123.9250924, 46.0027858 ], [ -123.925069, 46.003435 ], [ -123.924949, 46.004028 ], [ -123.9247886, 46.0046636 ], [ -123.924635, 46.005297 ], [ -123.9244676, 46.0059039 ], [ -123.924444, 46.0059236 ] ] } },
{ "type": "Feature", "properties": { "full_id": "w5317551", "osm_id": "5317551", "osm_type": "way", "highway": "residential", "tidal": null, "flood_prone": null, "beach:name": null, "turn:lanes": null, "placement": null, "change:lanes": null, "destination:ref:lanes:forward": null, "turn:backward": null, "turn:forward": null, "placement:both_ways": null, "destination:symbol:forward": null, "destination:ref:lanes:backward": null, "destination:lanes:backward": null, "destination:ref:backward": null, "destination:backward": null, "turn:lanes:backward": null, "placement:forward": null, "cycleway:left": null, "change:lanes:backward": null, "turn:lanes:forward": null, "destination:symbol:lanes:forward": null, "destination:lanes:forward": null, "check_date:surface": null, "crossing": null, "change:lanes:forward": null, "dog": null, "psv": null, "emergency": null, "tactile_paving": null, "step_count": null, "ramp": null, "incline": null, "handrail": null, "footway": null, "segregated": null, "railway": null, "noname": null, "vehicle": null, "tunnel": null, "maxheight": null, "tracktype": null, "horse": null, "junction": null, "destination:symbol:backward": null, "covered": null, "tiger:name_type_3": null, "tiger:name_direction_prefix_3": null, "tiger:name_base_3": null, "tiger:name_base_2": null, "bridge:name": null, "layer": null, "bridge": null, "tiger:name_direction_prefix_1": null, "cycleway:right": null, "postal_code": "97138", "sidewalk:both:surface": null, "cycleway:both": null, "smoothness": null, "motor_vehicle": null, "lit": null, "foot": null, "bicycle": null, "tiger:name_type_1": null, "tiger:name_base_1": null, "tiger:name_direction_prefix": null, "overtaking": null, "change:forward": null, "change:backward": null, "turn:both_ways": null, "sidewalk": null, "maxspeed": null, "lanes:forward": null, "lanes:both_ways": null, "lanes:backward": null, "cycleway": null, "change:both_ways": null, "alt_name": null, "access": null, "lane_markings": null, "oneway": null, "tiger:upload_uuid": null, "tiger:tlid": null, "tiger:source": null, "tiger:separated": null, "service": null, "source:hgv:national_network": null, "ref": null, "old_ref": null, "hgv:national_network": null, "hgv": null, "NHS": null, "surface": null, "lanes": null, "tiger:reviewed": null, "tiger:name_type": null, "tiger:name_base": null, "tiger:county": null, "tiger:cfcc": null, "name": "12th Avenue" }, "geometry": { "type": "LineString", "coordinates": [ [ -123.9101578, 46.0014768 ], [ -123.9103143, 46.0015212 ], [ -123.9104111, 46.0015347 ], [ -123.911749, 46.001545 ], [ -123.9119126, 46.0015465 ] ] } },
{ "type": "Feature", "properties": { "full_id": "w5318440", "osm_id": "5318440", "osm_type": "way", "highway": "residential", "tidal": null, "flood_prone": null, "beach:name": null, "turn:lanes": null, "placement": null, "change:lanes": null, "destination:ref:lanes:forward": null, "turn:backward": null, "turn:forward": null, "placement:both_ways": null, "destination:symbol:forward": null, "destination:ref:lanes:backward": null, "destination:lanes:backward": null, "destination:ref:backward": null, "destination:backward": null, "turn:lanes:backward": null, "placement:forward": null, "cycleway:left": null, "change:lanes:backward": null, "turn:lanes:forward": null, "destination:symbol:lanes:forward": null, "destination:lanes:forward": null, "check_date:surface": null, "crossing": null, "change:lanes:forward": null, "dog": null, "psv": null, "emergency": null, "tactile_paving": null, "step_count": null, "ramp": null, "incline": null, "handrail": null, "footway": null, "segregated": null, "railway": null, "noname": null, "vehicle": null, "tunnel": null, "maxheight": null, "tracktype": null, "horse": null, "junction": null, "destination:symbol:backward": null, "covered": null, "tiger:name_type_3": null, "tiger:name_direction_prefix_3": null, "tiger:name_base_3": null, "tiger:name_base_2": null, "bridge:name": null, "layer": null, "bridge": null, "tiger:name_direction_prefix_1": null, "cycleway:right": null, "postal_code": null, "sidewalk:both:surface": null, "cycleway:both": null, "smoothness": null, "motor_vehicle": null, "lit": null, "foot": null, "bicycle": null, "tiger:name_type_1": null, "tiger:name_base_1": null, "tiger:name_direction_prefix": null, "overtaking": null, "change:forward": null, "change:backward": null, "turn:both_ways": null, "sidewalk": null, "maxspeed": null, "lanes:forward": null, "lanes:both_ways": null, "lanes:backward": null, "cycleway": null, "change:both_ways": null, "alt_name": null, "access": null, "lane_markings": null, "oneway": null, "tiger:upload_uuid": null, "tiger:tlid": null, "tiger:source": null, "tiger:separated": null, "service": null, "source:hgv:national_network": null, "ref": null, "old_ref": null, "hgv:national_network": null, "hgv": null, "NHS": null, "surface": null, "lanes": null, "tiger:reviewed": "no", "tiger:name_type": "Dr", "tiger:name_base": "Forest", "tiger:county": "Clatsop, OR", "tiger:cfcc": "A41", "name": "Forest Drive" }, "geometry": { "type": "LineString", "coordinates": [ [ -123.9090534, 45.9967697 ], [ -123.9090542, 45.9964949 ], [ -123.9090444, 45.9964235 ], [ -123.9090394, 45.9963873 ], [ -123.908995, 45.9963153 ], [ -123.9089177, 45.9962358 ], [ -123.9087837, 45.9961467 ], [ -123.9084667, 45.9959595 ], [ -123.9079109, 45.9956314 ], [ -123.9078695, 45.9955939 ], [ -123.9078239, 45.9955343 ], [ -123.9077972, 45.9954783 ], [ -123.9076577, 45.995182 ], [ -123.907647, 45.9951298 ], [ -123.9076523, 45.9950814 ], [ -123.9076577, 45.9950275 ], [ -123.9076497, 45.9949771 ], [ -123.9076254, 45.9949194 ], [ -123.9075771, 45.9948691 ], [ -123.907529, 45.9948318 ], [ -123.9074591, 45.9948057 ], [ -123.9073922, 45.9947852 ], [ -123.9073063, 45.9947554 ], [ -123.9072579, 45.9947349 ], [ -123.9072043, 45.9946976 ], [ -123.9062628, 45.9939113 ], [ -123.9062253, 45.9938926 ], [ -123.9061823, 45.9938852 ], [ -123.9060563, 45.993861 ] ] } },
{ "type": "Feature", "properties": { "full_id": "w5320037", "osm_id": "5320037", "osm_type": "way", "highway": "secondary", "tidal": null, "flood_prone": null, "beach:name": null, "turn:lanes": null, "placement": null, "change:lanes": null, "destination:ref:lanes:forward": null, "turn:backward": null, "turn:forward": null, "placement:both_ways": null, "destination:symbol:forward": null, "destination:ref:lanes:backward": null, "destination:lanes:backward": null, "destination:ref:backward": null, "destination:backward": null, "turn:lanes:backward": null, "placement:forward": null, "cycleway:left": null, "change:lanes:backward": null, "turn:lanes:forward": null, "destination:symbol:lanes:forward": null, "destination:lanes:forward": null, "check_date:surface": null, "crossing": null, "change:lanes:forward": null, "dog": null, "psv": null, "emergency": null, "tactile_paving": null, "step_count": null, "ramp": null, "incline": null, "handrail": null, "footway": null, "segregated": null, "railway": null, "noname": null, "vehicle": null, "tunnel": null, "maxheight": null, "tracktype": null, "horse": null, "junction": null, "destination:symbol:backward": null, "covered": null, "tiger:name_type_3": null, "tiger:name_direction_prefix_3": null, "tiger:name_base_3": null, "tiger:name_base_2": null, "bridge:name": null, "layer": null, "bridge": null, "tiger:name_direction_prefix_1": null, "cycleway:right": null, "postal_code": null, "sidewalk:both:surface": null, "cycleway:both": "no", "smoothness": null, "motor_vehicle": null, "lit": null, "foot": null, "bicycle": null, "tiger:name_type_1": null, "tiger:name_base_1": null, "tiger:name_direction_prefix": null, "overtaking": null, "change:forward": null, "change:backward": null, "turn:both_ways": null, "sidewalk": null, "maxspeed": null, "lanes:forward": null, "lanes:both_ways": null, "lanes:backward": null, "cycleway": null, "change:both_ways": null, "alt_name": null, "access": null, "lane_markings": null, "oneway": null, "tiger:upload_uuid": null, "tiger:tlid": null, "tiger:source": null, "tiger:separated": null, "service": null, "source:hgv:national_network": null, "ref": null, "old_ref": null, "hgv:national_network": null, "hgv": null, "NHS": null, "surface": "asphalt", "lanes": "2", "tiger:reviewed": "no", "tiger:name_type": "Ave", "tiger:name_base": "1st", "tiger:county": "Clatsop, OR", "tiger:cfcc": "A41", "name": "1st Avenue" }, "geometry": { "type": "LineString", "coordinates": [ [ -123.9277441, 45.9944338 ], [ -123.9270671, 45.9944366 ], [ -123.9268618, 45.9944422 ], [ -123.9259893, 45.9944651 ], [ -123.9251803, 45.9944955 ], [ -123.9248431, 45.9945082 ], [ -123.9247511, 45.9945116 ], [ -123.9246307, 45.9945162 ] ] } },
{ "type": "Feature", "properties": { "full_id": "w5318857", "osm_id": "5318857", "osm_type": "way", "highway": "tertiary", "tidal": null, "flood_prone": null, "beach:name": null, "turn:lanes": null, "placement": null, "change:lanes": null, "destination:ref:lanes:forward": null, "turn:backward": null, "turn:forward": null, "placement:both_ways": null, "destination:symbol:forward": null, "destination:ref:lanes:backward": null, "destination:lanes:backward": null, "destination:ref:backward": null, "destination:backward": null, "turn:lanes:backward": null, "placement:forward": null, "cycleway:left": null, "change:lanes:backward": null, "turn:lanes:forward": null, "destination:symbol:lanes:forward": null, "destination:lanes:forward": null, "check_date:surface": null, "crossing": null, "change:lanes:forward": null, "dog": null, "psv": null, "emergency": null, "tactile_paving": null, "step_count": null, "ramp": null, "incline": null, "handrail": null, "footway": null, "segregated": null, "railway": null, "noname": null, "vehicle": null, "tunnel": null, "maxheight": null, "tracktype": null, "horse": null, "junction": null, "destination:symbol:backward": null, "covered": null, "tiger:name_type_3": null, "tiger:name_direction_prefix_3": null, "tiger:name_base_3": null, "tiger:name_base_2": null, "bridge:name": null, "layer": null, "bridge": null, "tiger:name_direction_prefix_1": null, "cycleway:right": null, "postal_code": null, "sidewalk:both:surface": null, "cycleway:both": null, "smoothness": null, "motor_vehicle": null, "lit": null, "foot": null, "bicycle": null, "tiger:name_type_1": null, "tiger:name_base_1": null, "tiger:name_direction_prefix": "N", "overtaking": null, "change:forward": null, "change:backward": null, "turn:both_ways": null, "sidewalk": null, "maxspeed": null, "lanes:forward": null, "lanes:both_ways": null, "lanes:backward": null, "cycleway": null, "change:both_ways": null, "alt_name": null, "access": null, "lane_markings": null, "oneway": null, "tiger:upload_uuid": null, "tiger:tlid": null, "tiger:source": null, "tiger:separated": null, "service": null, "source:hgv:national_network": null, "ref": null, "old_ref": null, "hgv:national_network": null, "hgv": null, "NHS": null, "surface": null, "lanes": null, "tiger:reviewed": "no", "tiger:name_type": "Rd", "tiger:name_base": "Wahanna", "tiger:county": "Clatsop, OR", "tiger:cfcc": "A41", "name": "North Wahanna Road" }, "geometry": { "type": "LineString", "coordinates": [ [ -123.911841, 46.0021985 ], [ -123.911786, 46.0028473 ], [ -123.9117894, 46.0031402 ], [ -123.9117982, 46.0032005 ], [ -123.9118195, 46.0033122 ], [ -123.9118893, 46.0036775 ], [ -123.9119014, 46.0037749 ], [ -123.9119003, 46.003862 ], [ -123.9118983, 46.0040369 ], [ -123.9118377, 46.0047484 ], [ -123.9117862, 46.0053347 ], [ -123.9117664, 46.0054455 ], [ -123.9117513, 46.0055215 ], [ -123.9117302, 46.0055996 ], [ -123.9114947, 46.0062985 ], [ -123.9114065, 46.0066302 ], [ -123.9113456, 46.0070834 ], [ -123.9113158, 46.0076868 ], [ -123.9112588, 46.0085453 ], [ -123.9112187, 46.008874 ], [ -123.9110778, 46.0098148 ], [ -123.9110329, 46.0101776 ], [ -123.9110236, 46.0102376 ], [ -123.9109895, 46.0103137 ], [ -123.9109401, 46.0103767 ], [ -123.9108683, 46.0104338 ], [ -123.9108104, 46.0104802 ] ] } },
{ "type": "Feature", "properties": { "full_id": "w808271723", "osm_id": "808271723", "osm_type": "way", "highway": "tertiary", "tidal": null, "flood_prone": null, "beach:name": null, "turn:lanes": null, "placement": null, "change:lanes": null, "destination:ref:lanes:forward": null, "turn:backward": null, "turn:forward": null, "placement:both_ways": null, "destination:symbol:forward": null, "destination:ref:lanes:backward": null, "destination:lanes:backward": null, "destination:ref:backward": null, "destination:backward": null, "turn:lanes:backward": null, "placement:forward": null, "cycleway:left": null, "change:lanes:backward": null, "turn:lanes:forward": null, "destination:symbol:lanes:forward": null, "destination:lanes:forward": null, "check_date:surface": null, "crossing": null, "change:lanes:forward": null, "dog": null, "psv": null, "emergency": null, "tactile_paving": null, "step_count": null, "ramp": null, "incline": null, "handrail": null, "footway": null, "segregated": null, "railway": null, "noname": null, "vehicle": null, "tunnel": null, "maxheight": null, "tracktype": null, "horse": null, "junction": null, "destination:symbol:backward": null, "covered": null, "tiger:name_type_3": null, "tiger:name_direction_prefix_3": null, "tiger:name_base_3": null, "tiger:name_base_2": null, "bridge:name": null, "layer": null, "bridge": null, "tiger:name_direction_prefix_1": null, "cycleway:right": null, "postal_code": null, "sidewalk:both:surface": null, "cycleway:both": null, "smoothness": null, "motor_vehicle": null, "lit": null, "foot": null, "bicycle": null, "tiger:name_type_1": null, "tiger:name_base_1": null, "tiger:name_direction_prefix": null, "overtaking": null, "change:forward": null, "change:backward": null, "turn:both_ways": null, "sidewalk": null, "maxspeed": null, "lanes:forward": null, "lanes:both_ways": null, "lanes:backward": null, "cycleway": null, "change:both_ways": null, "alt_name": null, "access": null, "lane_markings": null, "oneway": null, "tiger:upload_uuid": null, "tiger:tlid": null, "tiger:source": null, "tiger:separated": null, "service": null, "source:hgv:national_network": null, "ref": null, "old_ref": null, "hgv:national_network": null, "hgv": null, "NHS": null, "surface": null, "lanes": null, "tiger:reviewed": null, "tiger:name_type": null, "tiger:name_base": null, "tiger:county": null, "tiger:cfcc": null, "name": "Ocean Vista Drive" }, "geometry": { "type": "LineString", "coordinates": [ [ -123.9401786, 45.975397 ], [ -123.9385674, 45.9758852 ], [ -123.9384985, 45.975906 ] ] } },
{ "type": "Feature", "properties": { "full_id": "w931608747", "osm_id": "931608747", "osm_type": "way", "highway": "footway", "tidal": null, "flood_prone": null, "beach:name": null, "turn:lanes": null, "placement": null, "change:lanes": null, "destination:ref:lanes:forward": null, "turn:backward": null, "turn:forward": null, "placement:both_ways": null, "destination:symbol:forward": null, "destination:ref:lanes:backward": null, "destination:lanes:backward": null, "destination:ref:backward": null, "destination:backward": null, "turn:lanes:backward": null, "placement:forward": null, "cycleway:left": null, "change:lanes:backward": null, "turn:lanes:forward": null, "destination:symbol:lanes:forward": null, "destination:lanes:forward": null, "check_date:surface": null, "crossing": null, "change:lanes:forward": null, "dog": null, "psv": null, "emergency": null, "tactile_paving": null, "step_count": null, "ramp": null, "incline": null, "handrail": null, "footway": "sidewalk", "segregated": null, "railway": null, "noname": null, "vehicle": null, "tunnel": null, "maxheight": null, "tracktype": null, "horse": null, "junction": null, "destination:symbol:backward": null, "covered": null, "tiger:name_type_3": null, "tiger:name_direction_prefix_3": null, "tiger:name_base_3": null, "tiger:name_base_2": null, "bridge:name": null, "layer": null, "bridge": null, "tiger:name_direction_prefix_1": null, "cycleway:right": null, "postal_code": null, "sidewalk:both:surface": null, "cycleway:both": null, "smoothness": null, "motor_vehicle": null, "lit": null, "foot": null, "bicycle": null, "tiger:name_type_1": null, "tiger:name_base_1": null, "tiger:name_direction_prefix": null, "overtaking": null, "change:forward": null, "change:backward": null, "turn:both_ways": null, "sidewalk": null, "maxspeed": null, "lanes:forward": null, "lanes:both_ways": null, "lanes:backward": null, "cycleway": null, "change:both_ways": null, "alt_name": null, "access": null, "lane_markings": null, "oneway": null, "tiger:upload_uuid": null, "tiger:tlid": null, "tiger:source": null, "tiger:separated": null, "service": null, "source:hgv:national_network": null, "ref": null, "old_ref": null, "hgv:national_network": null, "hgv": null, "NHS": null, "surface": null, "lanes": null, "tiger:reviewed": null, "tiger:name_type": null, "tiger:name_base": null, "tiger:county": null, "tiger:cfcc": null, "name": null }, "geometry": { "type": "LineString", "coordinates": [ [ -123.9282139, 45.9922213 ], [ -123.9276577, 45.992222 ], [ -123.9273958, 45.9922223 ] ] } },
{ "type": "Feature", "properties": { "full_id": "w5318289", "osm_id": "5318289", "osm_type": "way", "highway": "residential", "tidal": null, "flood_prone": null, "beach:name": null, "turn:lanes": null, "placement": null, "change:lanes": null, "destination:ref:lanes:forward": null, "turn:backward": null, "turn:forward": null, "placement:both_ways": null, "destination:symbol:forward": null, "destination:ref:lanes:backward": null, "destination:lanes:backward": null, "destination:ref:backward": null, "destination:backward": null, "turn:lanes:backward": null, "placement:forward": null, "cycleway:left": null, "change:lanes:backward": null, "turn:lanes:forward": null, "destination:symbol:lanes:forward": null, "destination:lanes:forward": null, "check_date:surface": null, "crossing": null, "change:lanes:forward": null, "dog": null, "psv": null, "emergency": null, "tactile_paving": null, "step_count": null, "ramp": null, "incline": null, "handrail": null, "footway": null, "segregated": null, "railway": null, "noname": null, "vehicle": null, "tunnel": null, "maxheight": null, "tracktype": null, "horse": null, "junction": null, "destination:symbol:backward": null, "covered": null, "tiger:name_type_3": null, "tiger:name_direction_prefix_3": null, "tiger:name_base_3": null, "tiger:name_base_2": null, "bridge:name": null, "layer": null, "bridge": null, "tiger:name_direction_prefix_1": null, "cycleway:right": null, "postal_code": null, "sidewalk:both:surface": null, "cycleway:both": null, "smoothness": null, "motor_vehicle": null, "lit": null, "foot": null, "bicycle": null, "tiger:name_type_1": null, "tiger:name_base_1": null, "tiger:name_direction_prefix": null, "overtaking": null, "change:forward": null, "change:backward": null, "turn:both_ways": null, "sidewalk": null, "maxspeed": null, "lanes:forward": null, "lanes:both_ways": null, "lanes:backward": null, "cycleway": null, "change:both_ways": null, "alt_name": null, "access": null, "lane_markings": null, "oneway": null, "tiger:upload_uuid": null, "tiger:tlid": null, "tiger:source": null, "tiger:separated": null, "service": null, "source:hgv:national_network": null, "ref": null, "old_ref": null, "hgv:national_network": null, "hgv": null, "NHS": null, "surface": null, "lanes": null, "tiger:reviewed": "no", "tiger:name_type": "Ave", "tiger:name_base": "Ocean", "tiger:county": "Clatsop, OR", "tiger:cfcc": "A41", "name": "Ocean Avenue" }, "geometry": { "type": "LineString", "coordinates": [ [ -123.9101578, 46.0014768 ], [ -123.9100898, 46.0014579 ], [ -123.9099268, 46.0014419 ], [ -123.9096915, 46.001422 ], [ -123.9095086, 46.0014103 ], [ -123.9093384, 46.0013882 ], [ -123.9091689, 46.0013488 ], [ -123.9090322, 46.0012967 ], [ -123.908877, 46.0012103 ], [ -123.9087272, 46.0010976 ], [ -123.9085914, 46.0009579 ], [ -123.9083905, 46.0006867 ], [ -123.9083175, 46.0006048 ], [ -123.9082393, 46.0005394 ], [ -123.9081583, 46.0004959 ], [ -123.9080933, 46.0004691 ], [ -123.9079557, 46.0004338 ], [ -123.9077859, 46.0004208 ], [ -123.9067885, 46.0004206 ], [ -123.9056286, 46.0004204 ], [ -123.9054616, 46.0003999 ], [ -123.9053538, 46.0003577 ], [ -123.9052684, 46.0003079 ], [ -123.9052071, 46.0002345 ], [ -123.9051961, 46.0001607 ] ] } },
{ "type": "Feature", "properties": { "full_id": "w246255944", "osm_id": "246255944", "osm_type": "way", "highway": "service", "tidal": null, "flood_prone": null, "beach:name": null, "turn:lanes": null, "placement": null, "change:lanes": null, "destination:ref:lanes:forward": null, "turn:backward": null, "turn:forward": null, "placement:both_ways": null, "destination:symbol:forward": null, "destination:ref:lanes:backward": null, "destination:lanes:backward": null, "destination:ref:backward": null, "destination:backward": null, "turn:lanes:backward": null, "placement:forward": null, "cycleway:left": null, "change:lanes:backward": null, "turn:lanes:forward": null, "destination:symbol:lanes:forward": null, "destination:lanes:forward": null, "check_date:surface": null, "crossing": null, "change:lanes:forward": null, "dog": null, "psv": null, "emergency": null, "tactile_paving": null, "step_count": null, "ramp": null, "incline": null, "handrail": null, "footway": null, "segregated": null, "railway": null, "noname": null, "vehicle": null, "tunnel": null, "maxheight": null, "tracktype": null, "horse": null, "junction": null, "destination:symbol:backward": null, "covered": null, "tiger:name_type_3": null, "tiger:name_direction_prefix_3": null, "tiger:name_base_3": null, "tiger:name_base_2": null, "bridge:name": null, "layer": null, "bridge": null, "tiger:name_direction_prefix_1": null, "cycleway:right": null, "postal_code": null, "sidewalk:both:surface": null, "cycleway:both": null, "smoothness": null, "motor_vehicle": null, "lit": null, "foot": null, "bicycle": null, "tiger:name_type_1": null, "tiger:name_base_1": null, "tiger:name_direction_prefix": null, "overtaking": null, "change:forward": null, "change:backward": null, "turn:both_ways": null, "sidewalk": null, "maxspeed": null, "lanes:forward": null, "lanes:both_ways": null, "lanes:backward": null, "cycleway": null, "change:both_ways": null, "alt_name": null, "access": null, "lane_markings": null, "oneway": null, "tiger:upload_uuid": null, "tiger:tlid": null, "tiger:source": null, "tiger:separated": null, "service": null, "source:hgv:national_network": null, "ref": null, "old_ref": null, "hgv:national_network": null, "hgv": null, "NHS": null, "surface": null, "lanes": null, "tiger:reviewed": null, "tiger:name_type": null, "tiger:name_base": null, "tiger:county": null, "tiger:cfcc": null, "name": null }, "geometry": { "type": "LineString", "coordinates": [ [ -123.8967598, 46.0123314 ], [ -123.8967276, 46.0124362 ], [ -123.8966551, 46.0125293 ], [ -123.896572, 46.0126039 ], [ -123.8964352, 46.0126653 ], [ -123.8962582, 46.0127249 ], [ -123.8959417, 46.0127994 ], [ -123.8957943, 46.0128403 ], [ -123.8956763, 46.0128739 ], [ -123.8954347, 46.0129373 ] ] } },
{ "type": "Feature", "properties": { "full_id": "w5317917", "osm_id": "5317917", "osm_type": "way", "highway": "residential", "tidal": null, "flood_prone": null, "beach:name": null, "turn:lanes": null, "placement": null, "change:lanes": null, "destination:ref:lanes:forward": null, "turn:backward": null, "turn:forward": null, "placement:both_ways": null, "destination:symbol:forward": null, "destination:ref:lanes:backward": null, "destination:lanes:backward": null, "destination:ref:backward": null, "destination:backward": null, "turn:lanes:backward": null, "placement:forward": null, "cycleway:left": null, "change:lanes:backward": null, "turn:lanes:forward": null, "destination:symbol:lanes:forward": null, "destination:lanes:forward": null, "check_date:surface": null, "crossing": null, "change:lanes:forward": null, "dog": null, "psv": null, "emergency": null, "tactile_paving": null, "step_count": null, "ramp": null, "incline": null, "handrail": null, "footway": null, "segregated": null, "railway": null, "noname": null, "vehicle": null, "tunnel": null, "maxheight": null, "tracktype": null, "horse": null, "junction": null, "destination:symbol:backward": null, "covered": null, "tiger:name_type_3": null, "tiger:name_direction_prefix_3": null, "tiger:name_base_3": null, "tiger:name_base_2": null, "bridge:name": null, "layer": null, "bridge": null, "tiger:name_direction_prefix_1": null, "cycleway:right": null, "postal_code": null, "sidewalk:both:surface": null, "cycleway:both": null, "smoothness": null, "motor_vehicle": null, "lit": null, "foot": null, "bicycle": null, "tiger:name_type_1": null, "tiger:name_base_1": null, "tiger:name_direction_prefix": null, "overtaking": null, "change:forward": null, "change:backward": null, "turn:both_ways": null, "sidewalk": null, "maxspeed": null, "lanes:forward": null, "lanes:both_ways": null, "lanes:backward": null, "cycleway": null, "change:both_ways": null, "alt_name": null, "access": null, "lane_markings": null, "oneway": null, "tiger:upload_uuid": null, "tiger:tlid": null, "tiger:source": null, "tiger:separated": null, "service": null, "source:hgv:national_network": null, "ref": null, "old_ref": null, "hgv:national_network": null, "hgv": null, "NHS": null, "surface": null, "lanes": null, "tiger:reviewed": "no", "tiger:name_type": "Ter", "tiger:name_base": "Shore", "tiger:county": "Clatsop, OR", "tiger:cfcc": "A41", "name": "Shore Terrace" }, "geometry": { "type": "LineString", "coordinates": [ [ -123.9051961, 46.0001607 ], [ -123.9052212, 46.0000844 ], [ -123.9055082, 45.9997261 ], [ -123.9056467, 45.9995883 ], [ -123.9058829, 45.9993319 ], [ -123.9059831, 45.9991941 ], [ -123.9061351, 45.9989565 ], [ -123.906363, 45.998659 ], [ -123.907302, 45.997516 ], [ -123.907505, 45.997322 ], [ -123.907866, 45.9971 ], [ -123.9081449, 45.9969699 ], [ -123.9084027, 45.996875 ], [ -123.9086257, 45.9968116 ], [ -123.9088337, 45.9967801 ], [ -123.9090534, 45.9967697 ], [ -123.9109854, 45.9967226 ], [ -123.9124728, 45.9967383 ] ] } },
{ "type": "Feature", "properties": { "full_id": "w589352201", "osm_id": "589352201", "osm_type": "way", "highway": "tertiary", "tidal": null, "flood_prone": null, "beach:name": null, "turn:lanes": null, "placement": null, "change:lanes": null, "destination:ref:lanes:forward": null, "turn:backward": null, "turn:forward": null, "placement:both_ways": null, "destination:symbol:forward": null, "destination:ref:lanes:backward": null, "destination:lanes:backward": null, "destination:ref:backward": null, "destination:backward": null, "turn:lanes:backward": null, "placement:forward": null, "cycleway:left": null, "change:lanes:backward": null, "turn:lanes:forward": null, "destination:symbol:lanes:forward": null, "destination:lanes:forward": null, "check_date:surface": null, "crossing": null, "change:lanes:forward": null, "dog": null, "psv": null, "emergency": null, "tactile_paving": null, "step_count": null, "ramp": null, "incline": null, "handrail": null, "footway": null, "segregated": null, "railway": null, "noname": null, "vehicle": null, "tunnel": null, "maxheight": null, "tracktype": null, "horse": null, "junction": null, "destination:symbol:backward": null, "covered": null, "tiger:name_type_3": null, "tiger:name_direction_prefix_3": null, "tiger:name_base_3": null, "tiger:name_base_2": null, "bridge:name": null, "layer": null, "bridge": null, "tiger:name_direction_prefix_1": null, "cycleway:right": null, "postal_code": null, "sidewalk:both:surface": null, "cycleway:both": null, "smoothness": null, "motor_vehicle": null, "lit": null, "foot": null, "bicycle": null, "tiger:name_type_1": null, "tiger:name_base_1": null, "tiger:name_direction_prefix": null, "overtaking": null, "change:forward": null, "change:backward": null, "turn:both_ways": null, "sidewalk": null, "maxspeed": "25 mph", "lanes:forward": null, "lanes:both_ways": null, "lanes:backward": null, "cycleway": null, "change:both_ways": null, "alt_name": null, "access": null, "lane_markings": null, "oneway": null, "tiger:upload_uuid": null, "tiger:tlid": null, "tiger:source": null, "tiger:separated": null, "service": null, "source:hgv:national_network": null, "ref": null, "old_ref": null, "hgv:national_network": null, "hgv": null, "NHS": null, "surface": null, "lanes": null, "tiger:reviewed": null, "tiger:name_type": null, "tiger:name_base": null, "tiger:county": null, "tiger:cfcc": null, "name": "North Holladay Drive" }, "geometry": { "type": "LineString", "coordinates": [ [ -123.9206687, 46.0015279 ], [ -123.9206524, 46.0016044 ], [ -123.92038, 46.0020347 ], [ -123.9202477, 46.0022451 ], [ -123.9200506, 46.002544 ], [ -123.9199412, 46.0027105 ], [ -123.9197709, 46.002971 ], [ -123.9193037, 46.003694 ], [ -123.918803, 46.00442 ], [ -123.9183697, 46.0051251 ], [ -123.9183569, 46.0051537 ], [ -123.9183463, 46.0052084 ], [ -123.9181529, 46.0059787 ], [ -123.918057, 46.0063179 ], [ -123.9179975, 46.0065414 ], [ -123.9175686, 46.0081492 ], [ -123.9175394, 46.0082405 ], [ -123.9175095, 46.0083162 ], [ -123.9174809, 46.008375 ], [ -123.9174179, 46.0084471 ], [ -123.9173355, 46.0085282 ], [ -123.9160943, 46.0093847 ], [ -123.9153214, 46.0099406 ], [ -123.914784, 46.010296 ], [ -123.914721, 46.01033 ], [ -123.914583, 46.010383 ], [ -123.9145356, 46.0103945 ], [ -123.914509, 46.010401 ], [ -123.914284, 46.010421 ] ] } },
{ "type": "Feature", "properties": { "full_id": "w285377638", "osm_id": "285377638", "osm_type": "way", "highway": "trunk", "tidal": null, "flood_prone": null, "beach:name": null, "turn:lanes": null, "placement": null, "change:lanes": null, "destination:ref:lanes:forward": null, "turn:backward": null, "turn:forward": null, "placement:both_ways": null, "destination:symbol:forward": null, "destination:ref:lanes:backward": null, "destination:lanes:backward": null, "destination:ref:backward": null, "destination:backward": null, "turn:lanes:backward": null, "placement:forward": null, "cycleway:left": null, "change:lanes:backward": null, "turn:lanes:forward": null, "destination:symbol:lanes:forward": null, "destination:lanes:forward": null, "check_date:surface": null, "crossing": null, "change:lanes:forward": null, "dog": null, "psv": null, "emergency": null, "tactile_paving": null, "step_count": null, "ramp": null, "incline": null, "handrail": null, "footway": null, "segregated": null, "railway": null, "noname": null, "vehicle": null, "tunnel": null, "maxheight": null, "tracktype": null, "horse": null, "junction": null, "destination:symbol:backward": null, "covered": null, "tiger:name_type_3": null, "tiger:name_direction_prefix_3": null, "tiger:name_base_3": null, "tiger:name_base_2": null, "bridge:name": null, "layer": null, "bridge": null, "tiger:name_direction_prefix_1": null, "cycleway:right": null, "postal_code": null, "sidewalk:both:surface": null, "cycleway:both": null, "smoothness": null, "motor_vehicle": null, "lit": null, "foot": null, "bicycle": null, "tiger:name_type_1": null, "tiger:name_base_1": null, "tiger:name_direction_prefix": null, "overtaking": "no", "change:forward": "no", "change:backward": "no", "turn:both_ways": null, "sidewalk": null, "maxspeed": "35 mph", "lanes:forward": null, "lanes:both_ways": null, "lanes:backward": null, "cycleway": null, "change:both_ways": null, "alt_name": "Oregon Coast Highway", "access": null, "lane_markings": null, "oneway": null, "tiger:upload_uuid": null, "tiger:tlid": null, "tiger:source": null, "tiger:separated": null, "service": null, "source:hgv:national_network": "Title 23: Highways Part 658 http://ecfr.gpoaccess.gov/cgi/t/text/text-idx?c=ecfr&rgn=div5&view=text&node=23:1.0.1.7.33&idno=23", "ref": "US 101", "old_ref": "US 26", "hgv:national_network": "yes", "hgv": "designated", "NHS": "STRAHNET", "surface": "asphalt", "lanes": "2", "tiger:reviewed": null, "tiger:name_type": null, "tiger:name_base": null, "tiger:county": null, "tiger:cfcc": null, "name": "South Roosevelt Drive" }, "geometry": { "type": "LineString", "coordinates": [ [ -123.9280066, 45.976705 ], [ -123.927951, 45.9768263 ], [ -123.9278959, 45.976934 ], [ -123.9278302, 45.9770505 ], [ -123.927756, 45.9771582 ], [ -123.9273904, 45.9776292 ], [ -123.9271854, 45.9778938 ], [ -123.927108, 45.978004 ], [ -123.9269846, 45.9781878 ], [ -123.9269082, 45.9783509 ], [ -123.9268597, 45.9784942 ], [ -123.9268037, 45.9786888 ], [ -123.9267804, 45.9787925 ] ] } },
{ "type": "Feature", "properties": { "full_id": "w1119588082", "osm_id": "1119588082", "osm_type": "way", "highway": "tertiary", "tidal": null, "flood_prone": null, "beach:name": null, "turn:lanes": null, "placement": null, "change:lanes": null, "destination:ref:lanes:forward": null, "turn:backward": "left;through;right", "turn:forward": null, "placement:both_ways": null, "destination:symbol:forward": "parking;toilets;museum", "destination:ref:lanes:backward": null, "destination:lanes:backward": null, "destination:ref:backward": "US 101", "destination:backward": null, "turn:lanes:backward": null, "placement:forward": null, "cycleway:left": null, "change:lanes:backward": null, "turn:lanes:forward": null, "destination:symbol:lanes:forward": null, "destination:lanes:forward": null, "check_date:surface": null, "crossing": null, "change:lanes:forward": null, "dog": null, "psv": null, "emergency": null, "tactile_paving": null, "step_count": null, "ramp": null, "incline": null, "handrail": null, "footway": null, "segregated": null, "railway": null, "noname": null, "vehicle": null, "tunnel": null, "maxheight": null, "tracktype": null, "horse": null, "junction": null, "destination:symbol:backward": null, "covered": null, "tiger:name_type_3": null, "tiger:name_direction_prefix_3": null, "tiger:name_base_3": null, "tiger:name_base_2": null, "bridge:name": null, "layer": null, "bridge": null, "tiger:name_direction_prefix_1": null, "cycleway:right": null, "postal_code": "97138", "sidewalk:both:surface": null, "cycleway:both": null, "smoothness": null, "motor_vehicle": null, "lit": null, "foot": null, "bicycle": null, "tiger:name_type_1": null, "tiger:name_base_1": null, "tiger:name_direction_prefix": null, "overtaking": null, "change:forward": null, "change:backward": null, "turn:both_ways": null, "sidewalk": "both", "maxspeed": null, "lanes:forward": null, "lanes:both_ways": null, "lanes:backward": null, "cycleway": null, "change:both_ways": null, "alt_name": null, "access": null, "lane_markings": null, "oneway": null, "tiger:upload_uuid": null, "tiger:tlid": null, "tiger:source": null, "tiger:separated": null, "service": null, "source:hgv:national_network": null, "ref": null, "old_ref": null, "hgv:national_network": null, "hgv": null, "NHS": null, "surface": "asphalt", "lanes": "2", "tiger:reviewed": null, "tiger:name_type": null, "tiger:name_base": null, "tiger:county": null, "tiger:cfcc": null, "name": "12th Avenue" }, "geometry": { "type": "LineString", "coordinates": [ [ -123.9171596, 46.0015249 ], [ -123.9173419, 46.0015389 ], [ -123.9179497, 46.0015376 ] ] } },
{ "type": "Feature", "properties": { "full_id": "w827438337", "osm_id": "827438337", "osm_type": "way", "highway": "tertiary", "tidal": null, "flood_prone": null, "beach:name": null, "turn:lanes": null, "placement": null, "change:lanes": null, "destination:ref:lanes:forward": null, "turn:backward": null, "turn:forward": null, "placement:both_ways": null, "destination:symbol:forward": null, "destination:ref:lanes:backward": null, "destination:lanes:backward": null, "destination:ref:backward": null, "destination:backward": null, "turn:lanes:backward": null, "placement:forward": null, "cycleway:left": null, "change:lanes:backward": null, "turn:lanes:forward": null, "destination:symbol:lanes:forward": null, "destination:lanes:forward": null, "check_date:surface": null, "crossing": null, "change:lanes:forward": null, "dog": null, "psv": null, "emergency": null, "tactile_paving": null, "step_count": null, "ramp": null, "incline": null, "handrail": null, "footway": null, "segregated": null, "railway": null, "noname": null, "vehicle": null, "tunnel": null, "maxheight": null, "tracktype": null, "horse": null, "junction": null, "destination:symbol:backward": null, "covered": null, "tiger:name_type_3": null, "tiger:name_direction_prefix_3": null, "tiger:name_base_3": null, "tiger:name_base_2": null, "bridge:name": null, "layer": null, "bridge": null, "tiger:name_direction_prefix_1": null, "cycleway:right": null, "postal_code": null, "sidewalk:both:surface": null, "cycleway:both": null, "smoothness": null, "motor_vehicle": null, "lit": null, "foot": null, "bicycle": null, "tiger:name_type_1": null, "tiger:name_base_1": null, "tiger:name_direction_prefix": null, "overtaking": null, "change:forward": null, "change:backward": null, "turn:both_ways": null, "sidewalk": null, "maxspeed": "25 mph", "lanes:forward": null, "lanes:both_ways": null, "lanes:backward": null, "cycleway": null, "change:both_ways": null, "alt_name": null, "access": null, "lane_markings": null, "oneway": null, "tiger:upload_uuid": null, "tiger:tlid": null, "tiger:source": null, "tiger:separated": null, "service": null, "source:hgv:national_network": null, "ref": null, "old_ref": null, "hgv:national_network": null, "hgv": null, "NHS": null, "surface": "asphalt", "lanes": "2", "tiger:reviewed": null, "tiger:name_type": null, "tiger:name_base": "Avenue U", "tiger:county": "Clatsop, OR", "tiger:cfcc": "A41", "name": "Avenue U" }, "geometry": { "type": "LineString", "coordinates": [ [ -123.9312651, 45.9800122 ], [ -123.9317591, 45.9801001 ], [ -123.9321759, 45.980176 ], [ -123.9325236, 45.9802339 ], [ -123.9328254, 45.9802873 ], [ -123.933104, 45.9803374 ], [ -123.9339965, 45.9804973 ] ] } },
{ "type": "Feature", "properties": { "full_id": "w827438334", "osm_id": "827438334", "osm_type": "way", "highway": "tertiary", "tidal": null, "flood_prone": null, "beach:name": null, "turn:lanes": null, "placement": null, "change:lanes": null, "destination:ref:lanes:forward": null, "turn:backward": null, "turn:forward": null, "placement:both_ways": null, "destination:symbol:forward": null, "destination:ref:lanes:backward": null, "destination:lanes:backward": null, "destination:ref:backward": null, "destination:backward": null, "turn:lanes:backward": null, "placement:forward": null, "cycleway:left": null, "change:lanes:backward": null, "turn:lanes:forward": null, "destination:symbol:lanes:forward": null, "destination:lanes:forward": null, "check_date:surface": null, "crossing": null, "change:lanes:forward": "not_left|yes", "dog": null, "psv": null, "emergency": null, "tactile_paving": null, "step_count": null, "ramp": null, "incline": null, "handrail": null, "footway": null, "segregated": null, "railway": null, "noname": null, "vehicle": null, "tunnel": null, "maxheight": null, "tracktype": null, "horse": null, "junction": null, "destination:symbol:backward": null, "covered": null, "tiger:name_type_3": null, "tiger:name_direction_prefix_3": null, "tiger:name_base_3": null, "tiger:name_base_2": null, "bridge:name": null, "layer": null, "bridge": null, "tiger:name_direction_prefix_1": null, "cycleway:right": null, "postal_code": "97138", "sidewalk:both:surface": null, "cycleway:both": null, "smoothness": null, "motor_vehicle": null, "lit": null, "foot": null, "bicycle": null, "tiger:name_type_1": null, "tiger:name_base_1": null, "tiger:name_direction_prefix": null, "overtaking": "forward", "change:forward": null, "change:backward": "no", "turn:both_ways": null, "sidewalk": "both", "maxspeed": null, "lanes:forward": "2", "lanes:both_ways": null, "lanes:backward": "1", "cycleway": null, "change:both_ways": null, "alt_name": null, "access": null, "lane_markings": null, "oneway": null, "tiger:upload_uuid": null, "tiger:tlid": null, "tiger:source": null, "tiger:separated": null, "service": null, "source:hgv:national_network": null, "ref": null, "old_ref": null, "hgv:national_network": null, "hgv": null, "NHS": null, "surface": "asphalt", "lanes": "3", "tiger:reviewed": null, "tiger:name_type": null, "tiger:name_base": null, "tiger:county": null, "tiger:cfcc": null, "name": "12th Avenue" }, "geometry": { "type": "LineString", "coordinates": [ [ -123.9160609, 46.0015141 ], [ -123.9164791, 46.0015119 ] ] } },
{ "type": "Feature", "properties": { "full_id": "w931608771", "osm_id": "931608771", "osm_type": "way", "highway": "footway", "tidal": null, "flood_prone": null, "beach:name": null, "turn:lanes": null, "placement": null, "change:lanes": null, "destination:ref:lanes:forward": null, "turn:backward": null, "turn:forward": null, "placement:both_ways": null, "destination:symbol:forward": null, "destination:ref:lanes:backward": null, "destination:lanes:backward": null, "destination:ref:backward": null, "destination:backward": null, "turn:lanes:backward": null, "placement:forward": null, "cycleway:left": null, "change:lanes:backward": null, "turn:lanes:forward": null, "destination:symbol:lanes:forward": null, "destination:lanes:forward": null, "check_date:surface": null, "crossing": null, "change:lanes:forward": null, "dog": null, "psv": null, "emergency": null, "tactile_paving": null, "step_count": null, "ramp": null, "incline": null, "handrail": null, "footway": "sidewalk", "segregated": null, "railway": null, "noname": null, "vehicle": null, "tunnel": null, "maxheight": null, "tracktype": null, "horse": null, "junction": null, "destination:symbol:backward": null, "covered": null, "tiger:name_type_3": null, "tiger:name_direction_prefix_3": null, "tiger:name_base_3": null, "tiger:name_base_2": null, "bridge:name": null, "layer": null, "bridge": null, "tiger:name_direction_prefix_1": null, "cycleway:right": null, "postal_code": null, "sidewalk:both:surface": null, "cycleway:both": null, "smoothness": null, "motor_vehicle": null, "lit": null, "foot": null, "bicycle": null, "tiger:name_type_1": null, "tiger:name_base_1": null, "tiger:name_direction_prefix": null, "overtaking": null, "change:forward": null, "change:backward": null, "turn:both_ways": null, "sidewalk": null, "maxspeed": null, "lanes:forward": null, "lanes:both_ways": null, "lanes:backward": null, "cycleway": null, "change:both_ways": null, "alt_name": null, "access": null, "lane_markings": null, "oneway": null, "tiger:upload_uuid": null, "tiger:tlid": null, "tiger:source": null, "tiger:separated": null, "service": null, "source:hgv:national_network": null, "ref": null, "old_ref": null, "hgv:national_network": null, "hgv": null, "NHS": null, "surface": null, "lanes": null, "tiger:reviewed": null, "tiger:name_type": null, "tiger:name_base": null, "tiger:county": null, "tiger:cfcc": null, "name": null }, "geometry": { "type": "LineString", "coordinates": [ [ -123.9273435, 45.9882781 ], [ -123.9276278, 45.9872307 ] ] } },
{ "type": "Feature", "properties": { "full_id": "w832995809", "osm_id": "832995809", "osm_type": "way", "highway": "tertiary", "tidal": null, "flood_prone": null, "beach:name": null, "turn:lanes": null, "placement": null, "change:lanes": null, "destination:ref:lanes:forward": null, "turn:backward": null, "turn:forward": null, "placement:both_ways": null, "destination:symbol:forward": null, "destination:ref:lanes:backward": null, "destination:lanes:backward": null, "destination:ref:backward": null, "destination:backward": null, "turn:lanes:backward": null, "placement:forward": null, "cycleway:left": null, "change:lanes:backward": null, "turn:lanes:forward": null, "destination:symbol:lanes:forward": null, "destination:lanes:forward": null, "check_date:surface": null, "crossing": null, "change:lanes:forward": null, "dog": null, "psv": null, "emergency": null, "tactile_paving": null, "step_count": null, "ramp": null, "incline": null, "handrail": null, "footway": null, "segregated": null, "railway": null, "noname": null, "vehicle": null, "tunnel": null, "maxheight": null, "tracktype": null, "horse": null, "junction": null, "destination:symbol:backward": null, "covered": null, "tiger:name_type_3": null, "tiger:name_direction_prefix_3": null, "tiger:name_base_3": null, "tiger:name_base_2": null, "bridge:name": null, "layer": null, "bridge": null, "tiger:name_direction_prefix_1": null, "cycleway:right": null, "postal_code": null, "sidewalk:both:surface": null, "cycleway:both": null, "smoothness": null, "motor_vehicle": null, "lit": null, "foot": null, "bicycle": null, "tiger:name_type_1": null, "tiger:name_base_1": null, "tiger:name_direction_prefix": null, "overtaking": null, "change:forward": null, "change:backward": null, "turn:both_ways": null, "sidewalk": null, "maxspeed": null, "lanes:forward": null, "lanes:both_ways": null, "lanes:backward": null, "cycleway": null, "change:both_ways": null, "alt_name": null, "access": null, "lane_markings": null, "oneway": null, "tiger:upload_uuid": null, "tiger:tlid": null, "tiger:source": null, "tiger:separated": null, "service": null, "source:hgv:national_network": null, "ref": null, "old_ref": null, "hgv:national_network": null, "hgv": null, "NHS": null, "surface": null, "lanes": null, "tiger:reviewed": "no", "tiger:name_type": "St", "tiger:name_base": "Broadway", "tiger:county": "Clatsop, OR", "tiger:cfcc": "A41", "name": "Broadway Street" }, "geometry": { "type": "LineString", "coordinates": [ [ -123.9125368, 45.9931778 ], [ -123.9144332, 45.9931493 ] ] } },
{ "type": "Feature", "properties": { "full_id": "w827438329", "osm_id": "827438329", "osm_type": "way", "highway": "tertiary", "tidal": null, "flood_prone": null, "beach:name": null, "turn:lanes": null, "placement": null, "change:lanes": null, "destination:ref:lanes:forward": null, "turn:backward": null, "turn:forward": null, "placement:both_ways": null, "destination:symbol:forward": null, "destination:ref:lanes:backward": null, "destination:lanes:backward": null, "destination:ref:backward": null, "destination:backward": null, "turn:lanes:backward": null, "placement:forward": null, "cycleway:left": null, "change:lanes:backward": null, "turn:lanes:forward": null, "destination:symbol:lanes:forward": null, "destination:lanes:forward": null, "check_date:surface": null, "crossing": null, "change:lanes:forward": "not_left|yes", "dog": null, "psv": null, "emergency": null, "tactile_paving": null, "step_count": null, "ramp": null, "incline": null, "handrail": null, "footway": null, "segregated": null, "railway": null, "noname": null, "vehicle": null, "tunnel": null, "maxheight": null, "tracktype": null, "horse": null, "junction": null, "destination:symbol:backward": null, "covered": null, "tiger:name_type_3": null, "tiger:name_direction_prefix_3": null, "tiger:name_base_3": null, "tiger:name_base_2": null, "bridge:name": null, "layer": null, "bridge": null, "tiger:name_direction_prefix_1": null, "cycleway:right": null, "postal_code": "97138", "sidewalk:both:surface": null, "cycleway:both": null, "smoothness": null, "motor_vehicle": null, "lit": null, "foot": null, "bicycle": null, "tiger:name_type_1": null, "tiger:name_base_1": null, "tiger:name_direction_prefix": null, "overtaking": "forward", "change:forward": null, "change:backward": "no", "turn:both_ways": null, "sidewalk": "both", "maxspeed": null, "lanes:forward": "2", "lanes:both_ways": null, "lanes:backward": "1", "cycleway": null, "change:both_ways": null, "alt_name": null, "access": null, "lane_markings": null, "oneway": null, "tiger:upload_uuid": null, "tiger:tlid": null, "tiger:source": null, "tiger:separated": null, "service": null, "source:hgv:national_network": null, "ref": null, "old_ref": null, "hgv:national_network": null, "hgv": null, "NHS": null, "surface": "asphalt", "lanes": "3", "tiger:reviewed": null, "tiger:name_type": null, "tiger:name_base": null, "tiger:county": null, "tiger:cfcc": null, "name": "12th Avenue" }, "geometry": { "type": "LineString", "coordinates": [ [ -123.9158547, 46.0015152 ], [ -123.9160609, 46.0015141 ] ] } },
{ "type": "Feature", "properties": { "full_id": "w589352200", "osm_id": "589352200", "osm_type": "way", "highway": "tertiary", "tidal": null, "flood_prone": null, "beach:name": null, "turn:lanes": null, "placement": null, "change:lanes": null, "destination:ref:lanes:forward": null, "turn:backward": null, "turn:forward": null, "placement:both_ways": null, "destination:symbol:forward": null, "destination:ref:lanes:backward": null, "destination:lanes:backward": null, "destination:ref:backward": null, "destination:backward": null, "turn:lanes:backward": null, "placement:forward": null, "cycleway:left": null, "change:lanes:backward": null, "turn:lanes:forward": null, "destination:symbol:lanes:forward": null, "destination:lanes:forward": null, "check_date:surface": null, "crossing": null, "change:lanes:forward": null, "dog": null, "psv": null, "emergency": null, "tactile_paving": null, "step_count": null, "ramp": null, "incline": null, "handrail": null, "footway": null, "segregated": null, "railway": null, "noname": null, "vehicle": null, "tunnel": null, "maxheight": null, "tracktype": null, "horse": null, "junction": null, "destination:symbol:backward": null, "covered": null, "tiger:name_type_3": null, "tiger:name_direction_prefix_3": null, "tiger:name_base_3": null, "tiger:name_base_2": null, "bridge:name": null, "layer": null, "bridge": null, "tiger:name_direction_prefix_1": null, "cycleway:right": null, "postal_code": "97138", "sidewalk:both:surface": null, "cycleway:both": null, "smoothness": null, "motor_vehicle": null, "lit": null, "foot": null, "bicycle": null, "tiger:name_type_1": null, "tiger:name_base_1": null, "tiger:name_direction_prefix": null, "overtaking": null, "change:forward": null, "change:backward": null, "turn:both_ways": null, "sidewalk": null, "maxspeed": null, "lanes:forward": null, "lanes:both_ways": null, "lanes:backward": null, "cycleway": null, "change:both_ways": null, "alt_name": null, "access": null, "lane_markings": null, "oneway": null, "tiger:upload_uuid": null, "tiger:tlid": null, "tiger:source": null, "tiger:separated": null, "service": null, "source:hgv:national_network": null, "ref": null, "old_ref": null, "hgv:national_network": null, "hgv": null, "NHS": null, "surface": null, "lanes": null, "tiger:reviewed": null, "tiger:name_type": null, "tiger:name_base": null, "tiger:county": null, "tiger:cfcc": null, "name": "12th Avenue" }, "geometry": { "type": "LineString", "coordinates": [ [ -123.9206687, 46.0015279 ], [ -123.9207836, 46.001521 ], [ -123.921627, 46.0015197 ] ] } },
{ "type": "Feature", "properties": { "full_id": "w66646826", "osm_id": "66646826", "osm_type": "way", "highway": "secondary", "tidal": null, "flood_prone": null, "beach:name": null, "turn:lanes": null, "placement": null, "change:lanes": null, "destination:ref:lanes:forward": null, "turn:backward": null, "turn:forward": null, "placement:both_ways": null, "destination:symbol:forward": null, "destination:ref:lanes:backward": null, "destination:lanes:backward": null, "destination:ref:backward": null, "destination:backward": null, "turn:lanes:backward": null, "placement:forward": null, "cycleway:left": null, "change:lanes:backward": null, "turn:lanes:forward": null, "destination:symbol:lanes:forward": null, "destination:lanes:forward": null, "check_date:surface": null, "crossing": null, "change:lanes:forward": null, "dog": null, "psv": null, "emergency": null, "tactile_paving": null, "step_count": null, "ramp": null, "incline": null, "handrail": null, "footway": null, "segregated": null, "railway": null, "noname": null, "vehicle": null, "tunnel": null, "maxheight": null, "tracktype": null, "horse": null, "junction": null, "destination:symbol:backward": null, "covered": null, "tiger:name_type_3": null, "tiger:name_direction_prefix_3": null, "tiger:name_base_3": null, "tiger:name_base_2": null, "bridge:name": "Pearl Harbor Memorial Bridge", "layer": "1", "bridge": "yes", "tiger:name_direction_prefix_1": null, "cycleway:right": null, "postal_code": null, "sidewalk:both:surface": null, "cycleway:both": "no", "smoothness": null, "motor_vehicle": null, "lit": null, "foot": null, "bicycle": null, "tiger:name_type_1": null, "tiger:name_base_1": null, "tiger:name_direction_prefix": null, "overtaking": null, "change:forward": null, "change:backward": null, "turn:both_ways": null, "sidewalk": null, "maxspeed": null, "lanes:forward": null, "lanes:both_ways": null, "lanes:backward": null, "cycleway": null, "change:both_ways": null, "alt_name": null, "access": null, "lane_markings": null, "oneway": null, "tiger:upload_uuid": null, "tiger:tlid": null, "tiger:source": null, "tiger:separated": null, "service": null, "source:hgv:national_network": null, "ref": null, "old_ref": null, "hgv:national_network": null, "hgv": null, "NHS": null, "surface": "asphalt", "lanes": "2", "tiger:reviewed": null, "tiger:name_type": "Ave", "tiger:name_base": "1st", "tiger:county": "Clatsop, OR", "tiger:cfcc": "A41", "name": "1st Avenue" }, "geometry": { "type": "LineString", "coordinates": [ [ -123.9246307, 45.9945162 ], [ -123.9237967, 45.9945507 ] ] } },
{ "type": "Feature", "properties": { "full_id": "w158904778", "osm_id": "158904778", "osm_type": "way", "highway": "residential", "tidal": null, "flood_prone": null, "beach:name": null, "turn:lanes": null, "placement": null, "change:lanes": null, "destination:ref:lanes:forward": null, "turn:backward": null, "turn:forward": null, "placement:both_ways": null, "destination:symbol:forward": null, "destination:ref:lanes:backward": null, "destination:lanes:backward": null, "destination:ref:backward": null, "destination:backward": null, "turn:lanes:backward": null, "placement:forward": null, "cycleway:left": null, "change:lanes:backward": null, "turn:lanes:forward": null, "destination:symbol:lanes:forward": null, "destination:lanes:forward": null, "check_date:surface": null, "crossing": null, "change:lanes:forward": null, "dog": null, "psv": null, "emergency": null, "tactile_paving": null, "step_count": null, "ramp": null, "incline": null, "handrail": null, "footway": null, "segregated": null, "railway": null, "noname": null, "vehicle": null, "tunnel": null, "maxheight": null, "tracktype": null, "horse": null, "junction": null, "destination:symbol:backward": null, "covered": null, "tiger:name_type_3": null, "tiger:name_direction_prefix_3": null, "tiger:name_base_3": null, "tiger:name_base_2": null, "bridge:name": null, "layer": null, "bridge": null, "tiger:name_direction_prefix_1": null, "cycleway:right": null, "postal_code": null, "sidewalk:both:surface": null, "cycleway:both": null, "smoothness": null, "motor_vehicle": null, "lit": null, "foot": null, "bicycle": null, "tiger:name_type_1": null, "tiger:name_base_1": null, "tiger:name_direction_prefix": null, "overtaking": null, "change:forward": null, "change:backward": null, "turn:both_ways": null, "sidewalk": null, "maxspeed": null, "lanes:forward": null, "lanes:both_ways": null, "lanes:backward": null, "cycleway": null, "change:both_ways": null, "alt_name": null, "access": null, "lane_markings": null, "oneway": null, "tiger:upload_uuid": null, "tiger:tlid": "159230385:159230386", "tiger:source": "tiger_import_dch_v0.6_20070808", "tiger:separated": "no", "service": null, "source:hgv:national_network": null, "ref": null, "old_ref": null, "hgv:national_network": null, "hgv": null, "NHS": null, "surface": "asphalt", "lanes": null, "tiger:reviewed": "no", "tiger:name_type": null, "tiger:name_base": "Avenue W", "tiger:county": "Clatsop, OR", "tiger:cfcc": "A41", "name": "Avenue W" }, "geometry": { "type": "LineString", "coordinates": [ [ -123.9343142, 45.9781754 ], [ -123.934776, 45.97832 ] ] } },
{ "type": "Feature", "properties": { "full_id": "w234760864", "osm_id": "234760864", "osm_type": "way", "highway": "tertiary", "tidal": null, "flood_prone": null, "beach:name": null, "turn:lanes": null, "placement": null, "change:lanes": null, "destination:ref:lanes:forward": null, "turn:backward": null, "turn:forward": null, "placement:both_ways": null, "destination:symbol:forward": null, "destination:ref:lanes:backward": null, "destination:lanes:backward": null, "destination:ref:backward": null, "destination:backward": null, "turn:lanes:backward": null, "placement:forward": null, "cycleway:left": null, "change:lanes:backward": null, "turn:lanes:forward": null, "destination:symbol:lanes:forward": null, "destination:lanes:forward": null, "check_date:surface": null, "crossing": null, "change:lanes:forward": null, "dog": null, "psv": null, "emergency": null, "tactile_paving": null, "step_count": null, "ramp": null, "incline": null, "handrail": null, "footway": null, "segregated": null, "railway": null, "noname": null, "vehicle": null, "tunnel": null, "maxheight": null, "tracktype": null, "horse": null, "junction": null, "destination:symbol:backward": null, "covered": null, "tiger:name_type_3": null, "tiger:name_direction_prefix_3": null, "tiger:name_base_3": null, "tiger:name_base_2": null, "bridge:name": null, "layer": null, "bridge": null, "tiger:name_direction_prefix_1": null, "cycleway:right": null, "postal_code": null, "sidewalk:both:surface": null, "cycleway:both": null, "smoothness": null, "motor_vehicle": null, "lit": null, "foot": null, "bicycle": null, "tiger:name_type_1": null, "tiger:name_base_1": null, "tiger:name_direction_prefix": null, "overtaking": null, "change:forward": null, "change:backward": null, "turn:both_ways": null, "sidewalk": null, "maxspeed": null, "lanes:forward": null, "lanes:both_ways": null, "lanes:backward": null, "cycleway": null, "change:both_ways": null, "alt_name": null, "access": null, "lane_markings": null, "oneway": null, "tiger:upload_uuid": null, "tiger:tlid": null, "tiger:source": null, "tiger:separated": null, "service": null, "source:hgv:national_network": null, "ref": null, "old_ref": null, "hgv:national_network": null, "hgv": null, "NHS": null, "surface": "asphalt", "lanes": null, "tiger:reviewed": "no", "tiger:name_type": "Rd", "tiger:name_base": "Wahanna", "tiger:county": "Clatsop, OR", "tiger:cfcc": "A41", "name": "North Wahanna Road" }, "geometry": { "type": "LineString", "coordinates": [ [ -123.9119126, 46.0015465 ], [ -123.911841, 46.0021985 ] ] } },
{ "type": "Feature", "properties": { "full_id": "w5319607", "osm_id": "5319607", "osm_type": "way", "highway": "residential", "tidal": null, "flood_prone": null, "beach:name": null, "turn:lanes": null, "placement": null, "change:lanes": null, "destination:ref:lanes:forward": null, "turn:backward": null, "turn:forward": null, "placement:both_ways": null, "destination:symbol:forward": null, "destination:ref:lanes:backward": null, "destination:lanes:backward": null, "destination:ref:backward": null, "destination:backward": null, "turn:lanes:backward": null, "placement:forward": null, "cycleway:left": null, "change:lanes:backward": null, "turn:lanes:forward": null, "destination:symbol:lanes:forward": null, "destination:lanes:forward": null, "check_date:surface": null, "crossing": null, "change:lanes:forward": null, "dog": null, "psv": null, "emergency": null, "tactile_paving": null, "step_count": null, "ramp": null, "incline": null, "handrail": null, "footway": null, "segregated": null, "railway": null, "noname": null, "vehicle": null, "tunnel": null, "maxheight": null, "tracktype": null, "horse": null, "junction": null, "destination:symbol:backward": null, "covered": null, "tiger:name_type_3": null, "tiger:name_direction_prefix_3": null, "tiger:name_base_3": null, "tiger:name_base_2": null, "bridge:name": null, "layer": null, "bridge": null, "tiger:name_direction_prefix_1": null, "cycleway:right": null, "postal_code": null, "sidewalk:both:surface": null, "cycleway:both": null, "smoothness": null, "motor_vehicle": null, "lit": null, "foot": null, "bicycle": null, "tiger:name_type_1": null, "tiger:name_base_1": null, "tiger:name_direction_prefix": null, "overtaking": null, "change:forward": null, "change:backward": null, "turn:both_ways": null, "sidewalk": null, "maxspeed": null, "lanes:forward": null, "lanes:both_ways": null, "lanes:backward": null, "cycleway": null, "change:both_ways": null, "alt_name": null, "access": null, "lane_markings": null, "oneway": null, "tiger:upload_uuid": null, "tiger:tlid": null, "tiger:source": null, "tiger:separated": null, "service": null, "source:hgv:national_network": null, "ref": null, "old_ref": null, "hgv:national_network": null, "hgv": null, "NHS": null, "surface": null, "lanes": null, "tiger:reviewed": null, "tiger:name_type": "Dr", "tiger:name_base": "Whispering Pines", "tiger:county": "Clatsop, OR", "tiger:cfcc": "A41", "name": "Whispering Pines Drive" }, "geometry": { "type": "LineString", "coordinates": [ [ -123.9135527, 45.9904472 ], [ -123.9134765, 45.9904042 ], [ -123.9131433, 45.9903574 ], [ -123.9129061, 45.9903119 ], [ -123.911763, 45.9903188 ] ] } },
{ "type": "Feature", "properties": { "full_id": "w66648398", "osm_id": "66648398", "osm_type": "way", "highway": "residential", "tidal": null, "flood_prone": null, "beach:name": null, "turn:lanes": null, "placement": null, "change:lanes": null, "destination:ref:lanes:forward": null, "turn:backward": null, "turn:forward": null, "placement:both_ways": null, "destination:symbol:forward": null, "destination:ref:lanes:backward": null, "destination:lanes:backward": null, "destination:ref:backward": null, "destination:backward": null, "turn:lanes:backward": null, "placement:forward": null, "cycleway:left": null, "change:lanes:backward": null, "turn:lanes:forward": null, "destination:symbol:lanes:forward": null, "destination:lanes:forward": null, "check_date:surface": null, "crossing": null, "change:lanes:forward": null, "dog": null, "psv": null, "emergency": null, "tactile_paving": null, "step_count": null, "ramp": null, "incline": null, "handrail": null, "footway": null, "segregated": null, "railway": null, "noname": null, "vehicle": null, "tunnel": null, "maxheight": null, "tracktype": null, "horse": null, "junction": null, "destination:symbol:backward": null, "covered": null, "tiger:name_type_3": null, "tiger:name_direction_prefix_3": null, "tiger:name_base_3": null, "tiger:name_base_2": null, "bridge:name": null, "layer": null, "bridge": null, "tiger:name_direction_prefix_1": null, "cycleway:right": null, "postal_code": "97138", "sidewalk:both:surface": "concrete", "cycleway:both": "no", "smoothness": null, "motor_vehicle": null, "lit": "yes", "foot": null, "bicycle": null, "tiger:name_type_1": null, "tiger:name_base_1": null, "tiger:name_direction_prefix": null, "overtaking": null, "change:forward": null, "change:backward": null, "turn:both_ways": null, "sidewalk": "both", "maxspeed": null, "lanes:forward": null, "lanes:both_ways": null, "lanes:backward": null, "cycleway": null, "change:both_ways": null, "alt_name": null, "access": null, "lane_markings": "no", "oneway": null, "tiger:upload_uuid": null, "tiger:tlid": null, "tiger:source": null, "tiger:separated": null, "service": null, "source:hgv:national_network": null, "ref": null, "old_ref": null, "hgv:national_network": null, "hgv": null, "NHS": null, "surface": "asphalt", "lanes": null, "tiger:reviewed": null, "tiger:name_type": null, "tiger:name_base": null, "tiger:county": null, "tiger:cfcc": null, "name": "North Downing Street" }, "geometry": { "type": "LineString", "coordinates": [ [ -123.9268618, 45.9944422 ], [ -123.9268482, 45.9945119 ], [ -123.9268474, 45.9946173 ], [ -123.9268337, 45.9950635 ], [ -123.9268393, 45.9956895 ], [ -123.9268284, 45.9963225 ], [ -123.9268153, 45.997138 ] ] } },
{ "type": "Feature", "properties": { "full_id": "w1119072915", "osm_id": "1119072915", "osm_type": "way", "highway": "trunk", "tidal": null, "flood_prone": null, "beach:name": null, "turn:lanes": null, "placement": null, "change:lanes": null, "destination:ref:lanes:forward": null, "turn:backward": null, "turn:forward": null, "placement:both_ways": null, "destination:symbol:forward": null, "destination:ref:lanes:backward": null, "destination:lanes:backward": null, "destination:ref:backward": null, "destination:backward": null, "turn:lanes:backward": "through|right", "placement:forward": "left_of:1", "cycleway:left": "lane", "change:lanes:backward": "not_left|yes", "turn:lanes:forward": null, "destination:symbol:lanes:forward": null, "destination:lanes:forward": null, "check_date:surface": null, "crossing": null, "change:lanes:forward": null, "dog": null, "psv": null, "emergency": null, "tactile_paving": null, "step_count": null, "ramp": null, "incline": null, "handrail": null, "footway": null, "segregated": null, "railway": null, "noname": null, "vehicle": null, "tunnel": null, "maxheight": null, "tracktype": null, "horse": null, "junction": null, "destination:symbol:backward": null, "covered": null, "tiger:name_type_3": null, "tiger:name_direction_prefix_3": null, "tiger:name_base_3": null, "tiger:name_base_2": null, "bridge:name": null, "layer": null, "bridge": null, "tiger:name_direction_prefix_1": null, "cycleway:right": null, "postal_code": null, "sidewalk:both:surface": null, "cycleway:both": null, "smoothness": null, "motor_vehicle": null, "lit": null, "foot": null, "bicycle": null, "tiger:name_type_1": null, "tiger:name_base_1": null, "tiger:name_direction_prefix": null, "overtaking": "no", "change:forward": "no", "change:backward": null, "turn:both_ways": null, "sidewalk": null, "maxspeed": "35 mph", "lanes:forward": "1", "lanes:both_ways": null, "lanes:backward": "2", "cycleway": null, "change:both_ways": null, "alt_name": "Oregon Coast Highway", "access": null, "lane_markings": null, "oneway": null, "tiger:upload_uuid": null, "tiger:tlid": null, "tiger:source": null, "tiger:separated": null, "service": null, "source:hgv:national_network": "Title 23: Highways Part 658 http://ecfr.gpoaccess.gov/cgi/t/text/text-idx?c=ecfr&rgn=div5&view=text&node=23:1.0.1.7.33&idno=23", "ref": "US 101", "old_ref": "US 26", "hgv:national_network": "yes", "hgv": "designated", "NHS": "STRAHNET", "surface": "asphalt", "lanes": "3", "tiger:reviewed": null, "tiger:name_type": null, "tiger:name_base": null, "tiger:county": null, "tiger:cfcc": null, "name": "South Roosevelt Drive" }, "geometry": { "type": "LineString", "coordinates": [ [ -123.9280757, 45.9764283 ], [ -123.9280485, 45.9765766 ], [ -123.9280066, 45.976705 ] ] } },
{ "type": "Feature", "properties": { "full_id": "w237758608", "osm_id": "237758608", "osm_type": "way", "highway": "tertiary", "tidal": null, "flood_prone": null, "beach:name": null, "turn:lanes": null, "placement": null, "change:lanes": null, "destination:ref:lanes:forward": null, "turn:backward": null, "turn:forward": null, "placement:both_ways": null, "destination:symbol:forward": null, "destination:ref:lanes:backward": null, "destination:lanes:backward": null, "destination:ref:backward": null, "destination:backward": null, "turn:lanes:backward": null, "placement:forward": null, "cycleway:left": null, "change:lanes:backward": null, "turn:lanes:forward": null, "destination:symbol:lanes:forward": null, "destination:lanes:forward": null, "check_date:surface": null, "crossing": null, "change:lanes:forward": null, "dog": null, "psv": null, "emergency": null, "tactile_paving": null, "step_count": null, "ramp": null, "incline": null, "handrail": null, "footway": null, "segregated": null, "railway": null, "noname": null, "vehicle": null, "tunnel": null, "maxheight": null, "tracktype": null, "horse": null, "junction": null, "destination:symbol:backward": null, "covered": null, "tiger:name_type_3": null, "tiger:name_direction_prefix_3": null, "tiger:name_base_3": null, "tiger:name_base_2": null, "bridge:name": null, "layer": "1", "bridge": "yes", "tiger:name_direction_prefix_1": null, "cycleway:right": null, "postal_code": "97138", "sidewalk:both:surface": null, "cycleway:both": null, "smoothness": null, "motor_vehicle": null, "lit": null, "foot": null, "bicycle": null, "tiger:name_type_1": null, "tiger:name_base_1": null, "tiger:name_direction_prefix": null, "overtaking": "no", "change:forward": "no", "change:backward": "no", "turn:both_ways": null, "sidewalk": "both", "maxspeed": null, "lanes:forward": null, "lanes:both_ways": null, "lanes:backward": null, "cycleway": null, "change:both_ways": null, "alt_name": null, "access": null, "lane_markings": null, "oneway": null, "tiger:upload_uuid": null, "tiger:tlid": null, "tiger:source": null, "tiger:separated": null, "service": null, "source:hgv:national_network": null, "ref": null, "old_ref": null, "hgv:national_network": null, "hgv": null, "NHS": null, "surface": "asphalt", "lanes": "2", "tiger:reviewed": null, "tiger:name_type": null, "tiger:name_base": null, "tiger:county": null, "tiger:cfcc": null, "name": "12th Avenue" }, "geometry": { "type": "LineString", "coordinates": [ [ -123.9142223, 46.0015339 ], [ -123.9151357, 46.0015208 ] ] } },
{ "type": "Feature", "properties": { "full_id": "w1119180180", "osm_id": "1119180180", "osm_type": "way", "highway": "trunk", "tidal": null, "flood_prone": null, "beach:name": null, "turn:lanes": null, "placement": null, "change:lanes": null, "destination:ref:lanes:forward": null, "turn:backward": null, "turn:forward": null, "placement:both_ways": null, "destination:symbol:forward": null, "destination:ref:lanes:backward": null, "destination:lanes:backward": null, "destination:ref:backward": null, "destination:backward": "Astoria", "turn:lanes:backward": null, "placement:forward": null, "cycleway:left": null, "change:lanes:backward": null, "turn:lanes:forward": null, "destination:symbol:lanes:forward": null, "destination:lanes:forward": null, "check_date:surface": null, "crossing": null, "change:lanes:forward": null, "dog": null, "psv": null, "emergency": null, "tactile_paving": null, "step_count": null, "ramp": null, "incline": null, "handrail": null, "footway": null, "segregated": null, "railway": null, "noname": null, "vehicle": null, "tunnel": null, "maxheight": null, "tracktype": null, "horse": null, "junction": null, "destination:symbol:backward": null, "covered": null, "tiger:name_type_3": null, "tiger:name_direction_prefix_3": null, "tiger:name_base_3": null, "tiger:name_base_2": null, "bridge:name": null, "layer": null, "bridge": null, "tiger:name_direction_prefix_1": null, "cycleway:right": null, "postal_code": "97138", "sidewalk:both:surface": null, "cycleway:both": null, "smoothness": null, "motor_vehicle": null, "lit": null, "foot": null, "bicycle": null, "tiger:name_type_1": null, "tiger:name_base_1": null, "tiger:name_direction_prefix": null, "overtaking": null, "change:forward": null, "change:backward": null, "turn:both_ways": "left", "sidewalk": null, "maxspeed": "35 mph", "lanes:forward": "1", "lanes:both_ways": "1", "lanes:backward": "1", "cycleway": "lane", "change:both_ways": "not_left", "alt_name": "Oregon Coast Hwy", "access": null, "lane_markings": null, "oneway": null, "tiger:upload_uuid": null, "tiger:tlid": null, "tiger:source": null, "tiger:separated": null, "service": null, "source:hgv:national_network": "Title 23: Highways Part 658 http://ecfr.gpoaccess.gov/cgi/t/text/text-idx?c=ecfr&rgn=div5&view=text&node=23:1.0.1.7.33&idno=23", "ref": "US 101", "old_ref": "US 26", "hgv:national_network": "yes", "hgv": "designated", "NHS": "STRAHNET", "surface": "asphalt", "lanes": "3", "tiger:reviewed": null, "tiger:name_type": null, "tiger:name_base": null, "tiger:county": null, "tiger:cfcc": null, "name": "South Roosevelt Drive" }, "geometry": { "type": "LineString", "coordinates": [ [ -123.9232394, 45.9856568 ], [ -123.9232891, 45.9855993 ], [ -123.9233896, 45.9855061 ], [ -123.9236244, 45.9853264 ] ] } },
{ "type": "Feature", "properties": { "full_id": "w5319480", "osm_id": "5319480", "osm_type": "way", "highway": "tertiary", "tidal": null, "flood_prone": null, "beach:name": null, "turn:lanes": null, "placement": null, "change:lanes": null, "destination:ref:lanes:forward": null, "turn:backward": null, "turn:forward": null, "placement:both_ways": null, "destination:symbol:forward": null, "destination:ref:lanes:backward": null, "destination:lanes:backward": null, "destination:ref:backward": null, "destination:backward": null, "turn:lanes:backward": null, "placement:forward": null, "cycleway:left": null, "change:lanes:backward": null, "turn:lanes:forward": null, "destination:symbol:lanes:forward": null, "destination:lanes:forward": null, "check_date:surface": null, "crossing": null, "change:lanes:forward": null, "dog": null, "psv": null, "emergency": null, "tactile_paving": null, "step_count": null, "ramp": null, "incline": null, "handrail": null, "footway": null, "segregated": null, "railway": null, "noname": null, "vehicle": null, "tunnel": null, "maxheight": null, "tracktype": null, "horse": null, "junction": null, "destination:symbol:backward": null, "covered": null, "tiger:name_type_3": null, "tiger:name_direction_prefix_3": null, "tiger:name_base_3": null, "tiger:name_base_2": null, "bridge:name": null, "layer": null, "bridge": null, "tiger:name_direction_prefix_1": null, "cycleway:right": null, "postal_code": null, "sidewalk:both:surface": null, "cycleway:both": "no", "smoothness": null, "motor_vehicle": null, "lit": null, "foot": null, "bicycle": null, "tiger:name_type_1": null, "tiger:name_base_1": null, "tiger:name_direction_prefix": "S", "overtaking": null, "change:forward": null, "change:backward": null, "turn:both_ways": null, "sidewalk": null, "maxspeed": null, "lanes:forward": null, "lanes:both_ways": null, "lanes:backward": null, "cycleway": null, "change:both_ways": null, "alt_name": null, "access": null, "lane_markings": null, "oneway": null, "tiger:upload_uuid": null, "tiger:tlid": null, "tiger:source": null, "tiger:separated": null, "service": null, "source:hgv:national_network": null, "ref": null, "old_ref": null, "hgv:national_network": null, "hgv": null, "NHS": null, "surface": "asphalt", "lanes": "2", "tiger:reviewed": null, "tiger:name_type": "St", "tiger:name_base": "Columbia", "tiger:county": "Clatsop, OR", "tiger:cfcc": "A41", "name": "South Columbia Street" }, "geometry": { "type": "LineString", "coordinates": [ [ -123.9277509, 45.9922752 ], [ -123.9277524, 45.9925354 ], [ -123.9277541, 45.9927254 ], [ -123.9277578, 45.9931338 ], [ -123.9277583, 45.9931828 ] ] } },
{ "type": "Feature", "properties": { "full_id": "w245957928", "osm_id": "245957928", "osm_type": "way", "highway": "trunk", "tidal": null, "flood_prone": null, "beach:name": null, "turn:lanes": null, "placement": null, "change:lanes": null, "destination:ref:lanes:forward": null, "turn:backward": null, "turn:forward": null, "placement:both_ways": null, "destination:symbol:forward": null, "destination:ref:lanes:backward": null, "destination:lanes:backward": null, "destination:ref:backward": null, "destination:backward": null, "turn:lanes:backward": null, "placement:forward": null, "cycleway:left": null, "change:lanes:backward": null, "turn:lanes:forward": null, "destination:symbol:lanes:forward": null, "destination:lanes:forward": null, "check_date:surface": null, "crossing": null, "change:lanes:forward": null, "dog": null, "psv": null, "emergency": null, "tactile_paving": null, "step_count": null, "ramp": null, "incline": null, "handrail": null, "footway": null, "segregated": null, "railway": null, "noname": null, "vehicle": null, "tunnel": null, "maxheight": null, "tracktype": null, "horse": null, "junction": null, "destination:symbol:backward": null, "covered": null, "tiger:name_type_3": null, "tiger:name_direction_prefix_3": null, "tiger:name_base_3": null, "tiger:name_base_2": null, "bridge:name": null, "layer": null, "bridge": "yes", "tiger:name_direction_prefix_1": null, "cycleway:right": null, "postal_code": null, "sidewalk:both:surface": null, "cycleway:both": null, "smoothness": null, "motor_vehicle": null, "lit": null, "foot": null, "bicycle": null, "tiger:name_type_1": null, "tiger:name_base_1": null, "tiger:name_direction_prefix": null, "overtaking": "no", "change:forward": "no", "change:backward": "no", "turn:both_ways": null, "sidewalk": null, "maxspeed": "45 mph", "lanes:forward": null, "lanes:both_ways": null, "lanes:backward": null, "cycleway": null, "change:both_ways": null, "alt_name": "Oregon Coast Highway", "access": null, "lane_markings": null, "oneway": null, "tiger:upload_uuid": null, "tiger:tlid": null, "tiger:source": null, "tiger:separated": null, "service": null, "source:hgv:national_network": "Title 23: Highways Part 658 http://ecfr.gpoaccess.gov/cgi/t/text/text-idx?c=ecfr&rgn=div5&view=text&node=23:1.0.1.7.33&idno=23", "ref": "US 101", "old_ref": "US 26", "hgv:national_network": "yes", "hgv": "designated", "NHS": "STRAHNET", "surface": "asphalt", "lanes": "2", "tiger:reviewed": null, "tiger:name_type": null, "tiger:name_base": null, "tiger:county": null, "tiger:cfcc": null, "name": "South Roosevelt Drive" }, "geometry": { "type": "LineString", "coordinates": [ [ -123.9274118, 45.9746773 ], [ -123.9275356, 45.9749154 ] ] } },
{ "type": "Feature", "properties": { "full_id": "w1116011670", "osm_id": "1116011670", "osm_type": "way", "highway": "trunk", "tidal": null, "flood_prone": null, "beach:name": null, "turn:lanes": null, "placement": null, "change:lanes": null, "destination:ref:lanes:forward": null, "turn:backward": null, "turn:forward": null, "placement:both_ways": null, "destination:symbol:forward": null, "destination:ref:lanes:backward": null, "destination:lanes:backward": null, "destination:ref:backward": null, "destination:backward": null, "turn:lanes:backward": null, "placement:forward": null, "cycleway:left": null, "change:lanes:backward": null, "turn:lanes:forward": null, "destination:symbol:lanes:forward": null, "destination:lanes:forward": null, "check_date:surface": null, "crossing": null, "change:lanes:forward": null, "dog": null, "psv": null, "emergency": null, "tactile_paving": null, "step_count": null, "ramp": null, "incline": null, "handrail": null, "footway": null, "segregated": null, "railway": null, "noname": null, "vehicle": null, "tunnel": null, "maxheight": null, "tracktype": null, "horse": null, "junction": null, "destination:symbol:backward": null, "covered": null, "tiger:name_type_3": null, "tiger:name_direction_prefix_3": null, "tiger:name_base_3": null, "tiger:name_base_2": null, "bridge:name": null, "layer": null, "bridge": null, "tiger:name_direction_prefix_1": null, "cycleway:right": null, "postal_code": "97138", "sidewalk:both:surface": null, "cycleway:both": null, "smoothness": null, "motor_vehicle": null, "lit": null, "foot": null, "bicycle": null, "tiger:name_type_1": null, "tiger:name_base_1": null, "tiger:name_direction_prefix": null, "overtaking": null, "change:forward": null, "change:backward": null, "turn:both_ways": "left", "sidewalk": "no", "maxspeed": "35 mph", "lanes:forward": "1", "lanes:both_ways": "1", "lanes:backward": "1", "cycleway": "lane", "change:both_ways": "not_left", "alt_name": "Oregon Coast Hwy", "access": null, "lane_markings": null, "oneway": null, "tiger:upload_uuid": null, "tiger:tlid": null, "tiger:source": null, "tiger:separated": null, "service": null, "source:hgv:national_network": "Title 23: Highways Part 658 http://ecfr.gpoaccess.gov/cgi/t/text/text-idx?c=ecfr&rgn=div5&view=text&node=23:1.0.1.7.33&idno=23", "ref": "US 101", "old_ref": "US 26", "hgv:national_network": "yes", "hgv": "designated", "NHS": "STRAHNET", "surface": "asphalt", "lanes": "3", "tiger:reviewed": null, "tiger:name_type": null, "tiger:name_base": null, "tiger:county": null, "tiger:cfcc": null, "name": "South Roosevelt Drive" }, "geometry": { "type": "LineString", "coordinates": [ [ -123.9226972, 45.9868813 ], [ -123.9228333, 45.9865198 ], [ -123.9229437, 45.9862433 ], [ -123.9230609, 45.9859601 ], [ -123.9231639, 45.9857673 ], [ -123.9232394, 45.9856568 ] ] } },
{ "type": "Feature", "properties": { "full_id": "w246078325", "osm_id": "246078325", "osm_type": "way", "highway": "service", "tidal": null, "flood_prone": null, "beach:name": null, "turn:lanes": null, "placement": null, "change:lanes": null, "destination:ref:lanes:forward": null, "turn:backward": null, "turn:forward": null, "placement:both_ways": null, "destination:symbol:forward": null, "destination:ref:lanes:backward": null, "destination:lanes:backward": null, "destination:ref:backward": null, "destination:backward": null, "turn:lanes:backward": null, "placement:forward": null, "cycleway:left": null, "change:lanes:backward": null, "turn:lanes:forward": null, "destination:symbol:lanes:forward": null, "destination:lanes:forward": null, "check_date:surface": null, "crossing": null, "change:lanes:forward": null, "dog": null, "psv": null, "emergency": null, "tactile_paving": null, "step_count": null, "ramp": null, "incline": null, "handrail": null, "footway": null, "segregated": null, "railway": null, "noname": null, "vehicle": null, "tunnel": null, "maxheight": null, "tracktype": null, "horse": null, "junction": null, "destination:symbol:backward": null, "covered": null, "tiger:name_type_3": null, "tiger:name_direction_prefix_3": null, "tiger:name_base_3": null, "tiger:name_base_2": null, "bridge:name": null, "layer": null, "bridge": null, "tiger:name_direction_prefix_1": null, "cycleway:right": null, "postal_code": null, "sidewalk:both:surface": null, "cycleway:both": null, "smoothness": null, "motor_vehicle": null, "lit": null, "foot": null, "bicycle": null, "tiger:name_type_1": null, "tiger:name_base_1": null, "tiger:name_direction_prefix": null, "overtaking": null, "change:forward": null, "change:backward": null, "turn:both_ways": null, "sidewalk": null, "maxspeed": null, "lanes:forward": null, "lanes:both_ways": null, "lanes:backward": null, "cycleway": null, "change:both_ways": null, "alt_name": null, "access": "permissive", "lane_markings": null, "oneway": null, "tiger:upload_uuid": null, "tiger:tlid": null, "tiger:source": null, "tiger:separated": null, "service": "parking_aisle", "source:hgv:national_network": null, "ref": null, "old_ref": null, "hgv:national_network": null, "hgv": null, "NHS": null, "surface": "asphalt", "lanes": null, "tiger:reviewed": null, "tiger:name_type": null, "tiger:name_base": null, "tiger:county": null, "tiger:cfcc": null, "name": null }, "geometry": { "type": "LineString", "coordinates": [ [ -123.9266683, 45.9794308 ], [ -123.9258384, 45.9793584 ], [ -123.9258318, 45.9793884 ], [ -123.925805, 45.9795106 ], [ -123.9266433, 45.9795755 ] ] } },
{ "type": "Feature", "properties": { "full_id": "w158904797", "osm_id": "158904797", "osm_type": "way", "highway": "residential", "tidal": null, "flood_prone": null, "beach:name": null, "turn:lanes": null, "placement": null, "change:lanes": null, "destination:ref:lanes:forward": null, "turn:backward": null, "turn:forward": null, "placement:both_ways": null, "destination:symbol:forward": null, "destination:ref:lanes:backward": null, "destination:lanes:backward": null, "destination:ref:backward": null, "destination:backward": null, "turn:lanes:backward": null, "placement:forward": null, "cycleway:left": null, "change:lanes:backward": null, "turn:lanes:forward": null, "destination:symbol:lanes:forward": null, "destination:lanes:forward": null, "check_date:surface": null, "crossing": null, "change:lanes:forward": null, "dog": null, "psv": null, "emergency": null, "tactile_paving": null, "step_count": null, "ramp": null, "incline": null, "handrail": null, "footway": null, "segregated": null, "railway": null, "noname": null, "vehicle": null, "tunnel": null, "maxheight": null, "tracktype": null, "horse": null, "junction": null, "destination:symbol:backward": null, "covered": null, "tiger:name_type_3": null, "tiger:name_direction_prefix_3": null, "tiger:name_base_3": null, "tiger:name_base_2": null, "bridge:name": null, "layer": null, "bridge": null, "tiger:name_direction_prefix_1": null, "cycleway:right": null, "postal_code": null, "sidewalk:both:surface": null, "cycleway:both": null, "smoothness": null, "motor_vehicle": null, "lit": null, "foot": null, "bicycle": null, "tiger:name_type_1": null, "tiger:name_base_1": null, "tiger:name_direction_prefix": null, "overtaking": null, "change:forward": null, "change:backward": null, "turn:both_ways": null, "sidewalk": null, "maxspeed": null, "lanes:forward": null, "lanes:both_ways": null, "lanes:backward": null, "cycleway": null, "change:both_ways": null, "alt_name": null, "access": null, "lane_markings": null, "oneway": null, "tiger:upload_uuid": null, "tiger:tlid": null, "tiger:source": null, "tiger:separated": null, "service": null, "source:hgv:national_network": null, "ref": null, "old_ref": null, "hgv:national_network": null, "hgv": null, "NHS": null, "surface": null, "lanes": null, "tiger:reviewed": null, "tiger:name_type": null, "tiger:name_base": null, "tiger:county": null, "tiger:cfcc": null, "name": "Middle Fork Circle" }, "geometry": { "type": "LineString", "coordinates": [ [ -123.9014315, 46.0078685 ], [ -123.9009354, 46.0076905 ], [ -123.9008114, 46.007663 ], [ -123.9003999, 46.0075908 ], [ -123.9000829, 46.0075211 ], [ -123.8998153, 46.007466 ], [ -123.8997151, 46.0074516 ], [ -123.8996142, 46.007446 ], [ -123.8988983, 46.0074329 ], [ -123.898752, 46.0074381 ], [ -123.898666, 46.0074511 ], [ -123.8985795, 46.0074862 ], [ -123.8985057, 46.0075304 ], [ -123.8984486, 46.0075893 ], [ -123.8984198, 46.0076717 ], [ -123.8984165, 46.0077285 ], [ -123.8984376, 46.0077876 ], [ -123.8984734, 46.0078412 ], [ -123.8988052, 46.0081044 ], [ -123.8988811, 46.008139 ], [ -123.8989612, 46.0081621 ], [ -123.8990575, 46.008168 ], [ -123.8991896, 46.0081522 ], [ -123.8992801, 46.0081145 ], [ -123.8993383, 46.0080807 ], [ -123.8994999, 46.007917 ], [ -123.899568, 46.0078698 ], [ -123.8996467, 46.0078408 ], [ -123.89974, 46.0078263 ], [ -123.8998228, 46.00782 ], [ -123.8999151, 46.0078294 ], [ -123.9000149, 46.0078358 ], [ -123.9001125, 46.0078298 ], [ -123.900204, 46.0078097 ], [ -123.9002704, 46.0077842 ], [ -123.9003184, 46.007749 ], [ -123.9003999, 46.0075908 ] ] } },
{ "type": "Feature", "properties": { "full_id": "w74360363", "osm_id": "74360363", "osm_type": "way", "highway": "tertiary", "tidal": null, "flood_prone": null, "beach:name": null, "turn:lanes": null, "placement": null, "change:lanes": null, "destination:ref:lanes:forward": null, "turn:backward": null, "turn:forward": null, "placement:both_ways": null, "destination:symbol:forward": null, "destination:ref:lanes:backward": null, "destination:lanes:backward": null, "destination:ref:backward": null, "destination:backward": null, "turn:lanes:backward": null, "placement:forward": null, "cycleway:left": null, "change:lanes:backward": null, "turn:lanes:forward": null, "destination:symbol:lanes:forward": null, "destination:lanes:forward": null, "check_date:surface": null, "crossing": null, "change:lanes:forward": null, "dog": null, "psv": null, "emergency": null, "tactile_paving": null, "step_count": null, "ramp": null, "incline": null, "handrail": null, "footway": null, "segregated": null, "railway": null, "noname": null, "vehicle": null, "tunnel": null, "maxheight": null, "tracktype": null, "horse": null, "junction": null, "destination:symbol:backward": null, "covered": null, "tiger:name_type_3": null, "tiger:name_direction_prefix_3": null, "tiger:name_base_3": null, "tiger:name_base_2": null, "bridge:name": null, "layer": "1", "bridge": "yes", "tiger:name_direction_prefix_1": null, "cycleway:right": null, "postal_code": "97138", "sidewalk:both:surface": null, "cycleway:both": null, "smoothness": null, "motor_vehicle": null, "lit": null, "foot": null, "bicycle": null, "tiger:name_type_1": null, "tiger:name_base_1": null, "tiger:name_direction_prefix": null, "overtaking": null, "change:forward": null, "change:backward": null, "turn:both_ways": null, "sidewalk": null, "maxspeed": null, "lanes:forward": null, "lanes:both_ways": null, "lanes:backward": null, "cycleway": null, "change:both_ways": null, "alt_name": null, "access": null, "lane_markings": null, "oneway": null, "tiger:upload_uuid": null, "tiger:tlid": null, "tiger:source": null, "tiger:separated": null, "service": null, "source:hgv:national_network": null, "ref": null, "old_ref": null, "hgv:national_network": null, "hgv": null, "NHS": null, "surface": null, "lanes": null, "tiger:reviewed": null, "tiger:name_type": null, "tiger:name_base": null, "tiger:county": null, "tiger:cfcc": null, "name": "12th Avenue" }, "geometry": { "type": "LineString", "coordinates": [ [ -123.921627, 46.0015197 ], [ -123.9226502, 46.0015253 ] ] } },
{ "type": "Feature", "properties": { "full_id": "w5316498", "osm_id": "5316498", "osm_type": "way", "highway": "residential", "tidal": null, "flood_prone": null, "beach:name": null, "turn:lanes": null, "placement": null, "change:lanes": null, "destination:ref:lanes:forward": null, "turn:backward": null, "turn:forward": null, "placement:both_ways": null, "destination:symbol:forward": null, "destination:ref:lanes:backward": null, "destination:lanes:backward": null, "destination:ref:backward": null, "destination:backward": null, "turn:lanes:backward": null, "placement:forward": null, "cycleway:left": null, "change:lanes:backward": null, "turn:lanes:forward": null, "destination:symbol:lanes:forward": null, "destination:lanes:forward": null, "check_date:surface": null, "crossing": null, "change:lanes:forward": null, "dog": null, "psv": null, "emergency": null, "tactile_paving": null, "step_count": null, "ramp": null, "incline": null, "handrail": null, "footway": null, "segregated": null, "railway": null, "noname": null, "vehicle": null, "tunnel": null, "maxheight": null, "tracktype": null, "horse": null, "junction": null, "destination:symbol:backward": null, "covered": null, "tiger:name_type_3": null, "tiger:name_direction_prefix_3": null, "tiger:name_base_3": null, "tiger:name_base_2": null, "bridge:name": null, "layer": null, "bridge": null, "tiger:name_direction_prefix_1": null, "cycleway:right": null, "postal_code": null, "sidewalk:both:surface": null, "cycleway:both": null, "smoothness": null, "motor_vehicle": null, "lit": null, "foot": null, "bicycle": null, "tiger:name_type_1": null, "tiger:name_base_1": null, "tiger:name_direction_prefix": null, "overtaking": null, "change:forward": null, "change:backward": null, "turn:both_ways": null, "sidewalk": null, "maxspeed": null, "lanes:forward": null, "lanes:both_ways": null, "lanes:backward": null, "cycleway": null, "change:both_ways": null, "alt_name": null, "access": null, "lane_markings": null, "oneway": null, "tiger:upload_uuid": null, "tiger:tlid": null, "tiger:source": null, "tiger:separated": null, "service": null, "source:hgv:national_network": null, "ref": null, "old_ref": null, "hgv:national_network": null, "hgv": null, "NHS": null, "surface": null, "lanes": null, "tiger:reviewed": "no", "tiger:name_type": "Dr", "tiger:name_base": "Skyline", "tiger:county": "Clatsop, OR", "tiger:cfcc": "A41", "name": "Skyline Drive" }, "geometry": { "type": "LineString", "coordinates": [ [ -123.9081449, 45.9969699 ], [ -123.9078638, 45.9966326 ], [ -123.9077927, 45.9965856 ], [ -123.9077077, 45.9965567 ], [ -123.9075882, 45.9965404 ], [ -123.9074336, 45.9965308 ], [ -123.9072576, 45.9965425 ], [ -123.907156, 45.9965355 ], [ -123.9070624, 45.9965008 ], [ -123.9069804, 45.9964375 ], [ -123.906927, 45.9963732 ], [ -123.9068603, 45.9962929 ], [ -123.9067774, 45.9962267 ], [ -123.9066623, 45.9961704 ], [ -123.9065306, 45.9961113 ], [ -123.9064019, 45.9960789 ], [ -123.9062939, 45.9960647 ], [ -123.9061314, 45.9960647 ], [ -123.9060246, 45.9960755 ], [ -123.9058878, 45.996099 ], [ -123.9058197, 45.9961007 ], [ -123.905743, 45.996098 ], [ -123.9056625, 45.9960861 ], [ -123.9055775, 45.9960493 ], [ -123.9052074, 45.9958295 ], [ -123.9051764, 45.995787 ], [ -123.9051539, 45.9957387 ], [ -123.9051497, 45.9956823 ], [ -123.9051763, 45.9956284 ], [ -123.9052593, 45.9955481 ], [ -123.9053136, 45.995491 ], [ -123.9053578, 45.9954334 ], [ -123.9053798, 45.9953558 ], [ -123.9053851, 45.9952747 ], [ -123.905392, 45.9952069 ], [ -123.905421, 45.995155 ], [ -123.905553, 45.9950288 ], [ -123.9056309, 45.9949924 ], [ -123.905728, 45.9949652 ], [ -123.9058369, 45.9949534 ], [ -123.9059505, 45.9949618 ], [ -123.9060588, 45.9949924 ], [ -123.9061672, 45.9950538 ], [ -123.9062292, 45.9951271 ], [ -123.9062554, 45.9951855 ], [ -123.9062839, 45.9952518 ], [ -123.9063423, 45.9953084 ], [ -123.906433, 45.9953717 ], [ -123.9065219, 45.9954405 ], [ -123.9065723, 45.9954985 ], [ -123.906586, 45.9955717 ], [ -123.906578, 45.995633 ], [ -123.9064019, 45.9960789 ] ] } },
{ "type": "Feature", "properties": { "full_id": "w551574243", "osm_id": "551574243", "osm_type": "way", "highway": "secondary", "tidal": null, "flood_prone": null, "beach:name": null, "turn:lanes": null, "placement": null, "change:lanes": null, "destination:ref:lanes:forward": null, "turn:backward": null, "turn:forward": null, "placement:both_ways": null, "destination:symbol:forward": null, "destination:ref:lanes:backward": null, "destination:lanes:backward": null, "destination:ref:backward": null, "destination:backward": null, "turn:lanes:backward": null, "placement:forward": null, "cycleway:left": null, "change:lanes:backward": null, "turn:lanes:forward": null, "destination:symbol:lanes:forward": null, "destination:lanes:forward": null, "check_date:surface": null, "crossing": null, "change:lanes:forward": null, "dog": null, "psv": null, "emergency": null, "tactile_paving": null, "step_count": null, "ramp": null, "incline": null, "handrail": null, "footway": null, "segregated": null, "railway": null, "noname": null, "vehicle": null, "tunnel": null, "maxheight": null, "tracktype": null, "horse": null, "junction": null, "destination:symbol:backward": null, "covered": null, "tiger:name_type_3": null, "tiger:name_direction_prefix_3": null, "tiger:name_base_3": null, "tiger:name_base_2": null, "bridge:name": null, "layer": null, "bridge": null, "tiger:name_direction_prefix_1": null, "cycleway:right": null, "postal_code": null, "sidewalk:both:surface": null, "cycleway:both": null, "smoothness": null, "motor_vehicle": null, "lit": null, "foot": null, "bicycle": null, "tiger:name_type_1": null, "tiger:name_base_1": null, "tiger:name_direction_prefix": null, "overtaking": null, "change:forward": null, "change:backward": null, "turn:both_ways": null, "sidewalk": null, "maxspeed": null, "lanes:forward": null, "lanes:both_ways": null, "lanes:backward": null, "cycleway": null, "change:both_ways": null, "alt_name": null, "access": null, "lane_markings": null, "oneway": null, "tiger:upload_uuid": null, "tiger:tlid": null, "tiger:source": null, "tiger:separated": null, "service": null, "source:hgv:national_network": null, "ref": null, "old_ref": null, "hgv:national_network": null, "hgv": null, "NHS": null, "surface": null, "lanes": null, "tiger:reviewed": "no", "tiger:name_type": null, "tiger:name_base": null, "tiger:county": null, "tiger:cfcc": null, "name": "North Columbia Street" }, "geometry": { "type": "LineString", "coordinates": [ [ -123.9277583, 45.9931828 ], [ -123.9277578, 45.9932313 ], [ -123.9277569, 45.9938067 ], [ -123.9277441, 45.9944338 ] ] } },
{ "type": "Feature", "properties": { "full_id": "w66646829", "osm_id": "66646829", "osm_type": "way", "highway": "secondary", "tidal": null, "flood_prone": null, "beach:name": null, "turn:lanes": null, "placement": null, "change:lanes": null, "destination:ref:lanes:forward": null, "turn:backward": null, "turn:forward": null, "placement:both_ways": null, "destination:symbol:forward": null, "destination:ref:lanes:backward": null, "destination:lanes:backward": null, "destination:ref:backward": null, "destination:backward": null, "turn:lanes:backward": null, "placement:forward": null, "cycleway:left": null, "change:lanes:backward": null, "turn:lanes:forward": null, "destination:symbol:lanes:forward": null, "destination:lanes:forward": null, "check_date:surface": null, "crossing": null, "change:lanes:forward": null, "dog": null, "psv": null, "emergency": null, "tactile_paving": null, "step_count": null, "ramp": null, "incline": null, "handrail": null, "footway": null, "segregated": null, "railway": null, "noname": null, "vehicle": null, "tunnel": null, "maxheight": null, "tracktype": null, "horse": null, "junction": null, "destination:symbol:backward": null, "covered": null, "tiger:name_type_3": null, "tiger:name_direction_prefix_3": null, "tiger:name_base_3": null, "tiger:name_base_2": null, "bridge:name": null, "layer": null, "bridge": null, "tiger:name_direction_prefix_1": null, "cycleway:right": null, "postal_code": null, "sidewalk:both:surface": null, "cycleway:both": "no", "smoothness": null, "motor_vehicle": null, "lit": null, "foot": null, "bicycle": null, "tiger:name_type_1": null, "tiger:name_base_1": null, "tiger:name_direction_prefix": null, "overtaking": null, "change:forward": null, "change:backward": null, "turn:both_ways": null, "sidewalk": null, "maxspeed": null, "lanes:forward": null, "lanes:both_ways": null, "lanes:backward": null, "cycleway": null, "change:both_ways": null, "alt_name": null, "access": null, "lane_markings": null, "oneway": null, "tiger:upload_uuid": null, "tiger:tlid": null, "tiger:source": null, "tiger:separated": null, "service": null, "source:hgv:national_network": null, "ref": null, "old_ref": null, "hgv:national_network": null, "hgv": null, "NHS": null, "surface": "asphalt", "lanes": "2", "tiger:reviewed": "no", "tiger:name_type": "Ave", "tiger:name_base": "1st", "tiger:county": "Clatsop, OR", "tiger:cfcc": "A41", "name": "1st Avenue" }, "geometry": { "type": "LineString", "coordinates": [ [ -123.9237967, 45.9945507 ], [ -123.9234932, 45.9945627 ], [ -123.9233112, 45.9945695 ], [ -123.9231215, 45.9945629 ], [ -123.922993, 45.994535 ], [ -123.9228617, 45.994483 ] ] } },
{ "type": "Feature", "properties": { "full_id": "w246109321", "osm_id": "246109321", "osm_type": "way", "highway": "service", "tidal": null, "flood_prone": null, "beach:name": null, "turn:lanes": null, "placement": null, "change:lanes": null, "destination:ref:lanes:forward": null, "turn:backward": null, "turn:forward": null, "placement:both_ways": null, "destination:symbol:forward": null, "destination:ref:lanes:backward": null, "destination:lanes:backward": null, "destination:ref:backward": null, "destination:backward": null, "turn:lanes:backward": null, "placement:forward": null, "cycleway:left": null, "change:lanes:backward": null, "turn:lanes:forward": null, "destination:symbol:lanes:forward": null, "destination:lanes:forward": null, "check_date:surface": null, "crossing": null, "change:lanes:forward": null, "dog": null, "psv": null, "emergency": null, "tactile_paving": null, "step_count": null, "ramp": null, "incline": null, "handrail": null, "footway": null, "segregated": null, "railway": null, "noname": null, "vehicle": null, "tunnel": null, "maxheight": null, "tracktype": null, "horse": null, "junction": null, "destination:symbol:backward": null, "covered": null, "tiger:name_type_3": null, "tiger:name_direction_prefix_3": null, "tiger:name_base_3": null, "tiger:name_base_2": null, "bridge:name": null, "layer": null, "bridge": null, "tiger:name_direction_prefix_1": null, "cycleway:right": null, "postal_code": null, "sidewalk:both:surface": null, "cycleway:both": null, "smoothness": null, "motor_vehicle": null, "lit": null, "foot": null, "bicycle": null, "tiger:name_type_1": null, "tiger:name_base_1": null, "tiger:name_direction_prefix": null, "overtaking": null, "change:forward": null, "change:backward": null, "turn:both_ways": null, "sidewalk": null, "maxspeed": null, "lanes:forward": null, "lanes:both_ways": null, "lanes:backward": null, "cycleway": null, "change:both_ways": null, "alt_name": null, "access": null, "lane_markings": null, "oneway": null, "tiger:upload_uuid": null, "tiger:tlid": null, "tiger:source": null, "tiger:separated": null, "service": "driveway", "source:hgv:national_network": null, "ref": null, "old_ref": null, "hgv:national_network": null, "hgv": null, "NHS": null, "surface": null, "lanes": null, "tiger:reviewed": null, "tiger:name_type": null, "tiger:name_base": null, "tiger:county": null, "tiger:cfcc": null, "name": null }, "geometry": { "type": "LineString", "coordinates": [ [ -123.91516, 45.9849194 ], [ -123.9140764, 45.9849083 ], [ -123.9140123, 45.9849363 ], [ -123.9140066, 45.9849978 ], [ -123.9140227, 45.9852102 ] ] } },
{ "type": "Feature", "properties": { "full_id": "w5318523", "osm_id": "5318523", "osm_type": "way", "highway": "residential", "tidal": null, "flood_prone": null, "beach:name": null, "turn:lanes": null, "placement": null, "change:lanes": null, "destination:ref:lanes:forward": null, "turn:backward": null, "turn:forward": null, "placement:both_ways": null, "destination:symbol:forward": null, "destination:ref:lanes:backward": null, "destination:lanes:backward": null, "destination:ref:backward": null, "destination:backward": null, "turn:lanes:backward": null, "placement:forward": null, "cycleway:left": null, "change:lanes:backward": null, "turn:lanes:forward": null, "destination:symbol:lanes:forward": null, "destination:lanes:forward": null, "check_date:surface": null, "crossing": null, "change:lanes:forward": null, "dog": null, "psv": null, "emergency": null, "tactile_paving": null, "step_count": null, "ramp": null, "incline": null, "handrail": null, "footway": null, "segregated": null, "railway": null, "noname": null, "vehicle": null, "tunnel": null, "maxheight": null, "tracktype": null, "horse": null, "junction": null, "destination:symbol:backward": null, "covered": null, "tiger:name_type_3": null, "tiger:name_direction_prefix_3": null, "tiger:name_base_3": null, "tiger:name_base_2": null, "bridge:name": null, "layer": null, "bridge": null, "tiger:name_direction_prefix_1": null, "cycleway:right": null, "postal_code": null, "sidewalk:both:surface": null, "cycleway:both": null, "smoothness": null, "motor_vehicle": null, "lit": null, "foot": null, "bicycle": null, "tiger:name_type_1": null, "tiger:name_base_1": null, "tiger:name_direction_prefix": null, "overtaking": null, "change:forward": null, "change:backward": null, "turn:both_ways": null, "sidewalk": null, "maxspeed": null, "lanes:forward": null, "lanes:both_ways": null, "lanes:backward": null, "cycleway": null, "change:both_ways": null, "alt_name": null, "access": null, "lane_markings": null, "oneway": null, "tiger:upload_uuid": null, "tiger:tlid": null, "tiger:source": null, "tiger:separated": null, "service": null, "source:hgv:national_network": null, "ref": null, "old_ref": null, "hgv:national_network": null, "hgv": null, "NHS": null, "surface": "asphalt", "lanes": null, "tiger:reviewed": "no", "tiger:name_type": "Dr", "tiger:name_base": "Beach", "tiger:county": "Clatsop, OR", "tiger:cfcc": "A41", "name": "Beach Drive" }, "geometry": { "type": "LineString", "coordinates": [ [ -123.9353315, 45.9767447 ], [ -123.935311, 45.976789 ], [ -123.9349781, 45.9772917 ], [ -123.9343758, 45.9780169 ], [ -123.9343142, 45.9781754 ], [ -123.9342062, 45.97832 ], [ -123.9339132, 45.9787268 ], [ -123.9337705, 45.9789266 ], [ -123.9336246, 45.97914 ], [ -123.9335982, 45.9793035 ], [ -123.9333957, 45.9799212 ] ] } },
{ "type": "Feature", "properties": { "full_id": "w647743345", "osm_id": "647743345", "osm_type": "way", "highway": "residential", "tidal": null, "flood_prone": null, "beach:name": null, "turn:lanes": null, "placement": null, "change:lanes": null, "destination:ref:lanes:forward": null, "turn:backward": null, "turn:forward": null, "placement:both_ways": null, "destination:symbol:forward": null, "destination:ref:lanes:backward": null, "destination:lanes:backward": null, "destination:ref:backward": null, "destination:backward": null, "turn:lanes:backward": null, "placement:forward": null, "cycleway:left": null, "change:lanes:backward": null, "turn:lanes:forward": null, "destination:symbol:lanes:forward": null, "destination:lanes:forward": null, "check_date:surface": null, "crossing": null, "change:lanes:forward": null, "dog": null, "psv": null, "emergency": null, "tactile_paving": null, "step_count": null, "ramp": null, "incline": null, "handrail": null, "footway": null, "segregated": null, "railway": null, "noname": null, "vehicle": null, "tunnel": null, "maxheight": null, "tracktype": null, "horse": null, "junction": null, "destination:symbol:backward": null, "covered": null, "tiger:name_type_3": null, "tiger:name_direction_prefix_3": null, "tiger:name_base_3": null, "tiger:name_base_2": null, "bridge:name": null, "layer": null, "bridge": null, "tiger:name_direction_prefix_1": null, "cycleway:right": null, "postal_code": null, "sidewalk:both:surface": null, "cycleway:both": null, "smoothness": null, "motor_vehicle": null, "lit": null, "foot": null, "bicycle": null, "tiger:name_type_1": null, "tiger:name_base_1": null, "tiger:name_direction_prefix": null, "overtaking": null, "change:forward": null, "change:backward": null, "turn:both_ways": null, "sidewalk": null, "maxspeed": null, "lanes:forward": null, "lanes:both_ways": null, "lanes:backward": null, "cycleway": null, "change:both_ways": null, "alt_name": null, "access": null, "lane_markings": null, "oneway": null, "tiger:upload_uuid": null, "tiger:tlid": null, "tiger:source": null, "tiger:separated": null, "service": null, "source:hgv:national_network": null, "ref": null, "old_ref": null, "hgv:national_network": null, "hgv": null, "NHS": null, "surface": "asphalt", "lanes": null, "tiger:reviewed": null, "tiger:name_type": null, "tiger:name_base": null, "tiger:county": null, "tiger:cfcc": null, "name": "12th Avenue" }, "geometry": { "type": "LineString", "coordinates": [ [ -123.9228214, 46.0015253 ], [ -123.9233103, 46.0015265 ], [ -123.9233933, 46.0015266 ], [ -123.9250811, 46.0015286 ] ] } },
{ "type": "Feature", "properties": { "full_id": "w931608765", "osm_id": "931608765", "osm_type": "way", "highway": "footway", "tidal": null, "flood_prone": null, "beach:name": null, "turn:lanes": null, "placement": null, "change:lanes": null, "destination:ref:lanes:forward": null, "turn:backward": null, "turn:forward": null, "placement:both_ways": null, "destination:symbol:forward": null, "destination:ref:lanes:backward": null, "destination:lanes:backward": null, "destination:ref:backward": null, "destination:backward": null, "turn:lanes:backward": null, "placement:forward": null, "cycleway:left": null, "change:lanes:backward": null, "turn:lanes:forward": null, "destination:symbol:lanes:forward": null, "destination:lanes:forward": null, "check_date:surface": null, "crossing": null, "change:lanes:forward": null, "dog": null, "psv": null, "emergency": null, "tactile_paving": null, "step_count": null, "ramp": null, "incline": null, "handrail": null, "footway": "sidewalk", "segregated": null, "railway": null, "noname": null, "vehicle": null, "tunnel": null, "maxheight": null, "tracktype": null, "horse": null, "junction": null, "destination:symbol:backward": null, "covered": null, "tiger:name_type_3": null, "tiger:name_direction_prefix_3": null, "tiger:name_base_3": null, "tiger:name_base_2": null, "bridge:name": null, "layer": null, "bridge": null, "tiger:name_direction_prefix_1": null, "cycleway:right": null, "postal_code": null, "sidewalk:both:surface": null, "cycleway:both": null, "smoothness": null, "motor_vehicle": null, "lit": null, "foot": null, "bicycle": null, "tiger:name_type_1": null, "tiger:name_base_1": null, "tiger:name_direction_prefix": null, "overtaking": null, "change:forward": null, "change:backward": null, "turn:both_ways": null, "sidewalk": null, "maxspeed": null, "lanes:forward": null, "lanes:both_ways": null, "lanes:backward": null, "cycleway": null, "change:both_ways": null, "alt_name": null, "access": null, "lane_markings": null, "oneway": null, "tiger:upload_uuid": null, "tiger:tlid": null, "tiger:source": null, "tiger:separated": null, "service": null, "source:hgv:national_network": null, "ref": null, "old_ref": null, "hgv:national_network": null, "hgv": null, "NHS": null, "surface": null, "lanes": null, "tiger:reviewed": null, "tiger:name_type": null, "tiger:name_base": null, "tiger:county": null, "tiger:cfcc": null, "name": null }, "geometry": { "type": "LineString", "coordinates": [ [ -123.9262049, 45.9894885 ], [ -123.9269894, 45.9895975 ] ] } },
{ "type": "Feature", "properties": { "full_id": "w931608779", "osm_id": "931608779", "osm_type": "way", "highway": "footway", "tidal": null, "flood_prone": null, "beach:name": null, "turn:lanes": null, "placement": null, "change:lanes": null, "destination:ref:lanes:forward": null, "turn:backward": null, "turn:forward": null, "placement:both_ways": null, "destination:symbol:forward": null, "destination:ref:lanes:backward": null, "destination:lanes:backward": null, "destination:ref:backward": null, "destination:backward": null, "turn:lanes:backward": null, "placement:forward": null, "cycleway:left": null, "change:lanes:backward": null, "turn:lanes:forward": null, "destination:symbol:lanes:forward": null, "destination:lanes:forward": null, "check_date:surface": null, "crossing": null, "change:lanes:forward": null, "dog": null, "psv": null, "emergency": null, "tactile_paving": null, "step_count": null, "ramp": null, "incline": null, "handrail": null, "footway": "sidewalk", "segregated": null, "railway": null, "noname": null, "vehicle": null, "tunnel": null, "maxheight": null, "tracktype": null, "horse": null, "junction": null, "destination:symbol:backward": null, "covered": null, "tiger:name_type_3": null, "tiger:name_direction_prefix_3": null, "tiger:name_base_3": null, "tiger:name_base_2": null, "bridge:name": null, "layer": null, "bridge": null, "tiger:name_direction_prefix_1": null, "cycleway:right": null, "postal_code": null, "sidewalk:both:surface": null, "cycleway:both": null, "smoothness": null, "motor_vehicle": null, "lit": null, "foot": null, "bicycle": null, "tiger:name_type_1": null, "tiger:name_base_1": null, "tiger:name_direction_prefix": null, "overtaking": null, "change:forward": null, "change:backward": null, "turn:both_ways": null, "sidewalk": null, "maxspeed": null, "lanes:forward": null, "lanes:both_ways": null, "lanes:backward": null, "cycleway": null, "change:both_ways": null, "alt_name": null, "access": null, "lane_markings": null, "oneway": null, "tiger:upload_uuid": null, "tiger:tlid": null, "tiger:source": null, "tiger:separated": null, "service": null, "source:hgv:national_network": null, "ref": null, "old_ref": null, "hgv:national_network": null, "hgv": null, "NHS": null, "surface": null, "lanes": null, "tiger:reviewed": null, "tiger:name_type": null, "tiger:name_base": null, "tiger:county": null, "tiger:cfcc": null, "name": null }, "geometry": { "type": "LineString", "coordinates": [ [ -123.9256323, 45.9915803 ], [ -123.9264168, 45.9916837 ] ] } },
{ "type": "Feature", "properties": { "full_id": "w931608673", "osm_id": "931608673", "osm_type": "way", "highway": "footway", "tidal": null, "flood_prone": null, "beach:name": null, "turn:lanes": null, "placement": null, "change:lanes": null, "destination:ref:lanes:forward": null, "turn:backward": null, "turn:forward": null, "placement:both_ways": null, "destination:symbol:forward": null, "destination:ref:lanes:backward": null, "destination:lanes:backward": null, "destination:ref:backward": null, "destination:backward": null, "turn:lanes:backward": null, "placement:forward": null, "cycleway:left": null, "change:lanes:backward": null, "turn:lanes:forward": null, "destination:symbol:lanes:forward": null, "destination:lanes:forward": null, "check_date:surface": null, "crossing": null, "change:lanes:forward": null, "dog": null, "psv": null, "emergency": null, "tactile_paving": null, "step_count": null, "ramp": null, "incline": null, "handrail": null, "footway": "sidewalk", "segregated": null, "railway": null, "noname": null, "vehicle": null, "tunnel": null, "maxheight": null, "tracktype": null, "horse": null, "junction": null, "destination:symbol:backward": null, "covered": null, "tiger:name_type_3": null, "tiger:name_direction_prefix_3": null, "tiger:name_base_3": null, "tiger:name_base_2": null, "bridge:name": null, "layer": null, "bridge": null, "tiger:name_direction_prefix_1": null, "cycleway:right": null, "postal_code": null, "sidewalk:both:surface": null, "cycleway:both": null, "smoothness": null, "motor_vehicle": null, "lit": null, "foot": null, "bicycle": null, "tiger:name_type_1": null, "tiger:name_base_1": null, "tiger:name_direction_prefix": null, "overtaking": null, "change:forward": null, "change:backward": null, "turn:both_ways": null, "sidewalk": null, "maxspeed": null, "lanes:forward": null, "lanes:both_ways": null, "lanes:backward": null, "cycleway": null, "change:both_ways": null, "alt_name": null, "access": null, "lane_markings": null, "oneway": null, "tiger:upload_uuid": null, "tiger:tlid": null, "tiger:source": null, "tiger:separated": null, "service": null, "source:hgv:national_network": null, "ref": null, "old_ref": null, "hgv:national_network": null, "hgv": null, "NHS": null, "surface": null, "lanes": null, "tiger:reviewed": null, "tiger:name_type": null, "tiger:name_base": null, "tiger:county": null, "tiger:cfcc": null, "name": null }, "geometry": { "type": "LineString", "coordinates": [ [ -123.9290098, 45.9897484 ], [ -123.9293096, 45.9886564 ] ] } },
{ "type": "Feature", "properties": { "full_id": "w832995798", "osm_id": "832995798", "osm_type": "way", "highway": "tertiary", "tidal": null, "flood_prone": null, "beach:name": null, "turn:lanes": null, "placement": null, "change:lanes": null, "destination:ref:lanes:forward": null, "turn:backward": null, "turn:forward": null, "placement:both_ways": null, "destination:symbol:forward": null, "destination:ref:lanes:backward": null, "destination:lanes:backward": null, "destination:ref:backward": null, "destination:backward": null, "turn:lanes:backward": null, "placement:forward": null, "cycleway:left": null, "change:lanes:backward": null, "turn:lanes:forward": null, "destination:symbol:lanes:forward": null, "destination:lanes:forward": null, "check_date:surface": null, "crossing": null, "change:lanes:forward": null, "dog": null, "psv": null, "emergency": null, "tactile_paving": null, "step_count": null, "ramp": null, "incline": null, "handrail": null, "footway": null, "segregated": null, "railway": null, "noname": null, "vehicle": null, "tunnel": null, "maxheight": null, "tracktype": null, "horse": null, "junction": null, "destination:symbol:backward": null, "covered": null, "tiger:name_type_3": null, "tiger:name_direction_prefix_3": null, "tiger:name_base_3": null, "tiger:name_base_2": null, "bridge:name": null, "layer": null, "bridge": null, "tiger:name_direction_prefix_1": null, "cycleway:right": null, "postal_code": null, "sidewalk:both:surface": null, "cycleway:both": null, "smoothness": null, "motor_vehicle": null, "lit": null, "foot": null, "bicycle": null, "tiger:name_type_1": null, "tiger:name_base_1": null, "tiger:name_direction_prefix": "N", "overtaking": null, "change:forward": null, "change:backward": null, "turn:both_ways": null, "sidewalk": null, "maxspeed": "25 mph", "lanes:forward": null, "lanes:both_ways": null, "lanes:backward": null, "cycleway": null, "change:both_ways": null, "alt_name": null, "access": null, "lane_markings": null, "oneway": null, "tiger:upload_uuid": null, "tiger:tlid": null, "tiger:source": null, "tiger:separated": null, "service": null, "source:hgv:national_network": null, "ref": null, "old_ref": null, "hgv:national_network": null, "hgv": null, "NHS": null, "surface": null, "lanes": null, "tiger:reviewed": "no", "tiger:name_type": "Dr", "tiger:name_base": "Holladay", "tiger:county": "Clatsop, OR", "tiger:cfcc": "A41", "name": "North Holladay Drive" }, "geometry": { "type": "LineString", "coordinates": [ [ -123.9228617, 45.994483 ], [ -123.9227937, 45.9948114 ], [ -123.922718, 45.99513 ], [ -123.922669, 45.995326 ], [ -123.9226032, 45.995504 ], [ -123.9224859, 45.9958214 ], [ -123.9222757, 45.9964133 ], [ -123.922243, 45.996506 ], [ -123.9221074, 45.996868 ], [ -123.921899, 45.997453 ], [ -123.9216747, 45.998028 ], [ -123.9214039, 45.9987509 ], [ -123.9212396, 45.9991788 ], [ -123.9211706, 45.9993587 ], [ -123.921109, 45.999519 ], [ -123.9208035, 46.0001118 ], [ -123.9207576, 46.0002009 ], [ -123.920754, 46.0002444 ], [ -123.9207473, 46.0003713 ], [ -123.920708, 46.000887 ], [ -123.9206989, 46.001044 ], [ -123.9206687, 46.0015279 ] ] } },
{ "type": "Feature", "properties": { "full_id": "w5317888", "osm_id": "5317888", "osm_type": "way", "highway": "tertiary", "tidal": null, "flood_prone": null, "beach:name": null, "turn:lanes": null, "placement": null, "change:lanes": null, "destination:ref:lanes:forward": null, "turn:backward": null, "turn:forward": null, "placement:both_ways": null, "destination:symbol:forward": null, "destination:ref:lanes:backward": null, "destination:lanes:backward": null, "destination:ref:backward": null, "destination:backward": null, "turn:lanes:backward": null, "placement:forward": null, "cycleway:left": null, "change:lanes:backward": null, "turn:lanes:forward": null, "destination:symbol:lanes:forward": null, "destination:lanes:forward": null, "check_date:surface": null, "crossing": null, "change:lanes:forward": null, "dog": null, "psv": null, "emergency": null, "tactile_paving": null, "step_count": null, "ramp": null, "incline": null, "handrail": null, "footway": null, "segregated": null, "railway": null, "noname": null, "vehicle": null, "tunnel": null, "maxheight": null, "tracktype": null, "horse": null, "junction": null, "destination:symbol:backward": null, "covered": null, "tiger:name_type_3": null, "tiger:name_direction_prefix_3": null, "tiger:name_base_3": null, "tiger:name_base_2": null, "bridge:name": null, "layer": null, "bridge": null, "tiger:name_direction_prefix_1": null, "cycleway:right": null, "postal_code": null, "sidewalk:both:surface": null, "cycleway:both": null, "smoothness": null, "motor_vehicle": null, "lit": null, "foot": null, "bicycle": null, "tiger:name_type_1": null, "tiger:name_base_1": null, "tiger:name_direction_prefix": null, "overtaking": null, "change:forward": null, "change:backward": null, "turn:both_ways": null, "sidewalk": null, "maxspeed": null, "lanes:forward": null, "lanes:both_ways": null, "lanes:backward": null, "cycleway": null, "change:both_ways": null, "alt_name": null, "access": null, "lane_markings": null, "oneway": null, "tiger:upload_uuid": null, "tiger:tlid": null, "tiger:source": null, "tiger:separated": null, "service": null, "source:hgv:national_network": null, "ref": null, "old_ref": null, "hgv:national_network": null, "hgv": null, "NHS": null, "surface": null, "lanes": null, "tiger:reviewed": "no", "tiger:name_type": "St", "tiger:name_base": "Broadway", "tiger:county": "Clatsop, OR", "tiger:cfcc": "A41", "name": "Broadway Street" }, "geometry": { "type": "LineString", "coordinates": [ [ -123.90928, 45.9912636 ], [ -123.9102054, 45.9913907 ], [ -123.9103512, 45.9914187 ], [ -123.9104454, 45.9914551 ], [ -123.9105183, 45.9914962 ], [ -123.9105969, 45.9915779 ], [ -123.9106419, 45.9916698 ], [ -123.9106375, 45.9917709 ], [ -123.9105891, 45.9919319 ], [ -123.910539, 45.992116 ], [ -123.9105311, 45.9922078 ], [ -123.9105383, 45.9922965 ], [ -123.9105771, 45.9924041 ], [ -123.9106413, 45.9925184 ], [ -123.9107334, 45.9926418 ], [ -123.9108691, 45.9928163 ], [ -123.910974, 45.9929421 ], [ -123.911077, 45.9930304 ], [ -123.9112041, 45.9931055 ], [ -123.9113578, 45.9931642 ], [ -123.9114772, 45.993198 ], [ -123.9116337, 45.9932186 ], [ -123.9118056, 45.9932204 ], [ -123.912137, 45.993202 ], [ -123.9125368, 45.9931778 ] ] } },
{ "type": "Feature", "properties": { "full_id": "w158904827", "osm_id": "158904827", "osm_type": "way", "highway": "residential", "tidal": null, "flood_prone": null, "beach:name": null, "turn:lanes": null, "placement": null, "change:lanes": null, "destination:ref:lanes:forward": null, "turn:backward": null, "turn:forward": null, "placement:both_ways": null, "destination:symbol:forward": null, "destination:ref:lanes:backward": null, "destination:lanes:backward": null, "destination:ref:backward": null, "destination:backward": null, "turn:lanes:backward": null, "placement:forward": null, "cycleway:left": null, "change:lanes:backward": null, "turn:lanes:forward": null, "destination:symbol:lanes:forward": null, "destination:lanes:forward": null, "check_date:surface": null, "crossing": null, "change:lanes:forward": null, "dog": null, "psv": null, "emergency": null, "tactile_paving": null, "step_count": null, "ramp": null, "incline": null, "handrail": null, "footway": null, "segregated": null, "railway": null, "noname": null, "vehicle": null, "tunnel": null, "maxheight": null, "tracktype": null, "horse": null, "junction": null, "destination:symbol:backward": null, "covered": null, "tiger:name_type_3": null, "tiger:name_direction_prefix_3": null, "tiger:name_base_3": null, "tiger:name_base_2": null, "bridge:name": null, "layer": null, "bridge": null, "tiger:name_direction_prefix_1": null, "cycleway:right": null, "postal_code": null, "sidewalk:both:surface": null, "cycleway:both": null, "smoothness": null, "motor_vehicle": null, "lit": null, "foot": null, "bicycle": null, "tiger:name_type_1": null, "tiger:name_base_1": null, "tiger:name_direction_prefix": null, "overtaking": null, "change:forward": null, "change:backward": null, "turn:both_ways": null, "sidewalk": null, "maxspeed": null, "lanes:forward": null, "lanes:both_ways": null, "lanes:backward": null, "cycleway": null, "change:both_ways": null, "alt_name": null, "access": null, "lane_markings": null, "oneway": null, "tiger:upload_uuid": null, "tiger:tlid": null, "tiger:source": null, "tiger:separated": null, "service": null, "source:hgv:national_network": null, "ref": null, "old_ref": null, "hgv:national_network": null, "hgv": null, "NHS": null, "surface": null, "lanes": null, "tiger:reviewed": null, "tiger:name_type": null, "tiger:name_base": null, "tiger:county": null, "tiger:cfcc": null, "name": "Thompson Falls Drive" }, "geometry": { "type": "LineString", "coordinates": [ [ -123.9028402, 46.0103921 ], [ -123.9028343, 46.0100597 ], [ -123.9028131, 46.0100254 ], [ -123.9027682, 46.0100095 ], [ -123.9027149, 46.0100042 ], [ -123.9024668, 46.0100071 ], [ -123.9023991, 46.0100012 ], [ -123.9023463, 46.0099893 ], [ -123.90228, 46.0099697 ], [ -123.9017289, 46.0097631 ], [ -123.9015498, 46.009696 ], [ -123.9014953, 46.0096616 ], [ -123.9014434, 46.009612 ], [ -123.9013892, 46.0095595 ], [ -123.901355, 46.0094905 ], [ -123.9013336, 46.0094237 ], [ -123.9013101, 46.0092674 ], [ -123.9013069, 46.0091137 ], [ -123.9013187, 46.0090027 ], [ -123.901397, 46.0086945 ], [ -123.9014047, 46.0086333 ], [ -123.9013904, 46.0085758 ], [ -123.9013699, 46.0085161 ], [ -123.9013355, 46.0084611 ], [ -123.9012643, 46.0083362 ], [ -123.9012443, 46.0082718 ], [ -123.901241, 46.0081955 ], [ -123.9012593, 46.0081241 ], [ -123.9012999, 46.008047 ], [ -123.9014315, 46.0078685 ], [ -123.9015208, 46.0077324 ], [ -123.9017001, 46.0073665 ], [ -123.9017029, 46.007312 ], [ -123.9016878, 46.0072533 ], [ -123.9015869, 46.0069425 ], [ -123.9015724, 46.0068824 ], [ -123.9015833, 46.0068174 ], [ -123.9016093, 46.0066249 ], [ -123.9015994, 46.0063059 ], [ -123.901579, 46.0062432 ], [ -123.901536, 46.0061904 ], [ -123.9014837, 46.0061469 ], [ -123.901422, 46.0061136 ], [ -123.9013286, 46.0060872 ], [ -123.9012305, 46.0060744 ], [ -123.90092, 46.0060415 ], [ -123.9008195, 46.0060198 ], [ -123.9007416, 46.0059847 ], [ -123.9006799, 46.005942 ], [ -123.9006308, 46.005882 ], [ -123.9005968, 46.0058209 ], [ -123.9003916, 46.0051528 ], [ -123.9003893, 46.0051113 ], [ -123.9004106, 46.005068 ], [ -123.9004338, 46.005028 ], [ -123.9004346, 46.0049907 ], [ -123.9004143, 46.0049532 ], [ -123.9003658, 46.0049207 ], [ -123.9003031, 46.0048937 ], [ -123.900234, 46.0048918 ], [ -123.8999969, 46.004901 ], [ -123.8998947, 46.0049208 ], [ -123.8998482, 46.0049569 ], [ -123.8998324, 46.0049957 ], [ -123.8998324, 46.0050704 ], [ -123.8998586, 46.0055878 ], [ -123.8998514, 46.0057434 ] ] } },
{ "type": "Feature", "properties": { "full_id": "w237758606", "osm_id": "237758606", "osm_type": "way", "highway": "tertiary", "tidal": null, "flood_prone": null, "beach:name": null, "turn:lanes": null, "placement": null, "change:lanes": null, "destination:ref:lanes:forward": null, "turn:backward": null, "turn:forward": null, "placement:both_ways": null, "destination:symbol:forward": null, "destination:ref:lanes:backward": null, "destination:lanes:backward": null, "destination:ref:backward": null, "destination:backward": null, "turn:lanes:backward": null, "placement:forward": null, "cycleway:left": null, "change:lanes:backward": null, "turn:lanes:forward": null, "destination:symbol:lanes:forward": null, "destination:lanes:forward": null, "check_date:surface": null, "crossing": null, "change:lanes:forward": null, "dog": null, "psv": null, "emergency": null, "tactile_paving": null, "step_count": null, "ramp": null, "incline": null, "handrail": null, "footway": null, "segregated": null, "railway": null, "noname": null, "vehicle": null, "tunnel": null, "maxheight": null, "tracktype": null, "horse": null, "junction": null, "destination:symbol:backward": null, "covered": null, "tiger:name_type_3": null, "tiger:name_direction_prefix_3": null, "tiger:name_base_3": null, "tiger:name_base_2": null, "bridge:name": null, "layer": null, "bridge": null, "tiger:name_direction_prefix_1": null, "cycleway:right": null, "postal_code": "97138", "sidewalk:both:surface": null, "cycleway:both": null, "smoothness": null, "motor_vehicle": null, "lit": null, "foot": null, "bicycle": null, "tiger:name_type_1": null, "tiger:name_base_1": null, "tiger:name_direction_prefix": null, "overtaking": "no", "change:forward": "no", "change:backward": "no", "turn:both_ways": null, "sidewalk": "both", "maxspeed": null, "lanes:forward": null, "lanes:both_ways": null, "lanes:backward": null, "cycleway": null, "change:both_ways": null, "alt_name": null, "access": null, "lane_markings": null, "oneway": null, "tiger:upload_uuid": null, "tiger:tlid": null, "tiger:source": null, "tiger:separated": null, "service": null, "source:hgv:national_network": null, "ref": null, "old_ref": null, "hgv:national_network": null, "hgv": null, "NHS": null, "surface": "asphalt", "lanes": "2", "tiger:reviewed": null, "tiger:name_type": null, "tiger:name_base": null, "tiger:county": null, "tiger:cfcc": null, "name": "12th Avenue" }, "geometry": { "type": "LineString", "coordinates": [ [ -123.9151357, 46.0015208 ], [ -123.9152266, 46.0015214 ], [ -123.9157806, 46.001516 ], [ -123.9158547, 46.0015152 ] ] } },
{ "type": "Feature", "properties": { "full_id": "w1119180198", "osm_id": "1119180198", "osm_type": "way", "highway": "trunk", "tidal": null, "flood_prone": null, "beach:name": null, "turn:lanes": null, "placement": null, "change:lanes": null, "destination:ref:lanes:forward": null, "turn:backward": null, "turn:forward": null, "placement:both_ways": null, "destination:symbol:forward": null, "destination:ref:lanes:backward": null, "destination:lanes:backward": null, "destination:ref:backward": null, "destination:backward": null, "turn:lanes:backward": null, "placement:forward": null, "cycleway:left": null, "change:lanes:backward": null, "turn:lanes:forward": "left|through", "destination:symbol:lanes:forward": null, "destination:lanes:forward": null, "check_date:surface": null, "crossing": null, "change:lanes:forward": "not_left|yes", "dog": null, "psv": null, "emergency": null, "tactile_paving": null, "step_count": null, "ramp": null, "incline": null, "handrail": null, "footway": null, "segregated": null, "railway": null, "noname": null, "vehicle": null, "tunnel": null, "maxheight": null, "tracktype": null, "horse": null, "junction": null, "destination:symbol:backward": null, "covered": null, "tiger:name_type_3": null, "tiger:name_direction_prefix_3": null, "tiger:name_base_3": null, "tiger:name_base_2": null, "bridge:name": null, "layer": null, "bridge": null, "tiger:name_direction_prefix_1": null, "cycleway:right": null, "postal_code": null, "sidewalk:both:surface": null, "cycleway:both": null, "smoothness": null, "motor_vehicle": null, "lit": null, "foot": null, "bicycle": null, "tiger:name_type_1": null, "tiger:name_base_1": null, "tiger:name_direction_prefix": null, "overtaking": "no", "change:forward": null, "change:backward": "no", "turn:both_ways": null, "sidewalk": "no", "maxspeed": "35 mph", "lanes:forward": "2", "lanes:both_ways": null, "lanes:backward": "1", "cycleway": "lane", "change:both_ways": null, "alt_name": "Oregon Coast Highway", "access": null, "lane_markings": null, "oneway": null, "tiger:upload_uuid": null, "tiger:tlid": null, "tiger:source": null, "tiger:separated": null, "service": null, "source:hgv:national_network": "Title 23: Highways Part 658 http://ecfr.gpoaccess.gov/cgi/t/text/text-idx?c=ecfr&rgn=div5&view=text&node=23:1.0.1.7.33&idno=23", "ref": "US 101", "old_ref": "US 26", "hgv:national_network": "yes", "hgv": "designated", "NHS": "STRAHNET", "surface": "asphalt", "lanes": "3", "tiger:reviewed": null, "tiger:name_type": null, "tiger:name_base": null, "tiger:county": null, "tiger:cfcc": null, "name": "South Roosevelt Drive" }, "geometry": { "type": "LineString", "coordinates": [ [ -123.9241799, 45.984958 ], [ -123.9239882, 45.9850905 ] ] } },
{ "type": "Feature", "properties": { "full_id": "w551574251", "osm_id": "551574251", "osm_type": "way", "highway": "secondary", "tidal": null, "flood_prone": null, "beach:name": null, "turn:lanes": null, "placement": null, "change:lanes": null, "destination:ref:lanes:forward": null, "turn:backward": null, "turn:forward": null, "placement:both_ways": null, "destination:symbol:forward": null, "destination:ref:lanes:backward": null, "destination:lanes:backward": null, "destination:ref:backward": null, "destination:backward": null, "turn:lanes:backward": null, "placement:forward": null, "cycleway:left": null, "change:lanes:backward": null, "turn:lanes:forward": null, "destination:symbol:lanes:forward": null, "destination:lanes:forward": null, "check_date:surface": null, "crossing": null, "change:lanes:forward": null, "dog": null, "psv": null, "emergency": null, "tactile_paving": null, "step_count": null, "ramp": null, "incline": null, "handrail": null, "footway": null, "segregated": null, "railway": null, "noname": null, "vehicle": null, "tunnel": null, "maxheight": null, "tracktype": null, "horse": null, "junction": null, "destination:symbol:backward": null, "covered": null, "tiger:name_type_3": null, "tiger:name_direction_prefix_3": null, "tiger:name_base_3": null, "tiger:name_base_2": null, "bridge:name": null, "layer": null, "bridge": null, "tiger:name_direction_prefix_1": null, "cycleway:right": null, "postal_code": null, "sidewalk:both:surface": null, "cycleway:both": "no", "smoothness": null, "motor_vehicle": null, "lit": null, "foot": null, "bicycle": null, "tiger:name_type_1": null, "tiger:name_base_1": null, "tiger:name_direction_prefix": null, "overtaking": null, "change:forward": null, "change:backward": null, "turn:both_ways": null, "sidewalk": null, "maxspeed": null, "lanes:forward": null, "lanes:both_ways": null, "lanes:backward": null, "cycleway": null, "change:both_ways": null, "alt_name": null, "access": null, "lane_markings": null, "oneway": null, "tiger:upload_uuid": null, "tiger:tlid": null, "tiger:source": null, "tiger:separated": null, "service": null, "source:hgv:national_network": null, "ref": null, "old_ref": null, "hgv:national_network": null, "hgv": null, "NHS": null, "surface": "asphalt", "lanes": "2", "tiger:reviewed": null, "tiger:name_type": null, "tiger:name_base": null, "tiger:county": null, "tiger:cfcc": null, "name": "Broadway Street" }, "geometry": { "type": "LineString", "coordinates": [ [ -123.9213529, 45.9930838 ], [ -123.9228289, 45.9930777 ], [ -123.9229117, 45.9930788 ], [ -123.9230558, 45.9931033 ] ] } },
{ "type": "Feature", "properties": { "full_id": "w1119180197", "osm_id": "1119180197", "osm_type": "way", "highway": "trunk", "tidal": null, "flood_prone": null, "beach:name": null, "turn:lanes": null, "placement": null, "change:lanes": null, "destination:ref:lanes:forward": null, "turn:backward": null, "turn:forward": null, "placement:both_ways": null, "destination:symbol:forward": null, "destination:ref:lanes:backward": null, "destination:lanes:backward": null, "destination:ref:backward": "US 26 East", "destination:backward": "Cannon Beach;Portland", "turn:lanes:backward": null, "placement:forward": null, "cycleway:left": null, "change:lanes:backward": null, "turn:lanes:forward": "left|through", "destination:symbol:lanes:forward": "centre|", "destination:lanes:forward": "|Astoria", "check_date:surface": null, "crossing": null, "change:lanes:forward": "no|no", "dog": null, "psv": null, "emergency": null, "tactile_paving": null, "step_count": null, "ramp": null, "incline": null, "handrail": null, "footway": null, "segregated": null, "railway": null, "noname": null, "vehicle": null, "tunnel": null, "maxheight": null, "tracktype": null, "horse": null, "junction": null, "destination:symbol:backward": null, "covered": null, "tiger:name_type_3": null, "tiger:name_direction_prefix_3": null, "tiger:name_base_3": null, "tiger:name_base_2": null, "bridge:name": null, "layer": null, "bridge": null, "tiger:name_direction_prefix_1": null, "cycleway:right": null, "postal_code": null, "sidewalk:both:surface": null, "cycleway:both": null, "smoothness": null, "motor_vehicle": null, "lit": null, "foot": null, "bicycle": null, "tiger:name_type_1": null, "tiger:name_base_1": null, "tiger:name_direction_prefix": null, "overtaking": "no", "change:forward": null, "change:backward": "no", "turn:both_ways": null, "sidewalk": null, "maxspeed": "35 mph", "lanes:forward": "2", "lanes:both_ways": null, "lanes:backward": "1", "cycleway": "lane", "change:both_ways": null, "alt_name": "Oregon Coast Highway", "access": null, "lane_markings": null, "oneway": null, "tiger:upload_uuid": null, "tiger:tlid": null, "tiger:source": null, "tiger:separated": null, "service": null, "source:hgv:national_network": "Title 23: Highways Part 658 http://ecfr.gpoaccess.gov/cgi/t/text/text-idx?c=ecfr&rgn=div5&view=text&node=23:1.0.1.7.33&idno=23", "ref": "US 101", "old_ref": "US 26", "hgv:national_network": "yes", "hgv": "designated", "NHS": "STRAHNET", "surface": "asphalt", "lanes": "3", "tiger:reviewed": null, "tiger:name_type": null, "tiger:name_base": null, "tiger:county": null, "tiger:cfcc": null, "name": "South Roosevelt Drive" }, "geometry": { "type": "LineString", "coordinates": [ [ -123.9239882, 45.9850905 ], [ -123.9237893, 45.9852176 ], [ -123.9236244, 45.9853264 ] ] } },
{ "type": "Feature", "properties": { "full_id": "w5319048", "osm_id": "5319048", "osm_type": "way", "highway": "residential", "tidal": null, "flood_prone": null, "beach:name": null, "turn:lanes": null, "placement": null, "change:lanes": null, "destination:ref:lanes:forward": null, "turn:backward": null, "turn:forward": null, "placement:both_ways": null, "destination:symbol:forward": null, "destination:ref:lanes:backward": null, "destination:lanes:backward": null, "destination:ref:backward": null, "destination:backward": null, "turn:lanes:backward": null, "placement:forward": null, "cycleway:left": null, "change:lanes:backward": null, "turn:lanes:forward": null, "destination:symbol:lanes:forward": null, "destination:lanes:forward": null, "check_date:surface": null, "crossing": null, "change:lanes:forward": null, "dog": null, "psv": null, "emergency": null, "tactile_paving": null, "step_count": null, "ramp": null, "incline": null, "handrail": null, "footway": null, "segregated": null, "railway": null, "noname": null, "vehicle": null, "tunnel": null, "maxheight": null, "tracktype": null, "horse": null, "junction": null, "destination:symbol:backward": null, "covered": null, "tiger:name_type_3": null, "tiger:name_direction_prefix_3": null, "tiger:name_base_3": null, "tiger:name_base_2": null, "bridge:name": null, "layer": null, "bridge": null, "tiger:name_direction_prefix_1": null, "cycleway:right": null, "postal_code": null, "sidewalk:both:surface": null, "cycleway:both": null, "smoothness": null, "motor_vehicle": null, "lit": null, "foot": null, "bicycle": null, "tiger:name_type_1": null, "tiger:name_base_1": null, "tiger:name_direction_prefix": "N", "overtaking": null, "change:forward": null, "change:backward": null, "turn:both_ways": null, "sidewalk": null, "maxspeed": null, "lanes:forward": null, "lanes:both_ways": null, "lanes:backward": null, "cycleway": null, "change:both_ways": null, "alt_name": null, "access": null, "lane_markings": null, "oneway": null, "tiger:upload_uuid": null, "tiger:tlid": null, "tiger:source": null, "tiger:separated": null, "service": null, "source:hgv:national_network": null, "ref": null, "old_ref": null, "hgv:national_network": null, "hgv": null, "NHS": null, "surface": null, "lanes": null, "tiger:reviewed": null, "tiger:name_type": "St", "tiger:name_base": "Downing", "tiger:county": "Clatsop, OR", "tiger:cfcc": "A41", "name": "North Downing Street" }, "geometry": { "type": "LineString", "coordinates": [ [ -123.9263619, 45.996915 ], [ -123.9263637, 45.9971465 ], [ -123.9263646, 45.9977446 ], [ -123.9263694, 45.9983745 ], [ -123.9263726, 45.9990014 ], [ -123.9263896, 45.9996358 ] ] } },
{ "type": "Feature", "properties": { "full_id": "w931608726", "osm_id": "931608726", "osm_type": "way", "highway": "footway", "tidal": null, "flood_prone": null, "beach:name": null, "turn:lanes": null, "placement": null, "change:lanes": null, "destination:ref:lanes:forward": null, "turn:backward": null, "turn:forward": null, "placement:both_ways": null, "destination:symbol:forward": null, "destination:ref:lanes:backward": null, "destination:lanes:backward": null, "destination:ref:backward": null, "destination:backward": null, "turn:lanes:backward": null, "placement:forward": null, "cycleway:left": null, "change:lanes:backward": null, "turn:lanes:forward": null, "destination:symbol:lanes:forward": null, "destination:lanes:forward": null, "check_date:surface": null, "crossing": null, "change:lanes:forward": null, "dog": null, "psv": null, "emergency": null, "tactile_paving": null, "step_count": null, "ramp": null, "incline": null, "handrail": null, "footway": "sidewalk", "segregated": null, "railway": null, "noname": null, "vehicle": null, "tunnel": null, "maxheight": null, "tracktype": null, "horse": null, "junction": null, "destination:symbol:backward": null, "covered": null, "tiger:name_type_3": null, "tiger:name_direction_prefix_3": null, "tiger:name_base_3": null, "tiger:name_base_2": null, "bridge:name": null, "layer": "-1", "bridge": null, "tiger:name_direction_prefix_1": null, "cycleway:right": null, "postal_code": null, "sidewalk:both:surface": null, "cycleway:both": null, "smoothness": null, "motor_vehicle": null, "lit": null, "foot": null, "bicycle": null, "tiger:name_type_1": null, "tiger:name_base_1": null, "tiger:name_direction_prefix": null, "overtaking": null, "change:forward": null, "change:backward": null, "turn:both_ways": null, "sidewalk": null, "maxspeed": null, "lanes:forward": null, "lanes:both_ways": null, "lanes:backward": null, "cycleway": null, "change:both_ways": null, "alt_name": null, "access": null, "lane_markings": null, "oneway": null, "tiger:upload_uuid": null, "tiger:tlid": null, "tiger:source": null, "tiger:separated": null, "service": null, "source:hgv:national_network": null, "ref": null, "old_ref": null, "hgv:national_network": null, "hgv": null, "NHS": null, "surface": null, "lanes": null, "tiger:reviewed": null, "tiger:name_type": null, "tiger:name_base": null, "tiger:county": null, "tiger:cfcc": null, "name": null }, "geometry": { "type": "LineString", "coordinates": [ [ -123.9286732, 45.9910329 ], [ -123.9283487, 45.9922199 ] ] } },
{ "type": "Feature", "properties": { "full_id": "w931608746", "osm_id": "931608746", "osm_type": "way", "highway": "footway", "tidal": null, "flood_prone": null, "beach:name": null, "turn:lanes": null, "placement": null, "change:lanes": null, "destination:ref:lanes:forward": null, "turn:backward": null, "turn:forward": null, "placement:both_ways": null, "destination:symbol:forward": null, "destination:ref:lanes:backward": null, "destination:lanes:backward": null, "destination:ref:backward": null, "destination:backward": null, "turn:lanes:backward": null, "placement:forward": null, "cycleway:left": null, "change:lanes:backward": null, "turn:lanes:forward": null, "destination:symbol:lanes:forward": null, "destination:lanes:forward": null, "check_date:surface": null, "crossing": "unmarked", "change:lanes:forward": null, "dog": null, "psv": null, "emergency": null, "tactile_paving": null, "step_count": null, "ramp": null, "incline": null, "handrail": null, "footway": "crossing", "segregated": null, "railway": null, "noname": null, "vehicle": null, "tunnel": null, "maxheight": null, "tracktype": null, "horse": null, "junction": null, "destination:symbol:backward": null, "covered": null, "tiger:name_type_3": null, "tiger:name_direction_prefix_3": null, "tiger:name_base_3": null, "tiger:name_base_2": null, "bridge:name": null, "layer": null, "bridge": null, "tiger:name_direction_prefix_1": null, "cycleway:right": null, "postal_code": null, "sidewalk:both:surface": null, "cycleway:both": null, "smoothness": null, "motor_vehicle": null, "lit": null, "foot": null, "bicycle": null, "tiger:name_type_1": null, "tiger:name_base_1": null, "tiger:name_direction_prefix": null, "overtaking": null, "change:forward": null, "change:backward": null, "turn:both_ways": null, "sidewalk": null, "maxspeed": null, "lanes:forward": null, "lanes:both_ways": null, "lanes:backward": null, "cycleway": null, "change:both_ways": null, "alt_name": null, "access": null, "lane_markings": null, "oneway": null, "tiger:upload_uuid": null, "tiger:tlid": null, "tiger:source": null, "tiger:separated": null, "service": null, "source:hgv:national_network": null, "ref": null, "old_ref": null, "hgv:national_network": null, "hgv": null, "NHS": null, "surface": null, "lanes": null, "tiger:reviewed": null, "tiger:name_type": null, "tiger:name_base": null, "tiger:county": null, "tiger:cfcc": null, "name": null }, "geometry": { "type": "LineString", "coordinates": [ [ -123.9283487, 45.9922199 ], [ -123.9282625, 45.9922208 ], [ -123.9282139, 45.9922213 ] ] } },
{ "type": "Feature", "properties": { "full_id": "w74360362", "osm_id": "74360362", "osm_type": "way", "highway": "tertiary", "tidal": null, "flood_prone": null, "beach:name": null, "turn:lanes": null, "placement": null, "change:lanes": null, "destination:ref:lanes:forward": null, "turn:backward": null, "turn:forward": null, "placement:both_ways": null, "destination:symbol:forward": null, "destination:ref:lanes:backward": null, "destination:lanes:backward": null, "destination:ref:backward": null, "destination:backward": null, "turn:lanes:backward": null, "placement:forward": null, "cycleway:left": null, "change:lanes:backward": null, "turn:lanes:forward": null, "destination:symbol:lanes:forward": null, "destination:lanes:forward": null, "check_date:surface": null, "crossing": null, "change:lanes:forward": null, "dog": null, "psv": null, "emergency": null, "tactile_paving": null, "step_count": null, "ramp": null, "incline": null, "handrail": null, "footway": null, "segregated": null, "railway": null, "noname": null, "vehicle": null, "tunnel": null, "maxheight": null, "tracktype": null, "horse": null, "junction": null, "destination:symbol:backward": null, "covered": null, "tiger:name_type_3": null, "tiger:name_direction_prefix_3": null, "tiger:name_base_3": null, "tiger:name_base_2": null, "bridge:name": null, "layer": null, "bridge": null, "tiger:name_direction_prefix_1": null, "cycleway:right": null, "postal_code": "97138", "sidewalk:both:surface": null, "cycleway:both": null, "smoothness": null, "motor_vehicle": null, "lit": null, "foot": null, "bicycle": null, "tiger:name_type_1": null, "tiger:name_base_1": null, "tiger:name_direction_prefix": null, "overtaking": null, "change:forward": null, "change:backward": null, "turn:both_ways": null, "sidewalk": null, "maxspeed": null, "lanes:forward": null, "lanes:both_ways": null, "lanes:backward": null, "cycleway": null, "change:both_ways": null, "alt_name": null, "access": null, "lane_markings": null, "oneway": null, "tiger:upload_uuid": null, "tiger:tlid": null, "tiger:source": null, "tiger:separated": null, "service": null, "source:hgv:national_network": null, "ref": null, "old_ref": null, "hgv:national_network": null, "hgv": null, "NHS": null, "surface": null, "lanes": null, "tiger:reviewed": null, "tiger:name_type": null, "tiger:name_base": null, "tiger:county": null, "tiger:cfcc": null, "name": "12th Avenue" }, "geometry": { "type": "LineString", "coordinates": [ [ -123.9226502, 46.0015253 ], [ -123.9228214, 46.0015253 ] ] } }
]
}
